This is pdfTeX, Version 3.141592653-2.6-1.40.26 (TeX Live 2024) (preloaded format=pdflatex 2024.11.10)  11 MAY 2025 22:28
entering extended mode
 restricted \write18 enabled.
 file:line:error style messages enabled.
 %&-line parsing enabled.
**NewLogRegressionSurvivalAnalysisNotes.tex
(./NewLogRegressionSurvivalAnalysisNotes.tex
LaTeX2e <2023-11-01> patch level 1
L3 programming layer <2024-02-20>
(/usr/local/texlive/2024/texmf-dist/tex/latex/base/report.cls
Document Class: report 2023/05/17 v1.4n Standard LaTeX document class
(/usr/local/texlive/2024/texmf-dist/tex/latex/base/size10.clo
File: size10.clo 2023/05/17 v1.4n Standard LaTeX file (size option)
)
\c@part=\count188
\c@chapter=\count189
\c@section=\count190
\c@subsection=\count191
\c@subsubsection=\count192
\c@paragraph=\count193
\c@subparagraph=\count194
\c@figure=\count195
\c@table=\count196
\abovecaptionskip=\skip48
\belowcaptionskip=\skip49
\bibindent=\dimen140
)
(/usr/local/texlive/2024/texmf-dist/tex/latex/base/inputenc.sty
Package: inputenc 2021/02/14 v1.3d Input encoding file
\inpenc@prehook=\toks17
\inpenc@posthook=\toks18
)
(/usr/local/texlive/2024/texmf-dist/tex/latex/amsmath/amsmath.sty
Package: amsmath 2023/05/13 v2.17o AMS math features
\@mathmargin=\skip50

For additional information on amsmath, use the `?' option.
(/usr/local/texlive/2024/texmf-dist/tex/latex/amsmath/amstext.sty
Package: amstext 2021/08/26 v2.01 AMS text

(/usr/local/texlive/2024/texmf-dist/tex/latex/amsmath/amsgen.sty
File: amsgen.sty 1999/11/30 v2.0 generic functions
\@emptytoks=\toks19
\ex@=\dimen141
))
(/usr/local/texlive/2024/texmf-dist/tex/latex/amsmath/amsbsy.sty
Package: amsbsy 1999/11/29 v1.2d Bold Symbols
\pmbraise@=\dimen142
)
(/usr/local/texlive/2024/texmf-dist/tex/latex/amsmath/amsopn.sty
Package: amsopn 2022/04/08 v2.04 operator names
)
\inf@bad=\count197
LaTeX Info: Redefining \frac on input line 234.
\uproot@=\count198
\leftroot@=\count199
LaTeX Info: Redefining \overline on input line 399.
LaTeX Info: Redefining \colon on input line 410.
\classnum@=\count266
\DOTSCASE@=\count267
LaTeX Info: Redefining \ldots on input line 496.
LaTeX Info: Redefining \dots on input line 499.
LaTeX Info: Redefining \cdots on input line 620.
\Mathstrutbox@=\box51
\strutbox@=\box52
LaTeX Info: Redefining \big on input line 722.
LaTeX Info: Redefining \Big on input line 723.
LaTeX Info: Redefining \bigg on input line 724.
LaTeX Info: Redefining \Bigg on input line 725.
\big@size=\dimen143
LaTeX Font Info:    Redeclaring font encoding OML on input line 743.
LaTeX Font Info:    Redeclaring font encoding OMS on input line 744.
\macc@depth=\count268
LaTeX Info: Redefining \bmod on input line 905.
LaTeX Info: Redefining \pmod on input line 910.
LaTeX Info: Redefining \smash on input line 940.
LaTeX Info: Redefining \relbar on input line 970.
LaTeX Info: Redefining \Relbar on input line 971.
\c@MaxMatrixCols=\count269
\dotsspace@=\muskip16
\c@parentequation=\count270
\dspbrk@lvl=\count271
\tag@help=\toks20
\row@=\count272
\column@=\count273
\maxfields@=\count274
\andhelp@=\toks21
\eqnshift@=\dimen144
\alignsep@=\dimen145
\tagshift@=\dimen146
\tagwidth@=\dimen147
\totwidth@=\dimen148
\lineht@=\dimen149
\@envbody=\toks22
\multlinegap=\skip51
\multlinetaggap=\skip52
\mathdisplay@stack=\toks23
LaTeX Info: Redefining \[ on input line 2953.
LaTeX Info: Redefining \] on input line 2954.
)
(/usr/local/texlive/2024/texmf-dist/tex/latex/amsfonts/amssymb.sty
Package: amssymb 2013/01/14 v3.01 AMS font symbols

(/usr/local/texlive/2024/texmf-dist/tex/latex/amsfonts/amsfonts.sty
Package: amsfonts 2013/01/14 v3.01 Basic AMSFonts support
\symAMSa=\mathgroup4
\symAMSb=\mathgroup5
LaTeX Font Info:    Redeclaring math symbol \hbar on input line 98.
LaTeX Font Info:    Overwriting math alphabet `\mathfrak' in version `bold'
(Font)                  U/euf/m/n --> U/euf/b/n on input line 106.
))
(/usr/local/texlive/2024/texmf-dist/tex/latex/geometry/geometry.sty
Package: geometry 2020/01/02 v5.9 Page Geometry

(/usr/local/texlive/2024/texmf-dist/tex/latex/graphics/keyval.sty
Package: keyval 2022/05/29 v1.15 key=value parser (DPC)
\KV@toks@=\toks24
)
(/usr/local/texlive/2024/texmf-dist/tex/generic/iftex/ifvtex.sty
Package: ifvtex 2019/10/25 v1.7 ifvtex legacy package. Use iftex instead.

(/usr/local/texlive/2024/texmf-dist/tex/generic/iftex/iftex.sty
Package: iftex 2022/02/03 v1.0f TeX engine tests
))
\Gm@cnth=\count275
\Gm@cntv=\count276
\c@Gm@tempcnt=\count277
\Gm@bindingoffset=\dimen150
\Gm@wd@mp=\dimen151
\Gm@odd@mp=\dimen152
\Gm@even@mp=\dimen153
\Gm@layoutwidth=\dimen154
\Gm@layoutheight=\dimen155
\Gm@layouthoffset=\dimen156
\Gm@layoutvoffset=\dimen157
\Gm@dimlist=\toks25
)
(/usr/local/texlive/2024/texmf-dist/tex/latex/hyperref/hyperref.sty
Package: hyperref 2024-01-20 v7.01h Hypertext links for LaTeX

(/usr/local/texlive/2024/texmf-dist/tex/latex/kvsetkeys/kvsetkeys.sty
Package: kvsetkeys 2022-10-05 v1.19 Key value parser (HO)
)
(/usr/local/texlive/2024/texmf-dist/tex/generic/kvdefinekeys/kvdefinekeys.sty
Package: kvdefinekeys 2019-12-19 v1.6 Define keys (HO)
)
(/usr/local/texlive/2024/texmf-dist/tex/generic/pdfescape/pdfescape.sty
Package: pdfescape 2019/12/09 v1.15 Implements pdfTeX's escape features (HO)

(/usr/local/texlive/2024/texmf-dist/tex/generic/ltxcmds/ltxcmds.sty
Package: ltxcmds 2023-12-04 v1.26 LaTeX kernel commands for general use (HO)
)
(/usr/local/texlive/2024/texmf-dist/tex/generic/pdftexcmds/pdftexcmds.sty
Package: pdftexcmds 2020-06-27 v0.33 Utility functions of pdfTeX for LuaTeX (HO
)

(/usr/local/texlive/2024/texmf-dist/tex/generic/infwarerr/infwarerr.sty
Package: infwarerr 2019/12/03 v1.5 Providing info/warning/error messages (HO)
)
Package pdftexcmds Info: \pdf@primitive is available.
Package pdftexcmds Info: \pdf@ifprimitive is available.
Package pdftexcmds Info: \pdfdraftmode found.
))
(/usr/local/texlive/2024/texmf-dist/tex/latex/hycolor/hycolor.sty
Package: hycolor 2020-01-27 v1.10 Color options for hyperref/bookmark (HO)
)
(/usr/local/texlive/2024/texmf-dist/tex/latex/auxhook/auxhook.sty
Package: auxhook 2019-12-17 v1.6 Hooks for auxiliary files (HO)
)
(/usr/local/texlive/2024/texmf-dist/tex/latex/hyperref/nameref.sty
Package: nameref 2023-11-26 v2.56 Cross-referencing by name of section

(/usr/local/texlive/2024/texmf-dist/tex/latex/refcount/refcount.sty
Package: refcount 2019/12/15 v3.6 Data extraction from label references (HO)
)
(/usr/local/texlive/2024/texmf-dist/tex/generic/gettitlestring/gettitlestring.s
ty
Package: gettitlestring 2019/12/15 v1.6 Cleanup title references (HO)
 (/usr/local/texlive/2024/texmf-dist/tex/latex/kvoptions/kvoptions.sty
Package: kvoptions 2022-06-15 v3.15 Key value format for package options (HO)
))
\c@section@level=\count278
)
(/usr/local/texlive/2024/texmf-dist/tex/latex/etoolbox/etoolbox.sty
Package: etoolbox 2020/10/05 v2.5k e-TeX tools for LaTeX (JAW)
\etb@tempcnta=\count279
)
\@linkdim=\dimen158
\Hy@linkcounter=\count280
\Hy@pagecounter=\count281

(/usr/local/texlive/2024/texmf-dist/tex/latex/hyperref/pd1enc.def
File: pd1enc.def 2024-01-20 v7.01h Hyperref: PDFDocEncoding definition (HO)
Now handling font encoding PD1 ...
... no UTF-8 mapping file for font encoding PD1
)
(/usr/local/texlive/2024/texmf-dist/tex/generic/intcalc/intcalc.sty
Package: intcalc 2019/12/15 v1.3 Expandable calculations with integers (HO)
)
\Hy@SavedSpaceFactor=\count282

(/usr/local/texlive/2024/texmf-dist/tex/latex/hyperref/puenc.def
File: puenc.def 2024-01-20 v7.01h Hyperref: PDF Unicode definition (HO)
Now handling font encoding PU ...
... no UTF-8 mapping file for font encoding PU
)
Package hyperref Info: Hyper figures OFF on input line 4179.
Package hyperref Info: Link nesting OFF on input line 4184.
Package hyperref Info: Hyper index ON on input line 4187.
Package hyperref Info: Plain pages OFF on input line 4194.
Package hyperref Info: Backreferencing OFF on input line 4199.
Package hyperref Info: Implicit mode ON; LaTeX internals redefined.
Package hyperref Info: Bookmarks ON on input line 4446.
\c@Hy@tempcnt=\count283

(/usr/local/texlive/2024/texmf-dist/tex/latex/url/url.sty
\Urlmuskip=\muskip17
Package: url 2013/09/16  ver 3.4  Verb mode for urls, etc.
)
LaTeX Info: Redefining \url on input line 4784.
\XeTeXLinkMargin=\dimen159

(/usr/local/texlive/2024/texmf-dist/tex/generic/bitset/bitset.sty
Package: bitset 2019/12/09 v1.3 Handle bit-vector datatype (HO)

(/usr/local/texlive/2024/texmf-dist/tex/generic/bigintcalc/bigintcalc.sty
Package: bigintcalc 2019/12/15 v1.5 Expandable calculations on big integers (HO
)
))
\Fld@menulength=\count284
\Field@Width=\dimen160
\Fld@charsize=\dimen161
Package hyperref Info: Hyper figures OFF on input line 6063.
Package hyperref Info: Link nesting OFF on input line 6068.
Package hyperref Info: Hyper index ON on input line 6071.
Package hyperref Info: backreferencing OFF on input line 6078.
Package hyperref Info: Link coloring OFF on input line 6083.
Package hyperref Info: Link coloring with OCG OFF on input line 6088.
Package hyperref Info: PDF/A mode OFF on input line 6093.

(/usr/local/texlive/2024/texmf-dist/tex/latex/base/atbegshi-ltx.sty
Package: atbegshi-ltx 2021/01/10 v1.0c Emulation of the original atbegshi
package with kernel methods
)
\Hy@abspage=\count285
\c@Item=\count286
\c@Hfootnote=\count287
)
Package hyperref Info: Driver (autodetected): hpdftex.

(/usr/local/texlive/2024/texmf-dist/tex/latex/hyperref/hpdftex.def
File: hpdftex.def 2024-01-20 v7.01h Hyperref driver for pdfTeX

(/usr/local/texlive/2024/texmf-dist/tex/latex/base/atveryend-ltx.sty
Package: atveryend-ltx 2020/08/19 v1.0a Emulation of the original atveryend pac
kage
with kernel methods
)
\Fld@listcount=\count288
\c@bookmark@seq@number=\count289

(/usr/local/texlive/2024/texmf-dist/tex/latex/rerunfilecheck/rerunfilecheck.sty
Package: rerunfilecheck 2022-07-10 v1.10 Rerun checks for auxiliary files (HO)

(/usr/local/texlive/2024/texmf-dist/tex/generic/uniquecounter/uniquecounter.sty
Package: uniquecounter 2019/12/15 v1.4 Provide unlimited unique counter (HO)
)
Package uniquecounter Info: New unique counter `rerunfilecheck' on input line 2
85.
)
\Hy@SectionHShift=\skip53
) (/usr/local/texlive/2024/texmf-dist/tex/latex/fancyhdr/fancyhdr.sty
Package: fancyhdr 2022/11/09 v4.1 Extensive control of page headers and footers

\f@nch@headwidth=\skip54
\f@nch@O@elh=\skip55
\f@nch@O@erh=\skip56
\f@nch@O@olh=\skip57
\f@nch@O@orh=\skip58
\f@nch@O@elf=\skip59
\f@nch@O@erf=\skip60
\f@nch@O@olf=\skip61
\f@nch@O@orf=\skip62
)
(/usr/local/texlive/2024/texmf-dist/tex/latex/titlesec/titlesec.sty
Package: titlesec 2023/10/27 v2.16 Sectioning titles
\ttl@box=\box53
\beforetitleunit=\skip63
\aftertitleunit=\skip64
\ttl@plus=\dimen162
\ttl@minus=\dimen163
\ttl@toksa=\toks26
\titlewidth=\dimen164
\titlewidthlast=\dimen165
\titlewidthfirst=\dimen166
)
(/usr/local/texlive/2024/texmf-dist/tex/generic/babel/babel.sty
Package: babel 2024/02/07 v24.2 The Babel package
\babel@savecnt=\count290
\U@D=\dimen167
\l@unhyphenated=\language89

(/usr/local/texlive/2024/texmf-dist/tex/generic/babel/txtbabel.def)
\bbl@readstream=\read2
\bbl@dirlevel=\count291

(/usr/local/texlive/2024/texmf-dist/tex/generic/babel-spanish/spanish.ldf
Language: spanish.ldf 2021/05/27 v5.0q Spanish support from the babel system
\es@quottoks=\toks27
\es@quotdepth=\count292
Package babel Info: Making " an active character on input line 570.
Package babel Info: Making . an active character on input line 675.
Package babel Info: Making < an active character on input line 722.
Package babel Info: Making > an active character on input line 722.
))
(/usr/local/texlive/2024/texmf-dist/tex/generic/babel/locale/es/babel-spanish.t
ex
Package babel Info: Importing font and identification data for spanish
(babel)             from babel-es.ini. Reported on input line 11.
) (/usr/local/texlive/2024/texmf-dist/tex/latex/listings/listings.sty
\lst@mode=\count293
\lst@gtempboxa=\box54
\lst@token=\toks28
\lst@length=\count294
\lst@currlwidth=\dimen168
\lst@column=\count295
\lst@pos=\count296
\lst@lostspace=\dimen169
\lst@width=\dimen170
\lst@newlines=\count297
\lst@lineno=\count298
\lst@maxwidth=\dimen171

(/usr/local/texlive/2024/texmf-dist/tex/latex/listings/lstpatch.sty
File: lstpatch.sty 2024/02/21 1.10 (Carsten Heinz)
)
(/usr/local/texlive/2024/texmf-dist/tex/latex/listings/lstmisc.sty
File: lstmisc.sty 2024/02/21 1.10 (Carsten Heinz)
\c@lstnumber=\count299
\lst@skipnumbers=\count300
\lst@framebox=\box55
)
(/usr/local/texlive/2024/texmf-dist/tex/latex/listings/listings.cfg
File: listings.cfg 2024/02/21 1.10 listings configuration
))
Package: listings 2024/02/21 1.10 (Carsten Heinz)

(/usr/local/texlive/2024/texmf-dist/tex/latex/graphics/graphicx.sty
Package: graphicx 2021/09/16 v1.2d Enhanced LaTeX Graphics (DPC,SPQR)

(/usr/local/texlive/2024/texmf-dist/tex/latex/graphics/graphics.sty
Package: graphics 2022/03/10 v1.4e Standard LaTeX Graphics (DPC,SPQR)

(/usr/local/texlive/2024/texmf-dist/tex/latex/graphics/trig.sty
Package: trig 2021/08/11 v1.11 sin cos tan (DPC)
)
(/usr/local/texlive/2024/texmf-dist/tex/latex/graphics-cfg/graphics.cfg
File: graphics.cfg 2016/06/04 v1.11 sample graphics configuration
)
Package graphics Info: Driver file: pdftex.def on input line 107.

(/usr/local/texlive/2024/texmf-dist/tex/latex/graphics-def/pdftex.def
File: pdftex.def 2022/09/22 v1.2b Graphics/color driver for pdftex
))
\Gin@req@height=\dimen172
\Gin@req@width=\dimen173
)
(/usr/local/texlive/2024/texmf-dist/tex/latex/listings/lstlang1.sty
File: lstlang1.sty 2024/02/21 1.10 listings language file
)
(/usr/local/texlive/2024/texmf-dist/tex/latex/listings/lstlang2.sty
File: lstlang2.sty 2024/02/21 1.10 listings language file
)
(/usr/local/texlive/2024/texmf-dist/tex/latex/listings/lstlang3.sty
File: lstlang3.sty 2024/02/21 1.10 listings language file
)
\c@Algthm=\count301
\c@Def=\count302
\c@Ejem=\count303
\c@Teo=\count304
\c@Dem=\count305
\c@Note=\count306
\c@Sol=\count307
\c@Prop=\count308
\c@Coro=\count309
\c@Cor=\count310
\c@Col=\count311
\c@Lemma=\count312
\c@Lema=\count313
\c@Lem=\count314
\c@Sup=\count315
\c@Assumption=\count316
\c@Remark=\count317
\c@Condition=\count318
\c@Theorem=\count319
\c@proof=\count320
\c@Corollary=\count321
\c@Ejemplo=\count322
\c@Example=\count323
\c@Obs=\count324

(/usr/local/texlive/2024/texmf-dist/tex/latex/l3backend/l3backend-pdftex.def
File: l3backend-pdftex.def 2024-02-20 L3 backend support: PDF output (pdfTeX)
\l__color_backend_stack_int=\count325
\l__pdf_internal_box=\box56
)
(./NewLogRegressionSurvivalAnalysisNotes.aux
LaTeX Info: Redefining \. on input line 23.
LaTeX Info: Redefining \% on input line 23.


LaTeX Warning: Label `Modelo.Regresion' multiply defined.


LaTeX Warning: Label `Modelo.Regresion.dos' multiply defined.


LaTeX Warning: Label `Ecs.Estimadores.Regresion' multiply defined.


LaTeX Warning: Label `Esperanza.Beta.1' multiply defined.


LaTeX Warning: Label `Varianza.Beta.1' multiply defined.


LaTeX Warning: Label `Estadistico.Beta.1' multiply defined.


LaTeX Warning: Label `Zona.Rechazo.Beta.1' multiply defined.


LaTeX Warning: Label `Estadistico.Beta.0' multiply defined.


LaTeX Warning: Label `Zona.Rechazo.Beta.0' multiply defined.


LaTeX Warning: Label `Suma.Total.Cuadrados' multiply defined.


LaTeX Warning: Label `Suma.Total.Cuadrados.Dos' multiply defined.


LaTeX Warning: Label `Estadistico.Beta.1.Cero' multiply defined.


LaTeX Warning: Label `tab:ANOVA' multiply defined.


LaTeX Warning: Label `Modelo.Regresion' multiply defined.


LaTeX Warning: Label `Modelo.Regresion.dos' multiply defined.


LaTeX Warning: Label `Modelo.Regresion' multiply defined.


LaTeX Warning: Label `Modelo.Regresion.dos' multiply defined.


LaTeX Warning: Label `Modelo.Regresion' multiply defined.


LaTeX Warning: Label `Modelo.Regresion.dos' multiply defined.


LaTeX Warning: Label `Ecs.Estimadores.Regresion' multiply defined.


LaTeX Warning: Label `Esperanza.Beta.1' multiply defined.


LaTeX Warning: Label `Varianza.Beta.1' multiply defined.


LaTeX Warning: Label `Estadistico.Beta.1' multiply defined.


LaTeX Warning: Label `Zona.Rechazo.Beta.1' multiply defined.


LaTeX Warning: Label `Estadistico.Beta.0' multiply defined.


LaTeX Warning: Label `Zona.Rechazo.Beta.0' multiply defined.


LaTeX Warning: Label `Suma.Total.Cuadrados' multiply defined.


LaTeX Warning: Label `Suma.Total.Cuadrados.Dos' multiply defined.


LaTeX Warning: Label `Estadistico.Beta.1.Cero' multiply defined.


LaTeX Warning: Label `Modelo.Regresion' multiply defined.


LaTeX Warning: Label `Modelo.Regresion.dos' multiply defined.


LaTeX Warning: Label `Ecs.Estimadores.Regresion' multiply defined.


LaTeX Warning: Label `Esperanza.Beta.1' multiply defined.


LaTeX Warning: Label `Varianza.Beta.1' multiply defined.


LaTeX Warning: Label `Estadistico.Beta.1' multiply defined.


LaTeX Warning: Label `Zona.Rechazo.Beta.1' multiply defined.


LaTeX Warning: Label `Estadistico.Beta.0' multiply defined.


LaTeX Warning: Label `Zona.Rechazo.Beta.0' multiply defined.


LaTeX Warning: Label `Suma.Total.Cuadrados' multiply defined.


LaTeX Warning: Label `Suma.Total.Cuadrados.Dos' multiply defined.


LaTeX Warning: Label `Estadistico.Beta.1.Cero' multiply defined.


LaTeX Warning: Label `Modelo.Regresion' multiply defined.


LaTeX Warning: Label `Modelo.Regresion.dos' multiply defined.


LaTeX Warning: Label `Modelo.Regresion' multiply defined.


LaTeX Warning: Label `Modelo.Regresion.dos' multiply defined.


LaTeX Warning: Label `Modelo.Regresion' multiply defined.


LaTeX Warning: Label `Modelo.Regresion.dos' multiply defined.


LaTeX Warning: Label `Ecs.Estimadores.Regresion' multiply defined.


LaTeX Warning: Label `Esperanza.Beta.1' multiply defined.


LaTeX Warning: Label `Varianza.Beta.1' multiply defined.


LaTeX Warning: Label `Estadistico.Beta.1' multiply defined.


LaTeX Warning: Label `Zona.Rechazo.Beta.1' multiply defined.


LaTeX Warning: Label `Estadistico.Beta.0' multiply defined.


LaTeX Warning: Label `Zona.Rechazo.Beta.0' multiply defined.


LaTeX Warning: Label `Suma.Total.Cuadrados' multiply defined.


LaTeX Warning: Label `Suma.Total.Cuadrados.Dos' multiply defined.


LaTeX Warning: Label `Estadistico.Beta.1.Cero' multiply defined.


LaTeX Warning: Label `Modelo.Regresion' multiply defined.


LaTeX Warning: Label `Modelo.Regresion.dos' multiply defined.


LaTeX Warning: Label `Ecs.Estimadores.Regresion' multiply defined.


LaTeX Warning: Label `Esperanza.Beta.1' multiply defined.


LaTeX Warning: Label `Varianza.Beta.1' multiply defined.


LaTeX Warning: Label `Estadistico.Beta.1' multiply defined.


LaTeX Warning: Label `Zona.Rechazo.Beta.1' multiply defined.


LaTeX Warning: Label `Estadistico.Beta.0' multiply defined.


LaTeX Warning: Label `Zona.Rechazo.Beta.0' multiply defined.


LaTeX Warning: Label `Suma.Total.Cuadrados' multiply defined.


LaTeX Warning: Label `Suma.Total.Cuadrados.Dos' multiply defined.


LaTeX Warning: Label `Estadistico.Beta.1.Cero' multiply defined.


LaTeX Warning: Label `Eq.3.1' multiply defined.


LaTeX Warning: Label `Teo.3.3' multiply defined.


LaTeX Warning: Label `Cor.3.5' multiply defined.


LaTeX Warning: Label `Cor.3.6' multiply defined.


LaTeX Warning: Label `Teo.4.2' multiply defined.


LaTeX Warning: Label `Eq.4.2' multiply defined.


LaTeX Warning: Label `Teo.4.3' multiply defined.


LaTeX Warning: Label `Cor.4.4' multiply defined.


LaTeX Warning: Label `Eq.0.1' multiply defined.


LaTeX Warning: Label `Prop.2.1' multiply defined.


LaTeX Warning: Label `Eq.2.1' multiply defined.


LaTeX Warning: Label `Lema.2.2' multiply defined.


LaTeX Warning: Label `Eq.2.2' multiply defined.


LaTeX Warning: Label `Cor.2.3' multiply defined.


LaTeX Warning: Label `Cor.2.4' multiply defined.


LaTeX Warning: Label `Eq.2.4' multiply defined.


LaTeX Warning: Label `Notacion.K.L.' multiply defined.


LaTeX Warning: Label `Eq.3.1' multiply defined.


LaTeX Warning: Label `Teo.3.3' multiply defined.


LaTeX Warning: Label `Cor.3.5' multiply defined.


LaTeX Warning: Label `Cor.3.6' multiply defined.


LaTeX Warning: Label `Def.Ergodicidad' multiply defined.


LaTeX Warning: Label `Prop.4.4' multiply defined.


LaTeX Warning: Label `Lema.4.5' multiply defined.


LaTeX Warning: Label `Def.Armonica' multiply defined.


LaTeX Warning: Label `Prop.5.2' multiply defined.


LaTeX Warning: Label `Eq.5.1' multiply defined.


LaTeX Warning: Label `Teo.4.2' multiply defined.


LaTeX Warning: Label `Eq.4.2' multiply defined.


LaTeX Warning: Label `Teo.4.3' multiply defined.


LaTeX Warning: Label `Cor.4.4' multiply defined.


LaTeX Warning: Label `Eq.0.1' multiply defined.


LaTeX Warning: Label `Notacion.K.L.' multiply defined.


LaTeX Warning: Label `Prop.2.1' multiply defined.


LaTeX Warning: Label `Eq.2.1' multiply defined.


LaTeX Warning: Label `Lema.2.2' multiply defined.


LaTeX Warning: Label `Eq.2.2' multiply defined.


LaTeX Warning: Label `Cor.2.3' multiply defined.


LaTeX Warning: Label `Eq.' multiply defined.


LaTeX Warning: Label `Cor.2.4' multiply defined.


LaTeX Warning: Label `Eq.2.4' multiply defined.


LaTeX Warning: Label `MMinf.pi' multiply defined.


LaTeX Warning: Label `Eq.3.1' multiply defined.


LaTeX Warning: Label `Teo.3.3' multiply defined.


LaTeX Warning: Label `Cor.3.5' multiply defined.


LaTeX Warning: Label `Cor.3.6' multiply defined.


LaTeX Warning: Label `Def.Ergodicidad' multiply defined.


LaTeX Warning: Label `Prop.4.4' multiply defined.


LaTeX Warning: Label `Lema.4.5' multiply defined.


LaTeX Warning: Label `Def.Armonica' multiply defined.


LaTeX Warning: Label `Prop.5.2' multiply defined.


LaTeX Warning: Label `Eq.5.1' multiply defined.


LaTeX Warning: Label `Prop.5.3' multiply defined.


LaTeX Warning: Label `Prop.5.4' multiply defined.


LaTeX Warning: Label `Prop.3.1' multiply defined.


LaTeX Warning: Label `Teo.4.2' multiply defined.


LaTeX Warning: Label `Eq.4.2' multiply defined.


LaTeX Warning: Label `Teo.4.3' multiply defined.


LaTeX Warning: Label `Cor.4.4' multiply defined.


LaTeX Warning: Label `Eq.0.1' multiply defined.


LaTeX Warning: Label `Notacion.K.L.' multiply defined.


LaTeX Warning: Label `Prop.2.1' multiply defined.


LaTeX Warning: Label `Eq.2.1' multiply defined.


LaTeX Warning: Label `Lema.2.2' multiply defined.


LaTeX Warning: Label `Eq.2.2' multiply defined.


LaTeX Warning: Label `Cor.2.3' multiply defined.


LaTeX Warning: Label `Eq.' multiply defined.


LaTeX Warning: Label `Cor.2.4' multiply defined.


LaTeX Warning: Label `Eq.2.4' multiply defined.


LaTeX Warning: Label `MMinf.pi' multiply defined.


LaTeX Warning: Label `Eq.3.1' multiply defined.


LaTeX Warning: Label `Teo.3.3' multiply defined.


LaTeX Warning: Label `Cor.3.5' multiply defined.


LaTeX Warning: Label `Cor.3.6' multiply defined.


LaTeX Warning: Label `Def.Ergodicidad' multiply defined.


LaTeX Warning: Label `Prop.4.4' multiply defined.


LaTeX Warning: Label `Lema.4.5' multiply defined.


LaTeX Warning: Label `Def.Armonica' multiply defined.


LaTeX Warning: Label `Prop.5.2' multiply defined.


LaTeX Warning: Label `Eq.5.1' multiply defined.


LaTeX Warning: Label `Prop.5.3' multiply defined.


LaTeX Warning: Label `Prop.5.4' multiply defined.


LaTeX Warning: Label `Prop.3.1' multiply defined.


LaTeX Warning: Label `Teo.4.2' multiply defined.


LaTeX Warning: Label `Eq.4.2' multiply defined.


LaTeX Warning: Label `Teo.4.3' multiply defined.


LaTeX Warning: Label `Cor.4.4' multiply defined.


LaTeX Warning: Label `Eq.0.1' multiply defined.


LaTeX Warning: Label `Notacion.K.L.' multiply defined.


LaTeX Warning: Label `Prop.2.1' multiply defined.


LaTeX Warning: Label `Eq.2.1' multiply defined.


LaTeX Warning: Label `Lema.2.2' multiply defined.


LaTeX Warning: Label `Eq.2.2' multiply defined.


LaTeX Warning: Label `Cor.2.3' multiply defined.


LaTeX Warning: Label `Eq.' multiply defined.


LaTeX Warning: Label `Cor.2.4' multiply defined.


LaTeX Warning: Label `Eq.2.4' multiply defined.


LaTeX Warning: Label `MMinf.pi' multiply defined.


LaTeX Warning: Label `Eq.18.9' multiply defined.


LaTeX Warning: Label `Eq.19.6' multiply defined.


LaTeX Warning: Label `Eq.4.2' multiply defined.


LaTeX Warning: Label `Eq.2.1' multiply defined.


LaTeX Warning: Label `Eq.2.2' multiply defined.


LaTeX Warning: Label `Eq.2.4' multiply defined.


LaTeX Warning: Label `Cto.Borel' multiply defined.


LaTeX Warning: Label `Funcion.Medible' multiply defined.


LaTeX Warning: Label `Def.Cilindros' multiply defined.


LaTeX Warning: Label `Def.Proc.Adaptado' multiply defined.


LaTeX Warning: Label `Def.Tiempo.Paro' multiply defined.


LaTeX Warning: Label `Prop.Markov' multiply defined.


LaTeX Warning: Label `Prop.Fuerte.Markov' multiply defined.


LaTeX Warning: Label `Ec.Renovacion' multiply defined.


LaTeX Warning: Label `Def.Tn' multiply defined.


LaTeX Warning: Label `Ec.Renovacion' multiply defined.


LaTeX Warning: Label `Def.Tn' multiply defined.


LaTeX Warning: Label `Def.Tn' multiply defined.


LaTeX Warning: Label `Ec.Renovacion' multiply defined.


LaTeX Warning: Label `Ec.Renovacion' multiply defined.


LaTeX Warning: Label `Def.Tn' multiply defined.


LaTeX Warning: Label `Ec.Renovacion' multiply defined.


LaTeX Warning: Label `Def.Tn' multiply defined.


LaTeX Warning: Label `NoRenovacion' multiply defined.


LaTeX Warning: Label `Def.Tn' multiply defined.


LaTeX Warning: Label `Ec.Renovacion' multiply defined.


LaTeX Warning: Label `Def.Tn' multiply defined.


LaTeX Warning: Label `Def.Tn' multiply defined.


LaTeX Warning: Label `Ec.Renovacion' multiply defined.


LaTeX Warning: Label `Ec.Renovacion' multiply defined.


LaTeX Warning: Label `NoRenovacion' multiply defined.


LaTeX Warning: Label `Eq.Arribos.Primera' multiply defined.


LaTeX Warning: Label `Eq.R2' multiply defined.


LaTeX Warning: Label `Eq.Arribos.Primera' multiply defined.


LaTeX Warning: Label `NoRenovacion' multiply defined.


LaTeX Warning: Label `Eq.Arribos.Primera' multiply defined.


LaTeX Warning: Label `Def.Tn' multiply defined.


LaTeX Warning: Label `Ec.Renovacion' multiply defined.


LaTeX Warning: Label `Def.Tn' multiply defined.


LaTeX Warning: Label `Def.Tn' multiply defined.


LaTeX Warning: Label `Ec.Renovacion' multiply defined.


LaTeX Warning: Label `Ec.Renovacion' multiply defined.


LaTeX Warning: Label `NoRenovacion' multiply defined.


LaTeX Warning: Label `Def.Tn' multiply defined.


LaTeX Warning: Label `Def.Tn' multiply defined.


LaTeX Warning: Label `Def.Tn' multiply defined.


LaTeX Warning: Label `Def.Tn' multiply defined.


LaTeX Warning: Label `Ec.Renovacion' multiply defined.


LaTeX Warning: Label `Def.Tn' multiply defined.


LaTeX Warning: Label `Def.Tn' multiply defined.


LaTeX Warning: Label `Ec.Renovacion' multiply defined.


LaTeX Warning: Label `Ec.Renovacion' multiply defined.


LaTeX Warning: Label `NoRenovacion' multiply defined.


LaTeX Warning: Label `Def.Tn' multiply defined.


LaTeX Warning: Label `Ec.Renovacion' multiply defined.


LaTeX Warning: Label `Def.Tn' multiply defined.


LaTeX Warning: Label `Def.Tn' multiply defined.


LaTeX Warning: Label `Ec.Renovacion' multiply defined.


LaTeX Warning: Label `Ec.Renovacion' multiply defined.


LaTeX Warning: Label `NoRenovacion' multiply defined.


LaTeX Warning: Label `NoRenovacion' multiply defined.


LaTeX Warning: Label `Def.Tn' multiply defined.


LaTeX Warning: Label `Ec.Renovacion' multiply defined.


LaTeX Warning: Label `Ec.Renovacion' multiply defined.


LaTeX Warning: Label `Def.Tn' multiply defined.


LaTeX Warning: Label `Ec.Renovacion' multiply defined.


LaTeX Warning: Label `Def.Tn' multiply defined.


LaTeX Warning: Label `Def.Tn' multiply defined.


LaTeX Warning: Label `Ec.Renovacion' multiply defined.


LaTeX Warning: Label `Ec.Renovacion' multiply defined.


LaTeX Warning: Label `Def.Tn' multiply defined.


LaTeX Warning: Label `Ec.Renovacion' multiply defined.


LaTeX Warning: Label `Def.Tn' multiply defined.


LaTeX Warning: Label `Ec.Renovacion' multiply defined.


LaTeX Warning: Label `Ec.Renovacion' multiply defined.


LaTeX Warning: Label `NoRenovacion' multiply defined.


LaTeX Warning: Label `Eq.Arribos.Primera' multiply defined.


LaTeX Warning: Label `Def.Tn' multiply defined.


LaTeX Warning: Label `Ec.Renovacion' multiply defined.


LaTeX Warning: Label `Def.Tn' multiply defined.


LaTeX Warning: Label `Def.Tn' multiply defined.


LaTeX Warning: Label `Ec.Renovacion' multiply defined.


LaTeX Warning: Label `Ec.Renovacion' multiply defined.


LaTeX Warning: Label `NoRenovacion' multiply defined.


LaTeX Warning: Label `Eq.Arribos.Primera' multiply defined.


LaTeX Warning: Label `Eq.R1' multiply defined.


LaTeX Warning: Label `Eq.R2' multiply defined.


LaTeX Warning: Label `Eq.R2' multiply defined.


LaTeX Warning: Label `Eq.Primer.Derivada.Q' multiply defined.


LaTeX Warning: Label `Eq.Longitud.Tiempo.t' multiply defined.


LaTeX Warning: Label `Eq.Arribos.Primera' multiply defined.


LaTeX Warning: Label `NoRenovacion' multiply defined.


LaTeX Warning: Label `Eq.Arribos.Primera' multiply defined.


LaTeX Warning: Label `Def.Tn' multiply defined.


LaTeX Warning: Label `Ec.Renovacion' multiply defined.


LaTeX Warning: Label `Def.Tn' multiply defined.


LaTeX Warning: Label `Def.Tn' multiply defined.


LaTeX Warning: Label `Ec.Renovacion' multiply defined.


LaTeX Warning: Label `Ec.Renovacion' multiply defined.


LaTeX Warning: Label `NoRenovacion' multiply defined.


LaTeX Warning: Label `Ec.Renovacion' multiply defined.


LaTeX Warning: Label `Ec.Renovacion' multiply defined.


LaTeX Warning: Label `Def.Tn' multiply defined.


LaTeX Warning: Label `NoRenovacion' multiply defined.


LaTeX Warning: Label `Def.Tn' multiply defined.


LaTeX Warning: Label `Def.Tn' multiply defined.


LaTeX Warning: Label `Def.Tn' multiply defined.


LaTeX Warning: Label `Def.Tn' multiply defined.


LaTeX Warning: Label `Ec.Renovacion' multiply defined.


LaTeX Warning: Label `Ec.Renovacion' multiply defined.


LaTeX Warning: Label `NoRenovacion' multiply defined.


LaTeX Warning: Label `NoRenovacion' multiply defined.


LaTeX Warning: Label `Eq.3.1' multiply defined.


LaTeX Warning: Label `Teo.3.3' multiply defined.


LaTeX Warning: Label `Cor.3.5' multiply defined.


LaTeX Warning: Label `Cor.3.6' multiply defined.


LaTeX Warning: Label `Def.Ergodicidad' multiply defined.


LaTeX Warning: Label `Prop.4.4' multiply defined.


LaTeX Warning: Label `Lema.4.5' multiply defined.


LaTeX Warning: Label `Def.Armonica' multiply defined.


LaTeX Warning: Label `Prop.5.2' multiply defined.


LaTeX Warning: Label `Eq.5.1' multiply defined.


LaTeX Warning: Label `Prop.5.3' multiply defined.


LaTeX Warning: Label `Prop.5.4' multiply defined.


LaTeX Warning: Label `Prop.3.1' multiply defined.


LaTeX Warning: Label `Teo.4.2' multiply defined.


LaTeX Warning: Label `Eq.4.2' multiply defined.


LaTeX Warning: Label `Teo.4.3' multiply defined.


LaTeX Warning: Label `Cor.4.4' multiply defined.


LaTeX Warning: Label `Eq.0.1' multiply defined.


LaTeX Warning: Label `Notacion.K.L.' multiply defined.


LaTeX Warning: Label `Prop.2.1' multiply defined.


LaTeX Warning: Label `Eq.2.1' multiply defined.


LaTeX Warning: Label `Lema.2.2' multiply defined.


LaTeX Warning: Label `Eq.2.2' multiply defined.


LaTeX Warning: Label `Cor.2.3' multiply defined.


LaTeX Warning: Label `Eq.' multiply defined.


LaTeX Warning: Label `Cor.2.4' multiply defined.


LaTeX Warning: Label `Eq.2.4' multiply defined.


LaTeX Warning: Label `MMinf.pi' multiply defined.


LaTeX Warning: Label `Eq.18.9' multiply defined.


LaTeX Warning: Label `Eq.19.6' multiply defined.


LaTeX Warning: Label `Eq.3.1' multiply defined.


LaTeX Warning: Label `Teo.3.3' multiply defined.


LaTeX Warning: Label `Cor.3.5' multiply defined.


LaTeX Warning: Label `Cor.3.6' multiply defined.


LaTeX Warning: Label `Teo.4.2' multiply defined.


LaTeX Warning: Label `Eq.4.2' multiply defined.


LaTeX Warning: Label `Teo.4.3' multiply defined.


LaTeX Warning: Label `Cor.4.4' multiply defined.


LaTeX Warning: Label `Eq.0.1' multiply defined.


LaTeX Warning: Label `Prop.2.1' multiply defined.


LaTeX Warning: Label `Eq.2.1' multiply defined.


LaTeX Warning: Label `Lema.2.2' multiply defined.


LaTeX Warning: Label `Eq.2.2' multiply defined.


LaTeX Warning: Label `Cor.2.3' multiply defined.


LaTeX Warning: Label `Cor.2.4' multiply defined.


LaTeX Warning: Label `Eq.2.4' multiply defined.


LaTeX Warning: Label `Notacion.K.L.' multiply defined.


LaTeX Warning: Label `Eq.3.1' multiply defined.


LaTeX Warning: Label `Teo.3.3' multiply defined.


LaTeX Warning: Label `Cor.3.5' multiply defined.


LaTeX Warning: Label `Cor.3.6' multiply defined.


LaTeX Warning: Label `Def.Ergodicidad' multiply defined.


LaTeX Warning: Label `Prop.4.4' multiply defined.


LaTeX Warning: Label `Lema.4.5' multiply defined.


LaTeX Warning: Label `Def.Armonica' multiply defined.


LaTeX Warning: Label `Prop.5.2' multiply defined.


LaTeX Warning: Label `Eq.5.1' multiply defined.


LaTeX Warning: Label `Teo.4.2' multiply defined.


LaTeX Warning: Label `Eq.4.2' multiply defined.


LaTeX Warning: Label `Teo.4.3' multiply defined.


LaTeX Warning: Label `Cor.4.4' multiply defined.


LaTeX Warning: Label `Eq.0.1' multiply defined.


LaTeX Warning: Label `Notacion.K.L.' multiply defined.


LaTeX Warning: Label `Prop.2.1' multiply defined.


LaTeX Warning: Label `Eq.2.1' multiply defined.


LaTeX Warning: Label `Lema.2.2' multiply defined.


LaTeX Warning: Label `Eq.2.2' multiply defined.


LaTeX Warning: Label `Cor.2.3' multiply defined.


LaTeX Warning: Label `Eq.' multiply defined.


LaTeX Warning: Label `Cor.2.4' multiply defined.


LaTeX Warning: Label `Eq.2.4' multiply defined.


LaTeX Warning: Label `MMinf.pi' multiply defined.


LaTeX Warning: Label `Eq.3.1' multiply defined.


LaTeX Warning: Label `Teo.3.3' multiply defined.


LaTeX Warning: Label `Cor.3.5' multiply defined.


LaTeX Warning: Label `Cor.3.6' multiply defined.


LaTeX Warning: Label `Def.Ergodicidad' multiply defined.


LaTeX Warning: Label `Prop.4.4' multiply defined.


LaTeX Warning: Label `Lema.4.5' multiply defined.


LaTeX Warning: Label `Def.Armonica' multiply defined.


LaTeX Warning: Label `Prop.5.2' multiply defined.


LaTeX Warning: Label `Eq.5.1' multiply defined.


LaTeX Warning: Label `Prop.5.3' multiply defined.


LaTeX Warning: Label `Prop.5.4' multiply defined.


LaTeX Warning: Label `Prop.3.1' multiply defined.


LaTeX Warning: Label `Teo.4.2' multiply defined.


LaTeX Warning: Label `Eq.4.2' multiply defined.


LaTeX Warning: Label `Teo.4.3' multiply defined.


LaTeX Warning: Label `Cor.4.4' multiply defined.


LaTeX Warning: Label `Eq.0.1' multiply defined.


LaTeX Warning: Label `Notacion.K.L.' multiply defined.


LaTeX Warning: Label `Prop.2.1' multiply defined.


LaTeX Warning: Label `Eq.2.1' multiply defined.


LaTeX Warning: Label `Lema.2.2' multiply defined.


LaTeX Warning: Label `Eq.2.2' multiply defined.


LaTeX Warning: Label `Cor.2.3' multiply defined.


LaTeX Warning: Label `Eq.' multiply defined.


LaTeX Warning: Label `Cor.2.4' multiply defined.


LaTeX Warning: Label `Eq.2.4' multiply defined.


LaTeX Warning: Label `MMinf.pi' multiply defined.


LaTeX Warning: Label `Eq.13.1' multiply defined.


LaTeX Warning: Label `Eq.3.1' multiply defined.


LaTeX Warning: Label `Teo.3.3' multiply defined.


LaTeX Warning: Label `Cor.3.5' multiply defined.


LaTeX Warning: Label `Cor.3.6' multiply defined.


LaTeX Warning: Label `Def.Ergodicidad' multiply defined.


LaTeX Warning: Label `Prop.4.4' multiply defined.


LaTeX Warning: Label `Lema.4.5' multiply defined.


LaTeX Warning: Label `Def.Armonica' multiply defined.


LaTeX Warning: Label `Prop.5.2' multiply defined.


LaTeX Warning: Label `Eq.5.1' multiply defined.


LaTeX Warning: Label `Prop.5.3' multiply defined.


LaTeX Warning: Label `Prop.5.4' multiply defined.


LaTeX Warning: Label `Prop.3.1' multiply defined.


LaTeX Warning: Label `Teo.4.2' multiply defined.


LaTeX Warning: Label `Eq.4.2' multiply defined.


LaTeX Warning: Label `Teo.4.3' multiply defined.


LaTeX Warning: Label `Cor.4.4' multiply defined.


LaTeX Warning: Label `Eq.0.1' multiply defined.


LaTeX Warning: Label `Notacion.K.L.' multiply defined.


LaTeX Warning: Label `Prop.2.1' multiply defined.


LaTeX Warning: Label `Eq.2.1' multiply defined.


LaTeX Warning: Label `Lema.2.2' multiply defined.


LaTeX Warning: Label `Eq.2.2' multiply defined.


LaTeX Warning: Label `Cor.2.3' multiply defined.


LaTeX Warning: Label `Eq.' multiply defined.


LaTeX Warning: Label `Cor.2.4' multiply defined.


LaTeX Warning: Label `Eq.2.4' multiply defined.


LaTeX Warning: Label `MMinf.pi' multiply defined.


LaTeX Warning: Label `Eq.18.9' multiply defined.


LaTeX Warning: Label `Eq.19.6' multiply defined.


LaTeX Warning: Label `Eq.Balance' multiply defined.


LaTeX Warning: Label `Eq.8.16' multiply defined.


LaTeX Warning: Label `Eq.4.2' multiply defined.


LaTeX Warning: Label `Eq.5' multiply defined.


LaTeX Warning: Label `Eq.2.1' multiply defined.


LaTeX Warning: Label `Eq.2.2' multiply defined.


LaTeX Warning: Label `Corolario2.3' multiply defined.


LaTeX Warning: Label `Eq.2.3' multiply defined.


LaTeX Warning: Label `Teo4.3' multiply defined.


LaTeX Warning: Label `Corolario2.4' multiply defined.


LaTeX Warning: Label `Eq.2.4' multiply defined.


LaTeX Warning: Label `S1' multiply defined.


LaTeX Warning: Label `S2' multiply defined.


LaTeX Warning: Label `Eq.3.1' multiply defined.


LaTeX Warning: Label `Prop.Fuerte.Markov' multiply defined.


LaTeX Warning: Label `Sup3.1.Davis' multiply defined.


LaTeX Warning: Label `Eq.A2.3' multiply defined.


LaTeX Warning: Label `Tma.A2.2' multiply defined.


LaTeX Warning: Label `Eq.Kernels' multiply defined.


LaTeX Warning: Label `Eq.1.6.S' multiply defined.


LaTeX Warning: Label `Eq.1.8.S' multiply defined.


LaTeX Warning: Label `Eq.2.1.S' multiply defined.


LaTeX Warning: Label `Def.2.2.S' multiply defined.


LaTeX Warning: Label `Eq.1.4.S' multiply defined.


LaTeX Warning: Label `Eq.Shift' multiply defined.


LaTeX Warning: Label `Eq.2.2.S' multiply defined.


LaTeX Warning: Label `Def.PD' multiply defined.


LaTeX Warning: Label `Cto.Borel' multiply defined.


LaTeX Warning: Label `Funcion.Medible' multiply defined.


LaTeX Warning: Label `Def.Cilindros' multiply defined.


LaTeX Warning: Label `Def.Proc.Adaptado' multiply defined.


LaTeX Warning: Label `Def.Tiempo.Paro' multiply defined.


LaTeX Warning: Label `Prop.Markov' multiply defined.


LaTeX Warning: Label `Prop.Fuerte.Markov' multiply defined.


LaTeX Warning: Label `Sup3.1.Davis' multiply defined.


LaTeX Warning: Label `Eq.A2.3' multiply defined.


LaTeX Warning: Label `Tma.A2.2' multiply defined.


LaTeX Warning: Label `Eq.Kernels' multiply defined.


LaTeX Warning: Label `Eq.1.6.S' multiply defined.


LaTeX Warning: Label `Eq.1.4.S' multiply defined.


LaTeX Warning: Label `Eq.1.8.S' multiply defined.


LaTeX Warning: Label `Eq.2.1.S' multiply defined.


LaTeX Warning: Label `Def.2.2.S' multiply defined.


LaTeX Warning: Label `Eq.Shift' multiply defined.


LaTeX Warning: Label `Eq.2.2.S' multiply defined.


LaTeX Warning: Label `Def.PD' multiply defined.


LaTeX Warning: Label `Lema4.2' multiply defined.


LaTeX Warning: Label `E1.4.2' multiply defined.


LaTeX Warning: Label `E1.4.3' multiply defined.


LaTeX Warning: Label `E1.4.4' multiply defined.


LaTeX Warning: Label `Lema.4.3' multiply defined.


LaTeX Warning: Label `Eq.MF.1.3' multiply defined.


LaTeX Warning: Label `Eq.MF.2.3' multiply defined.


LaTeX Warning: Label `Eq.MF.3.3' multiply defined.


LaTeX Warning: Label `Eq.MF.4.3' multiply defined.


LaTeX Warning: Label `Eq.MF.5.3' multiply defined.


LaTeX Warning: Label `Eq.MF.6.3' multiply defined.


LaTeX Warning: Label `Eq.4.15' multiply defined.


LaTeX Warning: Label `Eq.4.16' multiply defined.


LaTeX Warning: Label `Eq.MF.1.3a' multiply defined.


LaTeX Warning: Label `Eq.MF.2.3a' multiply defined.


LaTeX Warning: Label `Eq.MF.3.3a' multiply defined.


LaTeX Warning: Label `Eq.MF.4.3a' multiply defined.


LaTeX Warning: Label `Eq.MF.5.3a' multiply defined.


LaTeX Warning: Label `Eq.MF.6.3a' multiply defined.


LaTeX Warning: Label `Tma.5.1.Gut' multiply defined.


LaTeX Warning: Label `Eq.5.4' multiply defined.


LaTeX Warning: Label `Eq.5.11' multiply defined.


LaTeX Warning: Label `Lema3.1' multiply defined.


LaTeX Warning: Label `Tma.5.1.Chen' multiply defined.


LaTeX Warning: Label `Prop.5.1.DaiSean' multiply defined.


LaTeX Warning: Label `Lema.5.2.DaiSean' multiply defined.


LaTeX Warning: Label `Tma.5.5.DaiSean' multiply defined.


LaTeX Warning: Label `Tma.6.2.DaiSean' multiply defined.


LaTeX Warning: Label `Tma.6.3.DaiSean' multiply defined.


LaTeX Warning: Label `Tma.6.4.DaiSean' multiply defined.


LaTeX Warning: Label `Tma2.2.Down' multiply defined.


LaTeX Warning: Label `Eq.Inestability' multiply defined.


LaTeX Warning: Label `Cto.Borel' multiply defined.


LaTeX Warning: Label `Funcion.Medible' multiply defined.


LaTeX Warning: Label `Def.Cilindros' multiply defined.


LaTeX Warning: Label `Def.Proc.Adaptado' multiply defined.


LaTeX Warning: Label `Def.Tiempo.Paro' multiply defined.


LaTeX Warning: Label `Prop.Markov' multiply defined.


LaTeX Warning: Label `Prop.Fuerte.Markov' multiply defined.


LaTeX Warning: Label `Sup3.1.Davis' multiply defined.


LaTeX Warning: Label `Eq.A2.3' multiply defined.


LaTeX Warning: Label `Tma.A2.2' multiply defined.


LaTeX Warning: Label `Eq.Kernels' multiply defined.


LaTeX Warning: Label `Eq.1.6.S' multiply defined.


LaTeX Warning: Label `Eq.1.8.S' multiply defined.


LaTeX Warning: Label `Eq.2.1.S' multiply defined.


LaTeX Warning: Label `Def.2.2.S' multiply defined.


LaTeX Warning: Label `Eq.1.4.S' multiply defined.


LaTeX Warning: Label `Eq.Shift' multiply defined.


LaTeX Warning: Label `Eq.2.2.S' multiply defined.


LaTeX Warning: Label `Def.PD' multiply defined.


LaTeX Warning: Label `Lema4.2' multiply defined.


LaTeX Warning: Label `E1.4.2' multiply defined.


LaTeX Warning: Label `E1.4.3' multiply defined.


LaTeX Warning: Label `E1.4.4' multiply defined.


LaTeX Warning: Label `Lema.4.3' multiply defined.


LaTeX Warning: Label `Eq.MF.1.3' multiply defined.


LaTeX Warning: Label `Eq.MF.2.3' multiply defined.


LaTeX Warning: Label `Eq.MF.3.3' multiply defined.


LaTeX Warning: Label `Eq.MF.4.3' multiply defined.


LaTeX Warning: Label `Eq.MF.5.3' multiply defined.


LaTeX Warning: Label `Eq.MF.6.3' multiply defined.


LaTeX Warning: Label `Eq.4.15' multiply defined.


LaTeX Warning: Label `Eq.4.16' multiply defined.


LaTeX Warning: Label `Eq.MF.1.3a' multiply defined.


LaTeX Warning: Label `Eq.MF.2.3a' multiply defined.


LaTeX Warning: Label `Eq.MF.3.3a' multiply defined.


LaTeX Warning: Label `Eq.MF.4.3a' multiply defined.


LaTeX Warning: Label `Eq.MF.5.3a' multiply defined.


LaTeX Warning: Label `Eq.MF.6.3a' multiply defined.


LaTeX Warning: Label `Tma.4.2.Dai' multiply defined.


LaTeX Warning: Label `Eq.3.7' multiply defined.


LaTeX Warning: Label `Lema3.1' multiply defined.


LaTeX Warning: Label `Tma.5.1.Chen' multiply defined.


LaTeX Warning: Label `Lema.5.2.Gut' multiply defined.


LaTeX Warning: Label `Tma.5.1.Gut' multiply defined.


LaTeX Warning: Label `Prop.5.1' multiply defined.


LaTeX Warning: Label `Eq.Prop.5.1' multiply defined.


LaTeX Warning: Label `Eq.5.4' multiply defined.


LaTeX Warning: Label `Eq.5.11' multiply defined.


LaTeX Warning: Label `Eq.5.13' multiply defined.


LaTeX Warning: Label `Eq.5.14' multiply defined.


LaTeX Warning: Label `Tma.6.2' multiply defined.


LaTeX Warning: Label `Tma.6.3' multiply defined.


LaTeX Warning: Label `Prop.5.1.DaiSean' multiply defined.


LaTeX Warning: Label `Lema.5.2.DaiSean' multiply defined.


LaTeX Warning: Label `Tma.5.5.DaiSean' multiply defined.


LaTeX Warning: Label `Tma.6.2.DaiSean' multiply defined.


LaTeX Warning: Label `Tma.6.3.DaiSean' multiply defined.


LaTeX Warning: Label `Tma.6.4.DaiSean' multiply defined.


LaTeX Warning: Label `Tma2.2.Down' multiply defined.


LaTeX Warning: Label `Eq.Inestability' multiply defined.


LaTeX Warning: Label `Lema4.2' multiply defined.


LaTeX Warning: Label `E1.4.2' multiply defined.


LaTeX Warning: Label `E1.4.3' multiply defined.


LaTeX Warning: Label `E1.4.4' multiply defined.


LaTeX Warning: Label `Lema.4.3' multiply defined.


LaTeX Warning: Label `Eq.MF.1.3' multiply defined.


LaTeX Warning: Label `Eq.MF.2.3' multiply defined.


LaTeX Warning: Label `Eq.MF.3.3' multiply defined.


LaTeX Warning: Label `Eq.MF.4.3' multiply defined.


LaTeX Warning: Label `Eq.MF.5.3' multiply defined.


LaTeX Warning: Label `Eq.MF.6.3' multiply defined.


LaTeX Warning: Label `Eq.4.15' multiply defined.


LaTeX Warning: Label `Eq.4.16' multiply defined.


LaTeX Warning: Label `Eq.MF.1.3a' multiply defined.


LaTeX Warning: Label `Eq.MF.2.3a' multiply defined.


LaTeX Warning: Label `Eq.MF.3.3a' multiply defined.


LaTeX Warning: Label `Eq.MF.4.3a' multiply defined.


LaTeX Warning: Label `Eq.MF.5.3a' multiply defined.


LaTeX Warning: Label `Eq.MF.6.3a' multiply defined.


LaTeX Warning: Label `Tma.4.2.Dai' multiply defined.


LaTeX Warning: Label `Eq.3.7' multiply defined.


LaTeX Warning: Label `Eq.3.8' multiply defined.


LaTeX Warning: Label `Eq.3.9' multiply defined.


LaTeX Warning: Label `Eq.3.10' multiply defined.


LaTeX Warning: Label `Eq.3.11' multiply defined.


LaTeX Warning: Label `Eq.3.12' multiply defined.


LaTeX Warning: Label `Eq.3.13' multiply defined.


LaTeX Warning: Label `CondAd.FluidModel' multiply defined.


LaTeX Warning: Label `Estability.Eq1' multiply defined.


LaTeX Warning: Label `Estability.Eq2' multiply defined.


LaTeX Warning: Label `Estability.Eq3' multiply defined.


LaTeX Warning: Label `Estability.Eq4' multiply defined.


LaTeX Warning: Label `Prop.5.1.DaiSean' multiply defined.


LaTeX Warning: Label `Lema.5.2.DaiSean' multiply defined.


LaTeX Warning: Label `Tma.5.5.DaiSean' multiply defined.


LaTeX Warning: Label `Tma.6.2.DaiSean' multiply defined.


LaTeX Warning: Label `Tma.6.3.DaiSean' multiply defined.


LaTeX Warning: Label `Tma.6.4.DaiSean' multiply defined.


LaTeX Warning: Label `Tma2.2.Down' multiply defined.


LaTeX Warning: Label `Eq.Inestability' multiply defined.


LaTeX Warning: Label `Tma2.3.Down' multiply defined.


LaTeX Warning: Label `Eq.Rho.1serv' multiply defined.


LaTeX Warning: Label `Cto.Borel' multiply defined.


LaTeX Warning: Label `Funcion.Medible' multiply defined.


LaTeX Warning: Label `Def.Cilindros' multiply defined.


LaTeX Warning: Label `Def.Proc.Adaptado' multiply defined.


LaTeX Warning: Label `Def.Tiempo.Paro' multiply defined.


LaTeX Warning: Label `Prop.Markov' multiply defined.


LaTeX Warning: Label `Prop.Fuerte.Markov' multiply defined.


LaTeX Warning: Label `Lema3.1' multiply defined.


LaTeX Warning: Label `Tma.5.2' multiply defined.


LaTeX Warning: Label `Tma.5.1.Chen' multiply defined.


LaTeX Warning: Label `Lema.5.2.Gut' multiply defined.


LaTeX Warning: Label `Tma.5.1.Gut' multiply defined.


LaTeX Warning: Label `Prop.5.1' multiply defined.


LaTeX Warning: Label `Eq.Prop.5.1' multiply defined.


LaTeX Warning: Label `Eq.5.4' multiply defined.


LaTeX Warning: Label `Eq.5.11' multiply defined.


LaTeX Warning: Label `Eq.5.13' multiply defined.


LaTeX Warning: Label `Eq.5.14' multiply defined.


LaTeX Warning: Label `Tma.6.2' multiply defined.


LaTeX Warning: Label `Tma.6.3' multiply defined.


LaTeX Warning: Label `S1' multiply defined.


LaTeX Warning: Label `S2' multiply defined.


LaTeX Warning: Label `S1' multiply defined.


LaTeX Warning: Label `S2' multiply defined.


LaTeX Warning: Label `Esp.Edos.Down' multiply defined.


LaTeX Warning: Label `Def.Cto.Peq.' multiply defined.


LaTeX Warning: Label `Eq.3.1' multiply defined.


LaTeX Warning: Label `Lema.3.' multiply defined.


LaTeX Warning: Label `Tma.3.1' multiply defined.


LaTeX Warning: Label `Eq.Punto.Limite' multiply defined.


LaTeX Warning: Label `Eq.MF.1' multiply defined.


LaTeX Warning: Label `Eq.MF.2' multiply defined.


LaTeX Warning: Label `Eq.MF.3' multiply defined.


LaTeX Warning: Label `Eq.MF.4' multiply defined.


LaTeX Warning: Label `Def.Modelo.Flujo' multiply defined.


LaTeX Warning: Label `Tma.4.2.Dai' multiply defined.


LaTeX Warning: Label `Eq.3.7' multiply defined.


LaTeX Warning: Label `Tma2.1.Down' multiply defined.


LaTeX Warning: Label `Estability.Eq1' multiply defined.


LaTeX Warning: Label `Estability.Eq2' multiply defined.


LaTeX Warning: Label `Estability.Eq3' multiply defined.


LaTeX Warning: Label `Estability.Eq4' multiply defined.


LaTeX Warning: Label `Tma2.3.Down' multiply defined.


LaTeX Warning: Label `Eq.Rho.1serv' multiply defined.


LaTeX Warning: Label `Prop.Fuerte.Markov' multiply defined.


LaTeX Warning: Label `Sup3.1.Davis' multiply defined.


LaTeX Warning: Label `Eq.A2.3' multiply defined.


LaTeX Warning: Label `Tma.A2.2' multiply defined.


LaTeX Warning: Label `Eq.Kernels' multiply defined.


LaTeX Warning: Label `Eq.1.6.S' multiply defined.


LaTeX Warning: Label `Eq.1.4.S' multiply defined.


LaTeX Warning: Label `Eq.1.8.S' multiply defined.


LaTeX Warning: Label `Eq.2.1.S' multiply defined.


LaTeX Warning: Label `Def.2.2.S' multiply defined.


LaTeX Warning: Label `Eq.Shift' multiply defined.


LaTeX Warning: Label `Eq.2.2.S' multiply defined.


LaTeX Warning: Label `Def.PD' multiply defined.


LaTeX Warning: Label `Lema4.2' multiply defined.


LaTeX Warning: Label `E1.4.2' multiply defined.


LaTeX Warning: Label `E1.4.3' multiply defined.


LaTeX Warning: Label `E1.4.4' multiply defined.


LaTeX Warning: Label `Lema.4.3' multiply defined.


LaTeX Warning: Label `Eq.MF.1.3' multiply defined.


LaTeX Warning: Label `Eq.MF.2.3' multiply defined.


LaTeX Warning: Label `Eq.MF.3.3' multiply defined.


LaTeX Warning: Label `Eq.MF.4.3' multiply defined.


LaTeX Warning: Label `Eq.MF.5.3' multiply defined.


LaTeX Warning: Label `Eq.MF.6.3' multiply defined.


LaTeX Warning: Label `Eq.4.15' multiply defined.


LaTeX Warning: Label `Eq.4.16' multiply defined.


LaTeX Warning: Label `Eq.MF.1.3a' multiply defined.


LaTeX Warning: Label `Eq.MF.2.3a' multiply defined.


LaTeX Warning: Label `Eq.MF.3.3a' multiply defined.


LaTeX Warning: Label `Eq.MF.4.3a' multiply defined.


LaTeX Warning: Label `Eq.MF.5.3a' multiply defined.


LaTeX Warning: Label `Eq.MF.6.3a' multiply defined.


LaTeX Warning: Label `Lema3.1' multiply defined.


LaTeX Warning: Label `Tma.5.1.Chen' multiply defined.


LaTeX Warning: Label `Lema.5.2.Gut' multiply defined.


LaTeX Warning: Label `Tma.5.1.Gut' multiply defined.


LaTeX Warning: Label `Prop.5.1' multiply defined.


LaTeX Warning: Label `Eq.Prop.5.1' multiply defined.


LaTeX Warning: Label `Eq.5.4' multiply defined.


LaTeX Warning: Label `Eq.5.11' multiply defined.


LaTeX Warning: Label `Eq.5.13' multiply defined.


LaTeX Warning: Label `Eq.5.14' multiply defined.


LaTeX Warning: Label `Tma.6.2' multiply defined.


LaTeX Warning: Label `Tma.6.3' multiply defined.


LaTeX Warning: Label `Prop.5.1.DaiSean' multiply defined.


LaTeX Warning: Label `Lema.5.2.DaiSean' multiply defined.


LaTeX Warning: Label `Tma.5.5.DaiSean' multiply defined.


LaTeX Warning: Label `Tma.6.2.DaiSean' multiply defined.


LaTeX Warning: Label `Tma.6.3.DaiSean' multiply defined.


LaTeX Warning: Label `Tma.6.4.DaiSean' multiply defined.


LaTeX Warning: Label `Tma2.2.Down' multiply defined.


LaTeX Warning: Label `Eq.Inestability' multiply defined.


LaTeX Warning: Label `Cto.Borel' multiply defined.


LaTeX Warning: Label `Funcion.Medible' multiply defined.


LaTeX Warning: Label `Def.Cilindros' multiply defined.


LaTeX Warning: Label `Def.Proc.Adaptado' multiply defined.


LaTeX Warning: Label `Def.Tiempo.Paro' multiply defined.


LaTeX Warning: Label `Prop.Markov' multiply defined.


LaTeX Warning: Label `Prop.Fuerte.Markov' multiply defined.


LaTeX Warning: Label `Sup3.1.Davis' multiply defined.


LaTeX Warning: Label `Eq.A2.3' multiply defined.


LaTeX Warning: Label `Tma.A2.2' multiply defined.


LaTeX Warning: Label `Eq.Kernels' multiply defined.


LaTeX Warning: Label `Eq.1.6.S' multiply defined.


LaTeX Warning: Label `Eq.1.8.S' multiply defined.


LaTeX Warning: Label `Eq.2.1.S' multiply defined.


LaTeX Warning: Label `Eq.1.4.S' multiply defined.


LaTeX Warning: Label `Def.2.2.S' multiply defined.


LaTeX Warning: Label `Eq.Shift' multiply defined.


LaTeX Warning: Label `Eq.2.2.S' multiply defined.


LaTeX Warning: Label `Def.PD' multiply defined.


LaTeX Warning: Label `Lema4.2' multiply defined.


LaTeX Warning: Label `E1.4.2' multiply defined.


LaTeX Warning: Label `E1.4.3' multiply defined.


LaTeX Warning: Label `E1.4.4' multiply defined.


LaTeX Warning: Label `Lema.4.3' multiply defined.


LaTeX Warning: Label `Eq.MF.1.3' multiply defined.


LaTeX Warning: Label `Eq.MF.2.3' multiply defined.


LaTeX Warning: Label `Eq.MF.3.3' multiply defined.


LaTeX Warning: Label `Eq.MF.4.3' multiply defined.


LaTeX Warning: Label `Eq.MF.5.3' multiply defined.


LaTeX Warning: Label `Eq.MF.6.3' multiply defined.


LaTeX Warning: Label `Eq.4.15' multiply defined.


LaTeX Warning: Label `Eq.4.16' multiply defined.


LaTeX Warning: Label `Eq.MF.1.3a' multiply defined.


LaTeX Warning: Label `Eq.MF.2.3a' multiply defined.


LaTeX Warning: Label `Eq.MF.3.3a' multiply defined.


LaTeX Warning: Label `Eq.MF.4.3a' multiply defined.


LaTeX Warning: Label `Eq.MF.5.3a' multiply defined.


LaTeX Warning: Label `Eq.MF.6.3a' multiply defined.


LaTeX Warning: Label `Tma.5.1.Gut' multiply defined.


LaTeX Warning: Label `Eq.5.4' multiply defined.


LaTeX Warning: Label `Eq.5.11' multiply defined.


LaTeX Warning: Label `CondAd.FluidModel' multiply defined.


LaTeX Warning: Label `Eq.3.8' multiply defined.


LaTeX Warning: Label `Eq.3.9' multiply defined.


LaTeX Warning: Label `Eq.3.10' multiply defined.


LaTeX Warning: Label `Eq.3.11' multiply defined.


LaTeX Warning: Label `Eq.3.12' multiply defined.


LaTeX Warning: Label `Eq.3.13' multiply defined.


LaTeX Warning: Label `Lema3.1' multiply defined.


LaTeX Warning: Label `Tma.5.1.Chen' multiply defined.


LaTeX Warning: Label `Prop.5.1.DaiSean' multiply defined.


LaTeX Warning: Label `Lema.5.2.DaiSean' multiply defined.


LaTeX Warning: Label `Tma.5.5.DaiSean' multiply defined.


LaTeX Warning: Label `Tma.6.2.DaiSean' multiply defined.


LaTeX Warning: Label `Tma.6.3.DaiSean' multiply defined.


LaTeX Warning: Label `Tma.6.4.DaiSean' multiply defined.


LaTeX Warning: Label `Tma2.2.Down' multiply defined.


LaTeX Warning: Label `Eq.Inestability' multiply defined.


LaTeX Warning: Label `Cto.Borel' multiply defined.


LaTeX Warning: Label `Funcion.Medible' multiply defined.


LaTeX Warning: Label `Def.Cilindros' multiply defined.


LaTeX Warning: Label `Def.Proc.Adaptado' multiply defined.


LaTeX Warning: Label `Def.Tiempo.Paro' multiply defined.


LaTeX Warning: Label `Prop.Markov' multiply defined.


LaTeX Warning: Label `Prop.Fuerte.Markov' multiply defined.


LaTeX Warning: Label `Sup3.1.Davis' multiply defined.


LaTeX Warning: Label `Eq.A2.3' multiply defined.


LaTeX Warning: Label `Tma.A2.2' multiply defined.


LaTeX Warning: Label `Eq.Kernels' multiply defined.


LaTeX Warning: Label `Eq.1.6.S' multiply defined.


LaTeX Warning: Label `Eq.1.4.S' multiply defined.


LaTeX Warning: Label `Eq.1.8.S' multiply defined.


LaTeX Warning: Label `Eq.2.1.S' multiply defined.


LaTeX Warning: Label `Def.2.2.S' multiply defined.


LaTeX Warning: Label `Eq.Shift' multiply defined.


LaTeX Warning: Label `Eq.2.2.S' multiply defined.


LaTeX Warning: Label `Def.PD' multiply defined.


LaTeX Warning: Label `Lema4.2' multiply defined.


LaTeX Warning: Label `E1.4.2' multiply defined.


LaTeX Warning: Label `E1.4.3' multiply defined.


LaTeX Warning: Label `E1.4.4' multiply defined.


LaTeX Warning: Label `Lema.4.3' multiply defined.


LaTeX Warning: Label `Eq.MF.1.3' multiply defined.


LaTeX Warning: Label `Eq.MF.2.3' multiply defined.


LaTeX Warning: Label `Eq.MF.3.3' multiply defined.


LaTeX Warning: Label `Eq.MF.4.3' multiply defined.


LaTeX Warning: Label `Eq.MF.5.3' multiply defined.


LaTeX Warning: Label `Eq.MF.6.3' multiply defined.


LaTeX Warning: Label `Eq.4.15' multiply defined.


LaTeX Warning: Label `Eq.4.16' multiply defined.


LaTeX Warning: Label `Eq.MF.1.3a' multiply defined.


LaTeX Warning: Label `Eq.MF.2.3a' multiply defined.


LaTeX Warning: Label `Eq.MF.3.3a' multiply defined.


LaTeX Warning: Label `Eq.MF.4.3a' multiply defined.


LaTeX Warning: Label `Eq.MF.5.3a' multiply defined.


LaTeX Warning: Label `Eq.MF.6.3a' multiply defined.


LaTeX Warning: Label `Tma.4.2.Dai' multiply defined.


LaTeX Warning: Label `Eq.3.7' multiply defined.


LaTeX Warning: Label `Lema3.1' multiply defined.


LaTeX Warning: Label `Tma.5.2' multiply defined.


LaTeX Warning: Label `Tma.5.1.Chen' multiply defined.


LaTeX Warning: Label `Lema.5.2.Gut' multiply defined.


LaTeX Warning: Label `Tma.5.1.Gut' multiply defined.


LaTeX Warning: Label `Prop.5.1' multiply defined.


LaTeX Warning: Label `Eq.Prop.5.1' multiply defined.


LaTeX Warning: Label `Eq.5.4' multiply defined.


LaTeX Warning: Label `Eq.5.11' multiply defined.


LaTeX Warning: Label `Eq.5.13' multiply defined.


LaTeX Warning: Label `Eq.5.14' multiply defined.


LaTeX Warning: Label `Tma.6.2' multiply defined.


LaTeX Warning: Label `Tma.6.3' multiply defined.


LaTeX Warning: Label `Prop.5.1.DaiSean' multiply defined.


LaTeX Warning: Label `Lema.5.2.DaiSean' multiply defined.


LaTeX Warning: Label `Tma.5.5.DaiSean' multiply defined.


LaTeX Warning: Label `Tma.6.2.DaiSean' multiply defined.


LaTeX Warning: Label `Tma.6.3.DaiSean' multiply defined.


LaTeX Warning: Label `Tma.6.4.DaiSean' multiply defined.


LaTeX Warning: Label `Tma2.2.Down' multiply defined.


LaTeX Warning: Label `Eq.Inestability' multiply defined.


LaTeX Warning: Label `Eq.phi' multiply defined.


LaTeX Warning: Label `Lema4.2' multiply defined.


LaTeX Warning: Label `E1.4.2' multiply defined.


LaTeX Warning: Label `E1.4.3' multiply defined.


LaTeX Warning: Label `E1.4.4' multiply defined.


LaTeX Warning: Label `Lema.4.3' multiply defined.


LaTeX Warning: Label `Eq.MF.1.3' multiply defined.


LaTeX Warning: Label `Eq.MF.2.3' multiply defined.


LaTeX Warning: Label `Eq.MF.3.3' multiply defined.


LaTeX Warning: Label `Eq.MF.4.3' multiply defined.


LaTeX Warning: Label `Eq.MF.5.3' multiply defined.


LaTeX Warning: Label `Eq.MF.6.3' multiply defined.


LaTeX Warning: Label `Eq.4.15' multiply defined.


LaTeX Warning: Label `Eq.4.16' multiply defined.


LaTeX Warning: Label `Eq.MF.1.3a' multiply defined.


LaTeX Warning: Label `Eq.MF.2.3a' multiply defined.


LaTeX Warning: Label `Eq.MF.3.3a' multiply defined.


LaTeX Warning: Label `Eq.MF.4.3a' multiply defined.


LaTeX Warning: Label `Eq.MF.5.3a' multiply defined.


LaTeX Warning: Label `Eq.MF.6.3a' multiply defined.


LaTeX Warning: Label `Tma.4.2.Dai' multiply defined.


LaTeX Warning: Label `Eq.3.7' multiply defined.


LaTeX Warning: Label `Eq.3.8' multiply defined.


LaTeX Warning: Label `Eq.3.9' multiply defined.


LaTeX Warning: Label `Eq.3.10' multiply defined.


LaTeX Warning: Label `Eq.3.11' multiply defined.


LaTeX Warning: Label `Eq.3.12' multiply defined.


LaTeX Warning: Label `Eq.3.13' multiply defined.


LaTeX Warning: Label `CondAd.FluidModel' multiply defined.


LaTeX Warning: Label `Tma.2.1.Down' multiply defined.


LaTeX Warning: Label `Estability.Eq1' multiply defined.


LaTeX Warning: Label `Estability.Eq2' multiply defined.


LaTeX Warning: Label `Estability.Eq3' multiply defined.


LaTeX Warning: Label `Estability.Eq4' multiply defined.


LaTeX Warning: Label `Prop.5.1.DaiSean' multiply defined.


LaTeX Warning: Label `Lema.5.2.DaiSean' multiply defined.


LaTeX Warning: Label `Tma.5.5.DaiSean' multiply defined.


LaTeX Warning: Label `Tma.6.2.DaiSean' multiply defined.


LaTeX Warning: Label `Tma.6.3.DaiSean' multiply defined.


LaTeX Warning: Label `Tma.6.4.DaiSean' multiply defined.


LaTeX Warning: Label `Tma2.2.Down' multiply defined.


LaTeX Warning: Label `Eq.Inestability' multiply defined.


LaTeX Warning: Label `Tma2.3.Down' multiply defined.


LaTeX Warning: Label `Eq.Rho.1serv' multiply defined.


LaTeX Warning: Label `Cto.Borel' multiply defined.


LaTeX Warning: Label `Funcion.Medible' multiply defined.


LaTeX Warning: Label `Def.Cilindros' multiply defined.


LaTeX Warning: Label `Def.Proc.Adaptado' multiply defined.


LaTeX Warning: Label `Def.Tiempo.Paro' multiply defined.


LaTeX Warning: Label `Prop.Markov' multiply defined.


LaTeX Warning: Label `Prop.Fuerte.Markov' multiply defined.


LaTeX Warning: Label `Lema3.1' multiply defined.


LaTeX Warning: Label `Tma.5.2' multiply defined.


LaTeX Warning: Label `Tma.5.1.Chen' multiply defined.


LaTeX Warning: Label `Lema.5.2.Gut' multiply defined.


LaTeX Warning: Label `Tma.5.1.Gut' multiply defined.


LaTeX Warning: Label `Prop.5.1' multiply defined.


LaTeX Warning: Label `Eq.Prop.5.1' multiply defined.


LaTeX Warning: Label `Eq.5.4' multiply defined.


LaTeX Warning: Label `Eq.5.11' multiply defined.


LaTeX Warning: Label `Eq.5.13' multiply defined.


LaTeX Warning: Label `Eq.5.14' multiply defined.


LaTeX Warning: Label `Tma.6.2' multiply defined.


LaTeX Warning: Label `Tma.6.3' multiply defined.


LaTeX Warning: Label `Esp.Edos.Down' multiply defined.


LaTeX Warning: Label `Eq.A2.3' multiply defined.


LaTeX Warning: Label `Tma.A2.2' multiply defined.


LaTeX Warning: Label `Eq.Kernels' multiply defined.


LaTeX Warning: Label `Eq.1.6.S' multiply defined.


LaTeX Warning: Label `Eq.1.8.S' multiply defined.


LaTeX Warning: Label `Eq.2.1.S' multiply defined.


LaTeX Warning: Label `Def.2.2.S' multiply defined.


LaTeX Warning: Label `Eq.1.4.S' multiply defined.


LaTeX Warning: Label `Eq.Shift' multiply defined.


LaTeX Warning: Label `Eq.2.2.S' multiply defined.


LaTeX Warning: Label `Def.PD' multiply defined.


LaTeX Warning: Label `Cto.Borel' multiply defined.


LaTeX Warning: Label `Funcion.Medible' multiply defined.


LaTeX Warning: Label `Def.Cilindros' multiply defined.


LaTeX Warning: Label `Def.Proc.Adaptado' multiply defined.


LaTeX Warning: Label `Def.Tiempo.Paro' multiply defined.


LaTeX Warning: Label `Prop.Markov' multiply defined.


LaTeX Warning: Label `Prop.Fuerte.Markov' multiply defined.


LaTeX Warning: Label `Sup3.1.Davis' multiply defined.


LaTeX Warning: Label `Eq.A2.3' multiply defined.


LaTeX Warning: Label `Tma.A2.2' multiply defined.


LaTeX Warning: Label `Eq.Kernels' multiply defined.


LaTeX Warning: Label `Eq.1.6.S' multiply defined.


LaTeX Warning: Label `Eq.1.8.S' multiply defined.


LaTeX Warning: Label `Eq.2.1.S' multiply defined.


LaTeX Warning: Label `Def.2.2.S' multiply defined.


LaTeX Warning: Label `Eq.Shift' multiply defined.


LaTeX Warning: Label `Eq.2.2.S' multiply defined.


LaTeX Warning: Label `Def.PD' multiply defined.


LaTeX Warning: Label `Eq.1.4.S' multiply defined.


LaTeX Warning: Label `Lema4.2' multiply defined.


LaTeX Warning: Label `E1.4.2' multiply defined.


LaTeX Warning: Label `E1.4.3' multiply defined.


LaTeX Warning: Label `E1.4.4' multiply defined.


LaTeX Warning: Label `Lema.4.3' multiply defined.


LaTeX Warning: Label `Eq.MF.1.3' multiply defined.


LaTeX Warning: Label `Eq.MF.2.3' multiply defined.


LaTeX Warning: Label `Eq.MF.3.3' multiply defined.


LaTeX Warning: Label `Eq.MF.4.3' multiply defined.


LaTeX Warning: Label `Eq.MF.5.3' multiply defined.


LaTeX Warning: Label `Eq.MF.6.3' multiply defined.


LaTeX Warning: Label `Eq.4.15' multiply defined.


LaTeX Warning: Label `Eq.4.16' multiply defined.


LaTeX Warning: Label `Eq.MF.1.3a' multiply defined.


LaTeX Warning: Label `Eq.MF.2.3a' multiply defined.


LaTeX Warning: Label `Eq.MF.3.3a' multiply defined.


LaTeX Warning: Label `Eq.MF.4.3a' multiply defined.


LaTeX Warning: Label `Eq.MF.5.3a' multiply defined.


LaTeX Warning: Label `Eq.MF.6.3a' multiply defined.


LaTeX Warning: Label `Tma.4.2.Dai' multiply defined.


LaTeX Warning: Label `Eq.3.7' multiply defined.


LaTeX Warning: Label `Lema3.1' multiply defined.


LaTeX Warning: Label `Tma.5.2' multiply defined.


LaTeX Warning: Label `Tma.5.1.Chen' multiply defined.


LaTeX Warning: Label `Lema.5.2.Gut' multiply defined.


LaTeX Warning: Label `Tma.5.1.Gut' multiply defined.


LaTeX Warning: Label `Prop.5.1' multiply defined.


LaTeX Warning: Label `Eq.Prop.5.1' multiply defined.


LaTeX Warning: Label `Eq.5.4' multiply defined.


LaTeX Warning: Label `Eq.5.11' multiply defined.


LaTeX Warning: Label `Eq.5.13' multiply defined.


LaTeX Warning: Label `Eq.5.14' multiply defined.


LaTeX Warning: Label `Tma.6.2' multiply defined.


LaTeX Warning: Label `Tma.6.3' multiply defined.


LaTeX Warning: Label `Prop.5.1.DaiSean' multiply defined.


LaTeX Warning: Label `Lema.5.2.DaiSean' multiply defined.


LaTeX Warning: Label `Tma.5.5.DaiSean' multiply defined.


LaTeX Warning: Label `Tma.6.2.DaiSean' multiply defined.


LaTeX Warning: Label `Tma.6.3.DaiSean' multiply defined.


LaTeX Warning: Label `Tma.6.4.DaiSean' multiply defined.


LaTeX Warning: Label `Tma2.2.Down' multiply defined.


LaTeX Warning: Label `Eq.Inestability' multiply defined.


LaTeX Warning: Label `S1' multiply defined.


LaTeX Warning: Label `S2' multiply defined.


LaTeX Warning: Label `Esp.Edos.Down' multiply defined.


LaTeX Warning: Label `Def.Cto.Peq.' multiply defined.


LaTeX Warning: Label `Eq.3.1' multiply defined.


LaTeX Warning: Label `Lema.3.' multiply defined.


LaTeX Warning: Label `Tma.3.1' multiply defined.


LaTeX Warning: Label `Eq.Punto.Limite' multiply defined.


LaTeX Warning: Label `Eq.MF.1' multiply defined.


LaTeX Warning: Label `Eq.MF.2' multiply defined.


LaTeX Warning: Label `Eq.MF.3' multiply defined.


LaTeX Warning: Label `Eq.MF.4' multiply defined.


LaTeX Warning: Label `Def.Modelo.Flujo' multiply defined.


LaTeX Warning: Label `Tma.4.2.Dai' multiply defined.


LaTeX Warning: Label `Eq.3.7' multiply defined.


LaTeX Warning: Label `Tma2.1.Down' multiply defined.


LaTeX Warning: Label `Estability.Eq1' multiply defined.


LaTeX Warning: Label `Estability.Eq2' multiply defined.


LaTeX Warning: Label `Estability.Eq3' multiply defined.


LaTeX Warning: Label `Estability.Eq4' multiply defined.


LaTeX Warning: Label `Tma2.3.Down' multiply defined.


LaTeX Warning: Label `Eq.Rho.1serv' multiply defined.


LaTeX Warning: Label `Lema.4.3' multiply defined.


LaTeX Warning: Label `Eq.4.15' multiply defined.


LaTeX Warning: Label `Eq.4.16' multiply defined.


LaTeX Warning: Label `Eq.MF.1.3a' multiply defined.


LaTeX Warning: Label `Eq.MF.2.3a' multiply defined.


LaTeX Warning: Label `Eq.MF.3.3a' multiply defined.


LaTeX Warning: Label `Eq.MF.4.3a' multiply defined.


LaTeX Warning: Label `Eq.MF.5.3a' multiply defined.


LaTeX Warning: Label `Eq.MF.6.3a' multiply defined.


LaTeX Warning: Label `Lema3.1' multiply defined.


LaTeX Warning: Label `Lema.5.2.Gut' multiply defined.


LaTeX Warning: Label `Tma.5.1.Gut' multiply defined.


LaTeX Warning: Label `Prop.5.1' multiply defined.


LaTeX Warning: Label `Eq.Prop.5.1' multiply defined.


LaTeX Warning: Label `Eq.5.4' multiply defined.


LaTeX Warning: Label `Eq.5.11' multiply defined.


LaTeX Warning: Label `Eq.5.13' multiply defined.


LaTeX Warning: Label `Eq.5.14' multiply defined.


LaTeX Warning: Label `Tma.6.2' multiply defined.


LaTeX Warning: Label `Tma.6.3' multiply defined.


LaTeX Warning: Label `Prop.5.1.DaiSean' multiply defined.


LaTeX Warning: Label `Tma.5.5.DaiSean' multiply defined.


LaTeX Warning: Label `Tma.6.4.DaiSean' multiply defined.


LaTeX Warning: Label `Tma2.2.Down' multiply defined.


LaTeX Warning: Label `Eq.Inestability' multiply defined.


LaTeX Warning: Label `Eq.3.8' multiply defined.


LaTeX Warning: Label `Eq.3.9' multiply defined.


LaTeX Warning: Label `Eq.3.10' multiply defined.


LaTeX Warning: Label `Eq.3.11' multiply defined.


LaTeX Warning: Label `Eq.3.12' multiply defined.


LaTeX Warning: Label `Eq.3.13' multiply defined.


LaTeX Warning: Label `CondAd.FluidModel' multiply defined.


LaTeX Warning: Label `S1' multiply defined.


LaTeX Warning: Label `S2' multiply defined.


LaTeX Warning: Label `Tma.6.2' multiply defined.


LaTeX Warning: Label `Tma.6.3' multiply defined.


LaTeX Warning: Label `S1' multiply defined.


LaTeX Warning: Label `S2' multiply defined.


LaTeX Warning: Label `S1' multiply defined.


LaTeX Warning: Label `S2' multiply defined.


LaTeX Warning: Label `Esp.Edos.Down' multiply defined.


LaTeX Warning: Label `Def.Cto.Peq.' multiply defined.


LaTeX Warning: Label `Eq.3.1' multiply defined.


LaTeX Warning: Label `Lema.3.' multiply defined.


LaTeX Warning: Label `Tma.3.1' multiply defined.


LaTeX Warning: Label `Eq.Punto.Limite' multiply defined.


LaTeX Warning: Label `Eq.MF.1' multiply defined.


LaTeX Warning: Label `Eq.MF.2' multiply defined.


LaTeX Warning: Label `Eq.MF.3' multiply defined.


LaTeX Warning: Label `Eq.MF.4' multiply defined.


LaTeX Warning: Label `Def.Modelo.Flujo' multiply defined.


LaTeX Warning: Label `Tma.4.2.Dai' multiply defined.


LaTeX Warning: Label `Eq.3.7' multiply defined.


LaTeX Warning: Label `Tma2.1.Down' multiply defined.


LaTeX Warning: Label `Estability.Eq1' multiply defined.


LaTeX Warning: Label `Estability.Eq2' multiply defined.


LaTeX Warning: Label `Estability.Eq3' multiply defined.


LaTeX Warning: Label `Estability.Eq4' multiply defined.


LaTeX Warning: Label `Tma2.3.Down' multiply defined.


LaTeX Warning: Label `Eq.Rho.1serv' multiply defined.


LaTeX Warning: Label `S1' multiply defined.


LaTeX Warning: Label `S2' multiply defined.


LaTeX Warning: Label `Eq.Esp.Estados' multiply defined.


LaTeX Warning: Label `Eq.3.8' multiply defined.


LaTeX Warning: Label `Eq.3.9' multiply defined.


LaTeX Warning: Label `Eq.3.10' multiply defined.


LaTeX Warning: Label `Eq.3.11' multiply defined.


LaTeX Warning: Label `Eq.Inestability' multiply defined.


LaTeX Warning: Label `S1' multiply defined.


LaTeX Warning: Label `S2' multiply defined.


LaTeX Warning: Label `Esp.Edos.Down' multiply defined.


LaTeX Warning: Label `Def.Cto.Peq.' multiply defined.


LaTeX Warning: Label `Eq.3.1' multiply defined.


LaTeX Warning: Label `Lema.3.' multiply defined.


LaTeX Warning: Label `Tma.3.1' multiply defined.


LaTeX Warning: Label `Eq.Punto.Limite' multiply defined.


LaTeX Warning: Label `Eq.MF.1' multiply defined.


LaTeX Warning: Label `Eq.MF.2' multiply defined.


LaTeX Warning: Label `Eq.MF.3' multiply defined.


LaTeX Warning: Label `Eq.MF.4' multiply defined.


LaTeX Warning: Label `Def.Modelo.Flujo' multiply defined.


LaTeX Warning: Label `Tma.4.2.Dai' multiply defined.


LaTeX Warning: Label `Eq.3.7' multiply defined.


LaTeX Warning: Label `Tma2.1.Down' multiply defined.


LaTeX Warning: Label `Estability.Eq1' multiply defined.


LaTeX Warning: Label `Estability.Eq2' multiply defined.


LaTeX Warning: Label `Estability.Eq3' multiply defined.


LaTeX Warning: Label `Estability.Eq4' multiply defined.


LaTeX Warning: Label `Tma2.3.Down' multiply defined.


LaTeX Warning: Label `Eq.Rho.1serv' multiply defined.


LaTeX Warning: Label `S1' multiply defined.


LaTeX Warning: Label `S2' multiply defined.


LaTeX Warning: Label `Esp.Edos.Down' multiply defined.


LaTeX Warning: Label `Def.Cto.Peq.' multiply defined.


LaTeX Warning: Label `Eq.3.1' multiply defined.


LaTeX Warning: Label `Lema.3.' multiply defined.


LaTeX Warning: Label `Tma.3.1' multiply defined.


LaTeX Warning: Label `Eq.Punto.Limite' multiply defined.


LaTeX Warning: Label `Eq.MF.1' multiply defined.


LaTeX Warning: Label `Eq.MF.2' multiply defined.


LaTeX Warning: Label `Eq.MF.3' multiply defined.


LaTeX Warning: Label `Eq.MF.4' multiply defined.


LaTeX Warning: Label `Def.Modelo.Flujo' multiply defined.


LaTeX Warning: Label `Tma.4.2.Dai' multiply defined.


LaTeX Warning: Label `Eq.3.7' multiply defined.


LaTeX Warning: Label `Tma2.1.Down' multiply defined.


LaTeX Warning: Label `Estability.Eq1' multiply defined.


LaTeX Warning: Label `Estability.Eq2' multiply defined.


LaTeX Warning: Label `Estability.Eq3' multiply defined.


LaTeX Warning: Label `Estability.Eq4' multiply defined.


LaTeX Warning: Label `Tma2.3.Down' multiply defined.


LaTeX Warning: Label `Eq.Rho.1serv' multiply defined.


LaTeX Warning: Label `Def.Cto.Peq.' multiply defined.


LaTeX Warning: Label `Eq.3.1' multiply defined.


LaTeX Warning: Label `Lema.3.' multiply defined.


LaTeX Warning: Label `Tma.3.1' multiply defined.


LaTeX Warning: Label `Eq.Punto.Limite' multiply defined.


LaTeX Warning: Label `Eq.MF.1' multiply defined.


LaTeX Warning: Label `Eq.MF.2' multiply defined.


LaTeX Warning: Label `Eq.MF.3' multiply defined.


LaTeX Warning: Label `Eq.MF.4' multiply defined.


LaTeX Warning: Label `Def.Modelo.Flujo' multiply defined.


LaTeX Warning: Label `Tma.4.2.Dai' multiply defined.


LaTeX Warning: Label `Eq.3.7' multiply defined.


LaTeX Warning: Label `Tma2.1.Down' multiply defined.


LaTeX Warning: Label `Estability.Eq1' multiply defined.


LaTeX Warning: Label `Estability.Eq2' multiply defined.


LaTeX Warning: Label `Estability.Eq3' multiply defined.


LaTeX Warning: Label `Estability.Eq4' multiply defined.


LaTeX Warning: Label `Tma2.3.Down' multiply defined.


LaTeX Warning: Label `Eq.Rho.1serv' multiply defined.


LaTeX Warning: Label `S1' multiply defined.


LaTeX Warning: Label `S2' multiply defined.


LaTeX Warning: Label `Esp.Edos.Down' multiply defined.


LaTeX Warning: Label `Def.Cto.Peq.' multiply defined.


LaTeX Warning: Label `Eq.3.1' multiply defined.


LaTeX Warning: Label `Lema.3.' multiply defined.


LaTeX Warning: Label `Tma.3.1' multiply defined.


LaTeX Warning: Label `Eq.Punto.Limite' multiply defined.


LaTeX Warning: Label `Eq.MF.1' multiply defined.


LaTeX Warning: Label `Eq.MF.2' multiply defined.


LaTeX Warning: Label `Eq.MF.3' multiply defined.


LaTeX Warning: Label `Eq.MF.4' multiply defined.


LaTeX Warning: Label `Def.Modelo.Flujo' multiply defined.


LaTeX Warning: Label `Tma.4.2.Dai' multiply defined.


LaTeX Warning: Label `Eq.3.7' multiply defined.


LaTeX Warning: Label `Tma2.1.Down' multiply defined.


LaTeX Warning: Label `Estability.Eq1' multiply defined.


LaTeX Warning: Label `Estability.Eq2' multiply defined.


LaTeX Warning: Label `Estability.Eq3' multiply defined.


LaTeX Warning: Label `Estability.Eq4' multiply defined.


LaTeX Warning: Label `Tma2.3.Down' multiply defined.


LaTeX Warning: Label `Eq.Rho.1serv' multiply defined.


LaTeX Warning: Label `S1' multiply defined.


LaTeX Warning: Label `S2' multiply defined.


LaTeX Warning: Label `Esp.Edos.Down' multiply defined.


LaTeX Warning: Label `S1' multiply defined.


LaTeX Warning: Label `S2' multiply defined.


LaTeX Warning: Label `S1' multiply defined.


LaTeX Warning: Label `S2' multiply defined.


LaTeX Warning: Label `Esp.Edos.Down' multiply defined.


LaTeX Warning: Label `Def.Cto.Peq.' multiply defined.


LaTeX Warning: Label `Eq.3.1' multiply defined.


LaTeX Warning: Label `Lema.3.' multiply defined.


LaTeX Warning: Label `Tma.3.1' multiply defined.


LaTeX Warning: Label `Eq.Punto.Limite' multiply defined.


LaTeX Warning: Label `Eq.MF.1' multiply defined.


LaTeX Warning: Label `Eq.MF.2' multiply defined.


LaTeX Warning: Label `Eq.MF.3' multiply defined.


LaTeX Warning: Label `Eq.MF.4' multiply defined.


LaTeX Warning: Label `Def.Modelo.Flujo' multiply defined.


LaTeX Warning: Label `Tma.4.2.Dai' multiply defined.


LaTeX Warning: Label `Eq.3.7' multiply defined.


LaTeX Warning: Label `Tma2.1.Down' multiply defined.


LaTeX Warning: Label `Estability.Eq1' multiply defined.


LaTeX Warning: Label `Estability.Eq2' multiply defined.


LaTeX Warning: Label `Estability.Eq3' multiply defined.


LaTeX Warning: Label `Estability.Eq4' multiply defined.


LaTeX Warning: Label `Tma2.3.Down' multiply defined.


LaTeX Warning: Label `Eq.Rho.1serv' multiply defined.


LaTeX Warning: Label `Prop.Fuerte.Markov' multiply defined.


LaTeX Warning: Label `Sup3.1.Davis' multiply defined.


LaTeX Warning: Label `Eq.A2.3' multiply defined.


LaTeX Warning: Label `Tma.A2.2' multiply defined.


LaTeX Warning: Label `Eq.Kernels' multiply defined.


LaTeX Warning: Label `Eq.1.6.S' multiply defined.


LaTeX Warning: Label `Eq.1.8.S' multiply defined.


LaTeX Warning: Label `Eq.2.1.S' multiply defined.


LaTeX Warning: Label `Def.2.2.S' multiply defined.


LaTeX Warning: Label `Eq.Shift' multiply defined.


LaTeX Warning: Label `Eq.2.2.S' multiply defined.


LaTeX Warning: Label `Def.PD' multiply defined.


LaTeX Warning: Label `Eq.1.4.S' multiply defined.


LaTeX Warning: Label `Lema4.2' multiply defined.


LaTeX Warning: Label `E1.4.2' multiply defined.


LaTeX Warning: Label `E1.4.3' multiply defined.


LaTeX Warning: Label `E1.4.4' multiply defined.


LaTeX Warning: Label `Lema.4.3' multiply defined.


LaTeX Warning: Label `Eq.MF.1.3' multiply defined.


LaTeX Warning: Label `Eq.MF.2.3' multiply defined.


LaTeX Warning: Label `Eq.MF.3.3' multiply defined.


LaTeX Warning: Label `Eq.MF.4.3' multiply defined.


LaTeX Warning: Label `Eq.MF.5.3' multiply defined.


LaTeX Warning: Label `Eq.MF.6.3' multiply defined.


LaTeX Warning: Label `Eq.4.15' multiply defined.


LaTeX Warning: Label `Eq.4.16' multiply defined.


LaTeX Warning: Label `Eq.MF.1.3a' multiply defined.


LaTeX Warning: Label `Eq.MF.2.3a' multiply defined.


LaTeX Warning: Label `Eq.MF.3.3a' multiply defined.


LaTeX Warning: Label `Eq.MF.4.3a' multiply defined.


LaTeX Warning: Label `Eq.MF.5.3a' multiply defined.


LaTeX Warning: Label `Eq.MF.6.3a' multiply defined.


LaTeX Warning: Label `Lema3.1' multiply defined.


LaTeX Warning: Label `Tma.5.1.Chen' multiply defined.


LaTeX Warning: Label `Lema.5.2.Gut' multiply defined.


LaTeX Warning: Label `Tma.5.1.Gut' multiply defined.


LaTeX Warning: Label `Prop.5.1' multiply defined.


LaTeX Warning: Label `Eq.Prop.5.1' multiply defined.


LaTeX Warning: Label `Eq.5.4' multiply defined.


LaTeX Warning: Label `Eq.5.11' multiply defined.


LaTeX Warning: Label `Eq.5.13' multiply defined.


LaTeX Warning: Label `Eq.5.14' multiply defined.


LaTeX Warning: Label `Tma.6.2' multiply defined.


LaTeX Warning: Label `Tma.6.3' multiply defined.


LaTeX Warning: Label `Prop.5.1.DaiSean' multiply defined.


LaTeX Warning: Label `Lema.5.2.DaiSean' multiply defined.


LaTeX Warning: Label `Tma.5.5.DaiSean' multiply defined.


LaTeX Warning: Label `Tma.6.2.DaiSean' multiply defined.


LaTeX Warning: Label `Tma.6.3.DaiSean' multiply defined.


LaTeX Warning: Label `Tma.6.4.DaiSean' multiply defined.


LaTeX Warning: Label `Tma2.2.Down' multiply defined.


LaTeX Warning: Label `Eq.Inestability' multiply defined.


LaTeX Warning: Label `Lema4.2' multiply defined.


LaTeX Warning: Label `E1.4.2' multiply defined.


LaTeX Warning: Label `E1.4.3' multiply defined.


LaTeX Warning: Label `E1.4.4' multiply defined.


LaTeX Warning: Label `Lema.4.3' multiply defined.


LaTeX Warning: Label `Eq.MF.1.3' multiply defined.


LaTeX Warning: Label `Eq.MF.2.3' multiply defined.


LaTeX Warning: Label `Eq.MF.3.3' multiply defined.


LaTeX Warning: Label `Eq.MF.4.3' multiply defined.


LaTeX Warning: Label `Eq.MF.5.3' multiply defined.


LaTeX Warning: Label `Eq.MF.6.3' multiply defined.


LaTeX Warning: Label `Eq.4.15' multiply defined.


LaTeX Warning: Label `Eq.4.16' multiply defined.


LaTeX Warning: Label `Eq.MF.1.3a' multiply defined.


LaTeX Warning: Label `Eq.MF.2.3a' multiply defined.


LaTeX Warning: Label `Eq.MF.3.3a' multiply defined.


LaTeX Warning: Label `Eq.MF.4.3a' multiply defined.


LaTeX Warning: Label `Eq.MF.5.3a' multiply defined.


LaTeX Warning: Label `Eq.MF.6.3a' multiply defined.


LaTeX Warning: Label `Tma.5.1.Gut' multiply defined.


LaTeX Warning: Label `Eq.5.4' multiply defined.


LaTeX Warning: Label `Eq.5.11' multiply defined.


LaTeX Warning: Label `Cto.Borel' multiply defined.


LaTeX Warning: Label `Funcion.Medible' multiply defined.


LaTeX Warning: Label `Def.Cilindros' multiply defined.


LaTeX Warning: Label `Def.Proc.Adaptado' multiply defined.


LaTeX Warning: Label `Def.Tiempo.Paro' multiply defined.


LaTeX Warning: Label `Prop.Markov' multiply defined.


LaTeX Warning: Label `Prop.Fuerte.Markov' multiply defined.


LaTeX Warning: Label `Sup3.1.Davis' multiply defined.


LaTeX Warning: Label `Eq.A2.3' multiply defined.


LaTeX Warning: Label `Tma.A2.2' multiply defined.


LaTeX Warning: Label `Eq.Kernels' multiply defined.


LaTeX Warning: Label `Eq.1.6.S' multiply defined.


LaTeX Warning: Label `Eq.1.8.S' multiply defined.


LaTeX Warning: Label `Eq.1.4.S' multiply defined.


LaTeX Warning: Label `Eq.2.1.S' multiply defined.


LaTeX Warning: Label `Def.2.2.S' multiply defined.


LaTeX Warning: Label `Eq.Shift' multiply defined.


LaTeX Warning: Label `Eq.2.2.S' multiply defined.


LaTeX Warning: Label `Def.PD' multiply defined.


LaTeX Warning: Label `Lema4.2' multiply defined.


LaTeX Warning: Label `E1.4.2' multiply defined.


LaTeX Warning: Label `E1.4.3' multiply defined.


LaTeX Warning: Label `E1.4.4' multiply defined.


LaTeX Warning: Label `Lema.4.3' multiply defined.


LaTeX Warning: Label `Eq.MF.1.3' multiply defined.


LaTeX Warning: Label `Eq.MF.2.3' multiply defined.


LaTeX Warning: Label `Eq.MF.3.3' multiply defined.


LaTeX Warning: Label `Eq.MF.4.3' multiply defined.


LaTeX Warning: Label `Eq.MF.5.3' multiply defined.


LaTeX Warning: Label `Eq.MF.6.3' multiply defined.


LaTeX Warning: Label `Eq.4.15' multiply defined.


LaTeX Warning: Label `Eq.4.16' multiply defined.


LaTeX Warning: Label `Eq.MF.1.3a' multiply defined.


LaTeX Warning: Label `Eq.MF.2.3a' multiply defined.


LaTeX Warning: Label `Eq.MF.3.3a' multiply defined.


LaTeX Warning: Label `Eq.MF.4.3a' multiply defined.


LaTeX Warning: Label `Eq.MF.5.3a' multiply defined.


LaTeX Warning: Label `Eq.MF.6.3a' multiply defined.


LaTeX Warning: Label `Tma.4.2.Dai' multiply defined.


LaTeX Warning: Label `Eq.3.7' multiply defined.


LaTeX Warning: Label `Lema3.1' multiply defined.


LaTeX Warning: Label `Tma.5.2' multiply defined.


LaTeX Warning: Label `Tma.5.1.Chen' multiply defined.


LaTeX Warning: Label `Lema.5.2.Gut' multiply defined.


LaTeX Warning: Label `Tma.5.1.Gut' multiply defined.


LaTeX Warning: Label `Prop.5.1' multiply defined.


LaTeX Warning: Label `Eq.Prop.5.1' multiply defined.


LaTeX Warning: Label `Eq.5.4' multiply defined.


LaTeX Warning: Label `Eq.5.11' multiply defined.


LaTeX Warning: Label `Eq.5.13' multiply defined.


LaTeX Warning: Label `Eq.5.14' multiply defined.


LaTeX Warning: Label `Tma.6.2' multiply defined.


LaTeX Warning: Label `Tma.6.3' multiply defined.


LaTeX Warning: Label `Prop.5.1.DaiSean' multiply defined.


LaTeX Warning: Label `Lema.5.2.DaiSean' multiply defined.


LaTeX Warning: Label `Tma.5.5.DaiSean' multiply defined.


LaTeX Warning: Label `Tma.6.2.DaiSean' multiply defined.


LaTeX Warning: Label `Tma.6.3.DaiSean' multiply defined.


LaTeX Warning: Label `Tma.6.4.DaiSean' multiply defined.


LaTeX Warning: Label `Tma2.2.Down' multiply defined.


LaTeX Warning: Label `Eq.Inestability' multiply defined.


LaTeX Warning: Label `Eq.phi' multiply defined.


LaTeX Warning: Label `Lema4.2' multiply defined.


LaTeX Warning: Label `E1.4.2' multiply defined.


LaTeX Warning: Label `E1.4.3' multiply defined.


LaTeX Warning: Label `E1.4.4' multiply defined.


LaTeX Warning: Label `Lema.4.3' multiply defined.


LaTeX Warning: Label `Eq.MF.1.3' multiply defined.


LaTeX Warning: Label `Eq.MF.2.3' multiply defined.


LaTeX Warning: Label `Eq.MF.3.3' multiply defined.


LaTeX Warning: Label `Eq.MF.4.3' multiply defined.


LaTeX Warning: Label `Eq.MF.5.3' multiply defined.


LaTeX Warning: Label `Eq.MF.6.3' multiply defined.


LaTeX Warning: Label `Eq.4.15' multiply defined.


LaTeX Warning: Label `Eq.4.16' multiply defined.


LaTeX Warning: Label `Eq.MF.1.3a' multiply defined.


LaTeX Warning: Label `Eq.MF.2.3a' multiply defined.


LaTeX Warning: Label `Eq.MF.3.3a' multiply defined.


LaTeX Warning: Label `Eq.MF.4.3a' multiply defined.


LaTeX Warning: Label `Eq.MF.5.3a' multiply defined.


LaTeX Warning: Label `Eq.MF.6.3a' multiply defined.


LaTeX Warning: Label `Tma.4.2.Dai' multiply defined.


LaTeX Warning: Label `Eq.3.7' multiply defined.


LaTeX Warning: Label `Eq.3.8' multiply defined.


LaTeX Warning: Label `Eq.3.9' multiply defined.


LaTeX Warning: Label `Eq.3.10' multiply defined.


LaTeX Warning: Label `Eq.3.11' multiply defined.


LaTeX Warning: Label `Eq.3.12' multiply defined.


LaTeX Warning: Label `Eq.3.13' multiply defined.


LaTeX Warning: Label `CondAd.FluidModel' multiply defined.


LaTeX Warning: Label `Tma.2.1.Down' multiply defined.


LaTeX Warning: Label `Estability.Eq1' multiply defined.


LaTeX Warning: Label `Estability.Eq2' multiply defined.


LaTeX Warning: Label `Estability.Eq3' multiply defined.


LaTeX Warning: Label `Estability.Eq4' multiply defined.


LaTeX Warning: Label `Prop.5.1.DaiSean' multiply defined.


LaTeX Warning: Label `Lema.5.2.DaiSean' multiply defined.


LaTeX Warning: Label `Tma.5.5.DaiSean' multiply defined.


LaTeX Warning: Label `Tma.6.2.DaiSean' multiply defined.


LaTeX Warning: Label `Tma.6.3.DaiSean' multiply defined.


LaTeX Warning: Label `Tma.6.4.DaiSean' multiply defined.


LaTeX Warning: Label `Tma2.2.Down' multiply defined.


LaTeX Warning: Label `Eq.Inestability' multiply defined.


LaTeX Warning: Label `Tma2.3.Down' multiply defined.


LaTeX Warning: Label `Eq.Rho.1serv' multiply defined.


LaTeX Warning: Label `Eq.3.8' multiply defined.


LaTeX Warning: Label `Eq.3.9' multiply defined.


LaTeX Warning: Label `Eq.3.10' multiply defined.


LaTeX Warning: Label `Eq.3.11' multiply defined.


LaTeX Warning: Label `Eq.3.12' multiply defined.


LaTeX Warning: Label `Eq.3.13' multiply defined.


LaTeX Warning: Label `CondAd.FluidModel' multiply defined.


LaTeX Warning: Label `Tma.4.1' multiply defined.


LaTeX Warning: Label `Eq.Esp.Estados' multiply defined.


LaTeX Warning: Label `S1' multiply defined.


LaTeX Warning: Label `S2' multiply defined.


LaTeX Warning: Label `Eq.4.4' multiply defined.


LaTeX Warning: Label `Lema.34.MeynDown' multiply defined.


LaTeX Warning: Label `Lema.5.2' multiply defined.


LaTeX Warning: Label `Tma.5.5' multiply defined.


LaTeX Warning: Label `Tma.6.2' multiply defined.


LaTeX Warning: Label `Tma.6.3' multiply defined.


LaTeX Warning: Label `Tma.6.4' multiply defined.


LaTeX Warning: Label `S1' multiply defined.


LaTeX Warning: Label `S2' multiply defined.


LaTeX Warning: Label `S1' multiply defined.


LaTeX Warning: Label `S2' multiply defined.


LaTeX Warning: Label `Eq.Esp.Estados' multiply defined.


LaTeX Warning: Label `Eq.3.8' multiply defined.


LaTeX Warning: Label `Eq.3.9' multiply defined.


LaTeX Warning: Label `Eq.3.10' multiply defined.


LaTeX Warning: Label `Eq.3.11' multiply defined.


LaTeX Warning: Label `Tma2.1' multiply defined.


LaTeX Warning: Label `Tma2.2' multiply defined.


LaTeX Warning: Label `Eq.Inestability' multiply defined.


LaTeX Warning: Label `Def.Ro' multiply defined.


LaTeX Warning: Label `RoM1' multiply defined.


LaTeX Warning: Label `Teo.Down' multiply defined.


LaTeX Warning: Label `Lema3.1' multiply defined.


LaTeX Warning: Label `Tma.5.2' multiply defined.


LaTeX Warning: Label `Tma.5.1.Chen' multiply defined.


LaTeX Warning: Label `Lema.5.2.Gut' multiply defined.


LaTeX Warning: Label `Tma.5.1.Gut' multiply defined.


LaTeX Warning: Label `Prop.5.1' multiply defined.


LaTeX Warning: Label `Eq.Prop.5.1' multiply defined.


LaTeX Warning: Label `Eq.5.4' multiply defined.


LaTeX Warning: Label `Eq.5.11' multiply defined.


LaTeX Warning: Label `Eq.5.13' multiply defined.


LaTeX Warning: Label `Eq.5.14' multiply defined.


LaTeX Warning: Label `Tma.6.2' multiply defined.


LaTeX Warning: Label `Tma.6.3' multiply defined.


LaTeX Warning: Label `S1' multiply defined.


LaTeX Warning: Label `S2' multiply defined.


LaTeX Warning: Label `Eq.Kernels' multiply defined.


LaTeX Warning: Label `Eq.1.6.S' multiply defined.


LaTeX Warning: Label `Eq.1.8.S' multiply defined.


LaTeX Warning: Label `Eq.2.1.S' multiply defined.


LaTeX Warning: Label `Def.2.2.S' multiply defined.


LaTeX Warning: Label `Eq.Shift' multiply defined.


LaTeX Warning: Label `Eq.1.4.S' multiply defined.


LaTeX Warning: Label `Eq.2.2.S' multiply defined.


LaTeX Warning: Label `Def.PD' multiply defined.


LaTeX Warning: Label `Lema4.2' multiply defined.


LaTeX Warning: Label `E1.4.2' multiply defined.


LaTeX Warning: Label `E1.4.3' multiply defined.


LaTeX Warning: Label `E1.4.4' multiply defined.


LaTeX Warning: Label `Lema.4.3' multiply defined.


LaTeX Warning: Label `Eq.MF.1.3' multiply defined.


LaTeX Warning: Label `Eq.MF.2.3' multiply defined.


LaTeX Warning: Label `Eq.MF.3.3' multiply defined.


LaTeX Warning: Label `Eq.MF.4.3' multiply defined.


LaTeX Warning: Label `Eq.MF.5.3' multiply defined.


LaTeX Warning: Label `Eq.MF.6.3' multiply defined.


LaTeX Warning: Label `Eq.4.15' multiply defined.


LaTeX Warning: Label `Eq.4.16' multiply defined.


LaTeX Warning: Label `Eq.MF.1.3a' multiply defined.


LaTeX Warning: Label `Eq.MF.2.3a' multiply defined.


LaTeX Warning: Label `Eq.MF.3.3a' multiply defined.


LaTeX Warning: Label `Eq.MF.4.3a' multiply defined.


LaTeX Warning: Label `Eq.MF.5.3a' multiply defined.


LaTeX Warning: Label `Eq.MF.6.3a' multiply defined.


LaTeX Warning: Label `Tma.4.2.Dai' multiply defined.


LaTeX Warning: Label `Eq.3.7' multiply defined.


LaTeX Warning: Label `Lema3.1' multiply defined.


LaTeX Warning: Label `Tma.5.2' multiply defined.


LaTeX Warning: Label `Tma.5.1.Chen' multiply defined.


LaTeX Warning: Label `Lema.5.2.Gut' multiply defined.


LaTeX Warning: Label `Tma.5.1.Gut' multiply defined.


LaTeX Warning: Label `Prop.5.1' multiply defined.


LaTeX Warning: Label `Eq.Prop.5.1' multiply defined.


LaTeX Warning: Label `Eq.5.4' multiply defined.


LaTeX Warning: Label `Eq.5.11' multiply defined.


LaTeX Warning: Label `Eq.5.13' multiply defined.


LaTeX Warning: Label `Eq.5.14' multiply defined.


LaTeX Warning: Label `Tma.6.2' multiply defined.


LaTeX Warning: Label `Tma.6.3' multiply defined.


LaTeX Warning: Label `Prop.5.1.DaiSean' multiply defined.


LaTeX Warning: Label `Lema.5.2.DaiSean' multiply defined.


LaTeX Warning: Label `Tma.5.5.DaiSean' multiply defined.


LaTeX Warning: Label `Tma.6.2.DaiSean' multiply defined.


LaTeX Warning: Label `Tma.6.3.DaiSean' multiply defined.


LaTeX Warning: Label `Tma.6.4.DaiSean' multiply defined.


LaTeX Warning: Label `Tma2.2.Down' multiply defined.


LaTeX Warning: Label `Eq.Inestability' multiply defined.


LaTeX Warning: Label `Cto.Borel' multiply defined.


LaTeX Warning: Label `Funcion.Medible' multiply defined.


LaTeX Warning: Label `Def.Cilindros' multiply defined.


LaTeX Warning: Label `Def.Proc.Adaptado' multiply defined.


LaTeX Warning: Label `Def.Tiempo.Paro' multiply defined.


LaTeX Warning: Label `Prop.Markov' multiply defined.


LaTeX Warning: Label `Prop.Fuerte.Markov' multiply defined.


LaTeX Warning: Label `Lema3.1' multiply defined.


LaTeX Warning: Label `Tma.5.2' multiply defined.


LaTeX Warning: Label `Tma.5.1.Chen' multiply defined.


LaTeX Warning: Label `Lema.5.2.Gut' multiply defined.


LaTeX Warning: Label `Tma.5.1.Gut' multiply defined.


LaTeX Warning: Label `Prop.5.1' multiply defined.


LaTeX Warning: Label `Eq.Prop.5.1' multiply defined.


LaTeX Warning: Label `Eq.5.4' multiply defined.


LaTeX Warning: Label `Eq.5.11' multiply defined.


LaTeX Warning: Label `Eq.5.13' multiply defined.


LaTeX Warning: Label `Eq.5.14' multiply defined.


LaTeX Warning: Label `Tma.6.2' multiply defined.


LaTeX Warning: Label `Tma.6.3' multiply defined.


LaTeX Warning: Label `Esp.Edos.Down' multiply defined.


LaTeX Warning: Label `Eq.A2.3' multiply defined.


LaTeX Warning: Label `Tma.A2.2' multiply defined.


LaTeX Warning: Label `Eq.Kernels' multiply defined.


LaTeX Warning: Label `Eq.1.6.S' multiply defined.


LaTeX Warning: Label `Eq.1.4.S' multiply defined.


LaTeX Warning: Label `Eq.1.8.S' multiply defined.


LaTeX Warning: Label `Eq.2.1.S' multiply defined.


LaTeX Warning: Label `Def.2.2.S' multiply defined.


LaTeX Warning: Label `Eq.Shift' multiply defined.


LaTeX Warning: Label `Eq.2.2.S' multiply defined.


LaTeX Warning: Label `Def.PD' multiply defined.


LaTeX Warning: Label `Cto.Borel' multiply defined.


LaTeX Warning: Label `Funcion.Medible' multiply defined.


LaTeX Warning: Label `Def.Cilindros' multiply defined.


LaTeX Warning: Label `Def.Proc.Adaptado' multiply defined.


LaTeX Warning: Label `Def.Tiempo.Paro' multiply defined.


LaTeX Warning: Label `Prop.Markov' multiply defined.


LaTeX Warning: Label `Prop.Fuerte.Markov' multiply defined.


LaTeX Warning: Label `Sup3.1.Davis' multiply defined.


LaTeX Warning: Label `Eq.A2.3' multiply defined.


LaTeX Warning: Label `Tma.A2.2' multiply defined.


LaTeX Warning: Label `Eq.Kernels' multiply defined.


LaTeX Warning: Label `Eq.1.6.S' multiply defined.


LaTeX Warning: Label `Eq.1.8.S' multiply defined.


LaTeX Warning: Label `Eq.2.1.S' multiply defined.


LaTeX Warning: Label `Eq.1.4.S' multiply defined.


LaTeX Warning: Label `Def.2.2.S' multiply defined.


LaTeX Warning: Label `Eq.Shift' multiply defined.


LaTeX Warning: Label `Eq.2.2.S' multiply defined.


LaTeX Warning: Label `Def.PD' multiply defined.


LaTeX Warning: Label `Lema4.2' multiply defined.


LaTeX Warning: Label `E1.4.2' multiply defined.


LaTeX Warning: Label `E1.4.3' multiply defined.


LaTeX Warning: Label `E1.4.4' multiply defined.


LaTeX Warning: Label `Lema.4.3' multiply defined.


LaTeX Warning: Label `Eq.MF.1.3' multiply defined.


LaTeX Warning: Label `Eq.MF.2.3' multiply defined.


LaTeX Warning: Label `Eq.MF.3.3' multiply defined.


LaTeX Warning: Label `Eq.MF.4.3' multiply defined.


LaTeX Warning: Label `Eq.MF.5.3' multiply defined.


LaTeX Warning: Label `Eq.MF.6.3' multiply defined.


LaTeX Warning: Label `Eq.4.15' multiply defined.


LaTeX Warning: Label `Eq.4.16' multiply defined.


LaTeX Warning: Label `Eq.MF.1.3a' multiply defined.


LaTeX Warning: Label `Eq.MF.2.3a' multiply defined.


LaTeX Warning: Label `Eq.MF.3.3a' multiply defined.


LaTeX Warning: Label `Eq.MF.4.3a' multiply defined.


LaTeX Warning: Label `Eq.MF.5.3a' multiply defined.


LaTeX Warning: Label `Eq.MF.6.3a' multiply defined.


LaTeX Warning: Label `Tma.4.2.Dai' multiply defined.


LaTeX Warning: Label `Eq.3.7' multiply defined.


LaTeX Warning: Label `Lema3.1' multiply defined.


LaTeX Warning: Label `Tma.5.2' multiply defined.


LaTeX Warning: Label `Tma.5.1.Chen' multiply defined.


LaTeX Warning: Label `Lema.5.2.Gut' multiply defined.


LaTeX Warning: Label `Tma.5.1.Gut' multiply defined.


LaTeX Warning: Label `Prop.5.1' multiply defined.


LaTeX Warning: Label `Eq.Prop.5.1' multiply defined.


LaTeX Warning: Label `Eq.5.4' multiply defined.


LaTeX Warning: Label `Eq.5.11' multiply defined.


LaTeX Warning: Label `Eq.5.13' multiply defined.


LaTeX Warning: Label `Eq.5.14' multiply defined.


LaTeX Warning: Label `Tma.6.2' multiply defined.


LaTeX Warning: Label `Tma.6.3' multiply defined.


LaTeX Warning: Label `Prop.5.1.DaiSean' multiply defined.


LaTeX Warning: Label `Lema.5.2.DaiSean' multiply defined.


LaTeX Warning: Label `Tma.5.5.DaiSean' multiply defined.


LaTeX Warning: Label `Tma.6.2.DaiSean' multiply defined.


LaTeX Warning: Label `Tma.6.3.DaiSean' multiply defined.


LaTeX Warning: Label `Tma.6.4.DaiSean' multiply defined.


LaTeX Warning: Label `Tma2.2.Down' multiply defined.


LaTeX Warning: Label `Eq.Inestability' multiply defined.


LaTeX Warning: Label `Eq.Punto.Limite' multiply defined.


LaTeX Warning: Label `Eq.MF.1' multiply defined.


LaTeX Warning: Label `Eq.MF.2' multiply defined.


LaTeX Warning: Label `Eq.MF.3' multiply defined.


LaTeX Warning: Label `Eq.MF.4' multiply defined.


LaTeX Warning: Label `Def.Modelo.Flujo' multiply defined.


LaTeX Warning: Label `Tma.4.2.Dai' multiply defined.


LaTeX Warning: Label `Eq.3.7' multiply defined.


LaTeX Warning: Label `Tma2.1.Down' multiply defined.


LaTeX Warning: Label `Estability.Eq1' multiply defined.


LaTeX Warning: Label `Estability.Eq2' multiply defined.


LaTeX Warning: Label `Estability.Eq3' multiply defined.


LaTeX Warning: Label `Estability.Eq4' multiply defined.


LaTeX Warning: Label `Tma2.3.Down' multiply defined.


LaTeX Warning: Label `Eq.Rho.1serv' multiply defined.


LaTeX Warning: Label `Def.Cto.Peq.' multiply defined.


LaTeX Warning: Label `Eq.3.1' multiply defined.


LaTeX Warning: Label `Lema.3.' multiply defined.


LaTeX Warning: Label `Tma.3.1' multiply defined.


LaTeX Warning: Label `Lema.4.3' multiply defined.


LaTeX Warning: Label `Eq.4.15' multiply defined.


LaTeX Warning: Label `Eq.4.16' multiply defined.


LaTeX Warning: Label `Eq.MF.1.3a' multiply defined.


LaTeX Warning: Label `Eq.MF.2.3a' multiply defined.


LaTeX Warning: Label `Eq.MF.3.3a' multiply defined.


LaTeX Warning: Label `Eq.MF.4.3a' multiply defined.


LaTeX Warning: Label `Eq.MF.5.3a' multiply defined.


LaTeX Warning: Label `Eq.MF.6.3a' multiply defined.


LaTeX Warning: Label `Lema3.1' multiply defined.


LaTeX Warning: Label `Lema.5.2.Gut' multiply defined.


LaTeX Warning: Label `Tma.5.1.Gut' multiply defined.


LaTeX Warning: Label `Prop.5.1' multiply defined.


LaTeX Warning: Label `Eq.Prop.5.1' multiply defined.


LaTeX Warning: Label `Prop.5.3.DaiSean' multiply defined.


LaTeX Warning: Label `Eq.5.4' multiply defined.


LaTeX Warning: Label `Prop.5.4.DaiSean' multiply defined.


LaTeX Warning: Label `Eq.5.11' multiply defined.


LaTeX Warning: Label `Eq.5.13' multiply defined.


LaTeX Warning: Label `Eq.5.14' multiply defined.


LaTeX Warning: Label `Tma.6.2' multiply defined.


LaTeX Warning: Label `Tma.6.3' multiply defined.


LaTeX Warning: Label `Prop.5.1.DaiSean' multiply defined.


LaTeX Warning: Label `Tma.5.5.DaiSean' multiply defined.


LaTeX Warning: Label `Tma.6.4.DaiSean' multiply defined.


LaTeX Warning: Label `Tma2.2.Down' multiply defined.


LaTeX Warning: Label `Eq.Inestability' multiply defined.


LaTeX Warning: Label `Exhaustiva' multiply defined.


LaTeX Warning: Label `Exhaustiva' multiply defined.


LaTeX Warning: Label `Lema.4.3' multiply defined.


LaTeX Warning: Label `Eq.4.15' multiply defined.


LaTeX Warning: Label `Eq.4.16' multiply defined.


LaTeX Warning: Label `Eq.MF.1.3a' multiply defined.


LaTeX Warning: Label `Eq.MF.2.3a' multiply defined.


LaTeX Warning: Label `Eq.MF.3.3a' multiply defined.


LaTeX Warning: Label `Eq.MF.4.3a' multiply defined.


LaTeX Warning: Label `Eq.MF.5.3a' multiply defined.


LaTeX Warning: Label `Eq.MF.6.3a' multiply defined.


LaTeX Warning: Label `Lema3.1' multiply defined.


LaTeX Warning: Label `Lema.5.2.Gut' multiply defined.


LaTeX Warning: Label `Tma.5.1.Gut' multiply defined.


LaTeX Warning: Label `Prop.5.1' multiply defined.


LaTeX Warning: Label `Eq.Prop.5.1' multiply defined.


LaTeX Warning: Label `Prop.5.3.DaiSean' multiply defined.


LaTeX Warning: Label `Eq.5.4' multiply defined.


LaTeX Warning: Label `Prop.5.4.DaiSean' multiply defined.


LaTeX Warning: Label `Eq.5.11' multiply defined.


LaTeX Warning: Label `Eq.5.13' multiply defined.


LaTeX Warning: Label `Eq.5.14' multiply defined.


LaTeX Warning: Label `Tma.6.2' multiply defined.


LaTeX Warning: Label `Tma.6.3' multiply defined.


LaTeX Warning: Label `Prop.5.1.DaiSean' multiply defined.


LaTeX Warning: Label `Tma.5.5.DaiSean' multiply defined.


LaTeX Warning: Label `Tma.6.4.DaiSean' multiply defined.


LaTeX Warning: Label `Tma2.2.Down' multiply defined.


LaTeX Warning: Label `Eq.Inestability' multiply defined.


LaTeX Warning: Label `Lema.4.3' multiply defined.


LaTeX Warning: Label `Eq.4.15' multiply defined.


LaTeX Warning: Label `Eq.4.16' multiply defined.


LaTeX Warning: Label `Eq.MF.1.3a' multiply defined.


LaTeX Warning: Label `Eq.MF.2.3a' multiply defined.


LaTeX Warning: Label `Eq.MF.3.3a' multiply defined.


LaTeX Warning: Label `Eq.MF.4.3a' multiply defined.


LaTeX Warning: Label `Eq.MF.5.3a' multiply defined.


LaTeX Warning: Label `Eq.MF.6.3a' multiply defined.


LaTeX Warning: Label `Lema3.1' multiply defined.


LaTeX Warning: Label `Lema.5.2.Gut' multiply defined.


LaTeX Warning: Label `Tma.5.1.Gut' multiply defined.


LaTeX Warning: Label `Prop.5.1' multiply defined.


LaTeX Warning: Label `Eq.Prop.5.1' multiply defined.


LaTeX Warning: Label `Prop.5.3.DaiSean' multiply defined.


LaTeX Warning: Label `Eq.5.4' multiply defined.


LaTeX Warning: Label `Prop.5.4.DaiSean' multiply defined.


LaTeX Warning: Label `Eq.5.11' multiply defined.


LaTeX Warning: Label `Eq.5.13' multiply defined.


LaTeX Warning: Label `Eq.5.14' multiply defined.


LaTeX Warning: Label `Tma.6.2' multiply defined.


LaTeX Warning: Label `Tma.6.3' multiply defined.


LaTeX Warning: Label `Prop.5.1.DaiSean' multiply defined.


LaTeX Warning: Label `Tma.5.5.DaiSean' multiply defined.


LaTeX Warning: Label `Tma.6.4.DaiSean' multiply defined.


LaTeX Warning: Label `Tma2.2.Down' multiply defined.


LaTeX Warning: Label `Eq.Inestability' multiply defined.


LaTeX Warning: Label `Def.Ro' multiply defined.


LaTeX Warning: Label `RoM1' multiply defined.


LaTeX Warning: Label `Estability.Eq1' multiply defined.


LaTeX Warning: Label `Estability.Eq2' multiply defined.


LaTeX Warning: Label `Estability.Eq3' multiply defined.


LaTeX Warning: Label `Estability.Eq4' multiply defined.


LaTeX Warning: Label `Teorema.2.1' multiply defined.


LaTeX Warning: Label `Estability.Eq1' multiply defined.


LaTeX Warning: Label `Estability.Eq2' multiply defined.


LaTeX Warning: Label `Estability.Eq3' multiply defined.


LaTeX Warning: Label `Estability.Eq4' multiply defined.


LaTeX Warning: Label `Eq.Inestability' multiply defined.


LaTeX Warning: Label `Teorema.2.1' multiply defined.


LaTeX Warning: Label `Estability.Eq1' multiply defined.


LaTeX Warning: Label `Estability.Eq2' multiply defined.


LaTeX Warning: Label `Estability.Eq3' multiply defined.


LaTeX Warning: Label `Estability.Eq4' multiply defined.


LaTeX Warning: Label `Teorema2.2' multiply defined.


LaTeX Warning: Label `Eq.Inestability' multiply defined.


LaTeX Warning: Label `Def.Ro' multiply defined.


LaTeX Warning: Label `RoM1' multiply defined.


LaTeX Warning: Label `Def.Ro' multiply defined.


LaTeX Warning: Label `RoM1' multiply defined.


LaTeX Warning: Label `Lema.4.3' multiply defined.


LaTeX Warning: Label `Eq.4.15' multiply defined.


LaTeX Warning: Label `Eq.4.16' multiply defined.


LaTeX Warning: Label `Eq.MF.1.3a' multiply defined.


LaTeX Warning: Label `Eq.MF.2.3a' multiply defined.


LaTeX Warning: Label `Eq.MF.3.3a' multiply defined.


LaTeX Warning: Label `Eq.MF.4.3a' multiply defined.


LaTeX Warning: Label `Eq.MF.5.3a' multiply defined.


LaTeX Warning: Label `Eq.MF.6.3a' multiply defined.


LaTeX Warning: Label `Lema3.1' multiply defined.


LaTeX Warning: Label `Lema.5.2.Gut' multiply defined.


LaTeX Warning: Label `Tma.5.1.Gut' multiply defined.


LaTeX Warning: Label `Prop.5.1' multiply defined.


LaTeX Warning: Label `Eq.Prop.5.1' multiply defined.


LaTeX Warning: Label `Prop.5.3.DaiSean' multiply defined.


LaTeX Warning: Label `Eq.5.4' multiply defined.


LaTeX Warning: Label `Prop.5.4.DaiSean' multiply defined.


LaTeX Warning: Label `Eq.5.11' multiply defined.


LaTeX Warning: Label `Eq.5.13' multiply defined.


LaTeX Warning: Label `Eq.5.14' multiply defined.


LaTeX Warning: Label `Tma.6.2' multiply defined.


LaTeX Warning: Label `Tma.6.3' multiply defined.


LaTeX Warning: Label `Prop.5.1.DaiSean' multiply defined.


LaTeX Warning: Label `Tma.5.5.DaiSean' multiply defined.


LaTeX Warning: Label `Tma.6.4.DaiSean' multiply defined.


LaTeX Warning: Label `Tma2.2.Down' multiply defined.


LaTeX Warning: Label `Eq.Inestability' multiply defined.


LaTeX Warning: Label `Lema.4.3' multiply defined.


LaTeX Warning: Label `Eq.4.15' multiply defined.


LaTeX Warning: Label `Eq.4.16' multiply defined.


LaTeX Warning: Label `Eq.MF.1.3a' multiply defined.


LaTeX Warning: Label `Eq.MF.2.3a' multiply defined.


LaTeX Warning: Label `Eq.MF.3.3a' multiply defined.


LaTeX Warning: Label `Eq.MF.4.3a' multiply defined.


LaTeX Warning: Label `Eq.MF.5.3a' multiply defined.


LaTeX Warning: Label `Eq.MF.6.3a' multiply defined.


LaTeX Warning: Label `Lema3.1' multiply defined.


LaTeX Warning: Label `Lema.5.2.Gut' multiply defined.


LaTeX Warning: Label `Tma.5.1.Gut' multiply defined.


LaTeX Warning: Label `Prop.5.1' multiply defined.


LaTeX Warning: Label `Eq.Prop.5.1' multiply defined.


LaTeX Warning: Label `Prop.5.3.DaiSean' multiply defined.


LaTeX Warning: Label `Eq.5.4' multiply defined.


LaTeX Warning: Label `Prop.5.4.DaiSean' multiply defined.


LaTeX Warning: Label `Eq.5.11' multiply defined.


LaTeX Warning: Label `Eq.5.13' multiply defined.


LaTeX Warning: Label `Eq.5.14' multiply defined.


LaTeX Warning: Label `Tma.6.2' multiply defined.


LaTeX Warning: Label `Tma.6.3' multiply defined.


LaTeX Warning: Label `Prop.5.1.DaiSean' multiply defined.


LaTeX Warning: Label `Tma.5.5.DaiSean' multiply defined.


LaTeX Warning: Label `Tma.6.4.DaiSean' multiply defined.


LaTeX Warning: Label `Tma2.2.Down' multiply defined.


LaTeX Warning: Label `Eq.Inestability' multiply defined.


LaTeX Warning: Label `A:PD' multiply defined.


LaTeX Warning: Label `R:BT' multiply defined.


LaTeX Warning: Label `2.1' multiply defined.


LaTeX Warning: Label `2.2' multiply defined.


LaTeX Warning: Label `A:2' multiply defined.


LaTeX Warning: Label `A:3' multiply defined.


LaTeX Warning: Label `R:2' multiply defined.


LaTeX Warning: Label `A:4' multiply defined.


LaTeX Warning: Label `R:3' multiply defined.


LaTeX Warning: Label `C:1' multiply defined.


LaTeX Warning: Label `T:1' multiply defined.


LaTeX Warning: Label `Co:1' multiply defined.


LaTeX Warning: Label `E:1' multiply defined.


LaTeX Warning: Label `L:1' multiply defined.


LaTeX Warning: Label `Eq.UsuariosTotalesZ2' multiply defined.


LaTeX Warning: Label `Eq.Conjuntas' multiply defined.


LaTeX Warning: Label `Eq.Fs' multiply defined.


LaTeX Warning: Label `Eq.UsuariosTotalesZ2' multiply defined.


LaTeX Warning: Label `Eq.Gnk.2S' multiply defined.


LaTeX Warning: Label `Eq.3.16.a.2S' multiply defined.


LaTeX Warning: Label `Eq.3.16.b.2S' multiply defined.


LaTeX Warning: Label `Prop.1.1.2S' multiply defined.


LaTeX Warning: Label `Eq.Pag.45' multiply defined.


LaTeX Warning: Label `Eq.Pag.46' multiply defined.


LaTeX Warning: Label `Eq.Conjuntas' multiply defined.


LaTeX Warning: Label `Eq.Fs' multiply defined.


LaTeX Warning: Label `Ec.Ri' multiply defined.


LaTeX Warning: Label `Ec.Derivada.Ri' multiply defined.


LaTeX Warning: Label `Ec.Primeras.Derivadas.Parciales' multiply defined.


LaTeX Warning: Label `Ec.Derivadas.Segundo.Orden' multiply defined.


LaTeX Warning: Label `Ec.Ri' multiply defined.


LaTeX Warning: Label `Ec.Derivada.Ri' multiply defined.


LaTeX Warning: Label `Sist.Ec.Lineales.Doble.Traslado' multiply defined.


LaTeX Warning: Label `Ec.Derivadas.Segundo.Orden.Doble.Transferencia' multiply 
defined.


LaTeX Warning: Label `Ec.Ri' multiply defined.


LaTeX Warning: Label `Ec.Derivada.Ri' multiply defined.


LaTeX Warning: Label `Sist.Ec.Lineales.Doble.Traslado' multiply defined.


LaTeX Warning: Label `Ec.Derivadas.Segundo.Orden.Doble.Transferencia' multiply 
defined.


LaTeX Warning: Label `Ec.Ri' multiply defined.


LaTeX Warning: Label `Ec.Derivada.Ri' multiply defined.


LaTeX Warning: Label `Sist.Ec.Lineales.Doble.Traslado' multiply defined.


LaTeX Warning: Label `Ec.Derivadas.Segundo.Orden.Doble.Transferencia' multiply 
defined.


LaTeX Warning: Label `Ec.Ri' multiply defined.


LaTeX Warning: Label `Ec.Derivada.Ri' multiply defined.


LaTeX Warning: Label `Sist.Ec.Lineales.Doble.Traslado' multiply defined.


LaTeX Warning: Label `Ec.Derivadas.Segundo.Orden.Doble.Transferencia' multiply 
defined.


LaTeX Warning: Label `Ec.Ri' multiply defined.


LaTeX Warning: Label `Ec.Derivada.Ri' multiply defined.


LaTeX Warning: Label `Sist.Ec.Lineales.Doble.Traslado' multiply defined.


LaTeX Warning: Label `Ec.Derivadas.Segundo.Orden.Doble.Transferencia' multiply 
defined.


LaTeX Warning: Label `Ec.Ri' multiply defined.


LaTeX Warning: Label `Ec.Derivada.Ri' multiply defined.


LaTeX Warning: Label `Sist.Ec.Lineales.Doble.Traslado' multiply defined.


LaTeX Warning: Label `Ec.Derivadas.Segundo.Orden.Doble.Transferencia' multiply 
defined.


LaTeX Warning: Label `Ec.Ri' multiply defined.


LaTeX Warning: Label `Ec.Derivada.Ri' multiply defined.


LaTeX Warning: Label `Sist.Ec.Lineales.Doble.Traslado' multiply defined.


LaTeX Warning: Label `Ec.Derivadas.Segundo.Orden.Doble.Transferencia' multiply 
defined.


LaTeX Warning: Label `Ec.Ri' multiply defined.


LaTeX Warning: Label `Ec.Derivada.Ri' multiply defined.


LaTeX Warning: Label `Sist.Ec.Lineales.Doble.Traslado' multiply defined.


LaTeX Warning: Label `Ec.Derivadas.Segundo.Orden.Doble.Transferencia' multiply 
defined.


LaTeX Warning: Label `Ec.Ri' multiply defined.


LaTeX Warning: Label `Ec.Derivada.Ri' multiply defined.


LaTeX Warning: Label `Sist.Ec.Lineales.Doble.Traslado' multiply defined.


LaTeX Warning: Label `Ec.Derivadas.Segundo.Orden.Doble.Transferencia' multiply 
defined.


LaTeX Warning: Label `Ec.Ri' multiply defined.


LaTeX Warning: Label `Ec.Derivada.Ri' multiply defined.


LaTeX Warning: Label `Ec.Primeras.Derivadas.Parciales' multiply defined.


LaTeX Warning: Label `Ec.Derivadas.Segundo.Orden' multiply defined.


LaTeX Warning: Label `Ec.Ri' multiply defined.


LaTeX Warning: Label `Ec.Derivada.Ri' multiply defined.


LaTeX Warning: Label `Ec.Primeras.Derivadas.Parciales' multiply defined.


LaTeX Warning: Label `Ec.Derivadas.Segundo.Orden' multiply defined.


LaTeX Warning: Label `Eq.UsuariosTotalesZ2' multiply defined.


LaTeX Warning: Label `Eq.Conjuntas' multiply defined.


LaTeX Warning: Label `Eq.Fs' multiply defined.


LaTeX Warning: Label `Recursive.Equations.First.Casse' multiply defined.


LaTeX Warning: Label `Ec.Gral.Primer.Momento.Ind.Exh' multiply defined.


LaTeX Warning: Label `Ec.Gral.Segundo.Momento.Ind.Exh' multiply defined.


LaTeX Warning: Label `General.System.Double.Transfer' multiply defined.


LaTeX Warning: Label `Ec.Primer.Orden.General.Impar' multiply defined.


LaTeX Warning: Label `Ec.Primer.Orden.General.Par' multiply defined.


LaTeX Warning: Label `Ec.Primer.Orden.General.Impar.Gated' multiply defined.


LaTeX Warning: Label `Ec.Primer.Orden.General.Par.Gated' multiply defined.


LaTeX Warning: Label `Sol.Sist.Ec.Lineales.Gated' multiply defined.


LaTeX Warning: Label `Secc.Append.B' multiply defined.


LaTeX Warning: Label `Eq.Sdo.Orden.Exh' multiply defined.


LaTeX Warning: Label `Eq.Sdo.Orden.Gated' multiply defined.


LaTeX Warning: Label `A:PD' multiply defined.


LaTeX Warning: Label `R:BT' multiply defined.


LaTeX Warning: Label `2.1' multiply defined.


LaTeX Warning: Label `2.2' multiply defined.


LaTeX Warning: Label `A:2' multiply defined.


LaTeX Warning: Label `A:3' multiply defined.


LaTeX Warning: Label `R:2' multiply defined.


LaTeX Warning: Label `A:4' multiply defined.


LaTeX Warning: Label `R:3' multiply defined.


LaTeX Warning: Label `C:1' multiply defined.


LaTeX Warning: Label `T:1' multiply defined.


LaTeX Warning: Label `Co:1' multiply defined.


LaTeX Warning: Label `E:1' multiply defined.


LaTeX Warning: Label `L:1' multiply defined.


LaTeX Warning: Label `Eq.UsuariosTotalesZ2' multiply defined.


LaTeX Warning: Label `Eq.Gnk.2S' multiply defined.


LaTeX Warning: Label `Eq.3.16.a.2S' multiply defined.


LaTeX Warning: Label `Eq.3.16.b.2S' multiply defined.


LaTeX Warning: Label `Prop.1.1.2S' multiply defined.


LaTeX Warning: Label `Eq.Pag.45' multiply defined.


LaTeX Warning: Label `Eq.Pag.46' multiply defined.


LaTeX Warning: Label `Eq.3.16.a.2Sbis' multiply defined.


LaTeX Warning: Label `Eq.Theta.w' multiply defined.


LaTeX Warning: Label `Eq.Conjuntas' multiply defined.


LaTeX Warning: Label `Eq.Fs' multiply defined.


LaTeX Warning: Label `Eq.UsuariosTotalesZ2' multiply defined.


LaTeX Warning: Label `Eq.Gnk.2S' multiply defined.


LaTeX Warning: Label `Eq.L02S' multiply defined.


LaTeX Warning: Label `Eq.3.16.a.2S' multiply defined.


LaTeX Warning: Label `Eq.3.16.b.2S' multiply defined.


LaTeX Warning: Label `Prop.1.1.2S' multiply defined.


LaTeX Warning: Label `Eq.Pag.45' multiply defined.


LaTeX Warning: Label `Eq.Pag.46' multiply defined.


LaTeX Warning: Label `Eq.3.16.a.2Sbis' multiply defined.


LaTeX Warning: Label `Eq.Theta.w' multiply defined.


LaTeX Warning: Label `Eq.Conjuntas' multiply defined.


LaTeX Warning: Label `Eq.Fs' multiply defined.


LaTeX Warning: Label `Ec.R1' multiply defined.


LaTeX Warning: Label `Prop.Segundas.Derivadas' multiply defined.


LaTeX Warning: Label `Segundos.Momentos' multiply defined.


LaTeX Warning: Label `Eq.UsuariosTotalesZ2' multiply defined.


LaTeX Warning: Label `Eq.Gnk.2S' multiply defined.


LaTeX Warning: Label `Eq.L02S' multiply defined.


LaTeX Warning: Label `Eq.3.16.a.2S' multiply defined.


LaTeX Warning: Label `Eq.3.16.b.2S' multiply defined.


LaTeX Warning: Label `Prop.1.1.2S' multiply defined.


LaTeX Warning: Label `Eq.Pag.45' multiply defined.


LaTeX Warning: Label `Eq.Pag.46' multiply defined.


LaTeX Warning: Label `Eq.3.16.a.2Sbis' multiply defined.


LaTeX Warning: Label `Eq.Theta.w' multiply defined.


LaTeX Warning: Label `Eq.Conjuntas' multiply defined.


LaTeX Warning: Label `Eq.Fs' multiply defined.


LaTeX Warning: Label `Ec.R1' multiply defined.


LaTeX Warning: Label `Prop.Segundas.Derivadas' multiply defined.


LaTeX Warning: Label `Segundos.Momentos' multiply defined.


LaTeX Warning: Label `Eq.UsuariosTotalesZ2' multiply defined.


LaTeX Warning: Label `Eq.Gnk.2S' multiply defined.


LaTeX Warning: Label `Eq.L02S' multiply defined.


LaTeX Warning: Label `Eq.3.16.a.2S' multiply defined.


LaTeX Warning: Label `Eq.3.16.b.2S' multiply defined.


LaTeX Warning: Label `Prop.1.1.2S' multiply defined.


LaTeX Warning: Label `Eq.Pag.45' multiply defined.


LaTeX Warning: Label `Eq.Pag.46' multiply defined.


LaTeX Warning: Label `Eq.3.16.a.2Sbis' multiply defined.


LaTeX Warning: Label `Eq.Theta.w' multiply defined.


LaTeX Warning: Label `Eq.Conjuntas' multiply defined.


LaTeX Warning: Label `Eq.Fs' multiply defined.


LaTeX Warning: Label `Ec.R1' multiply defined.


LaTeX Warning: Label `Prop.Segundas.Derivadas' multiply defined.


LaTeX Warning: Label `Segundos.Momentos' multiply defined.


LaTeX Warning: Label `Eq.TiemposLlegada' multiply defined.


LaTeX Warning: Label `Eq.UsuariosTotalesZ2' multiply defined.


LaTeX Warning: Label `Eq.Cero' multiply defined.


LaTeX Warning: Label `Eq.Gnk.2S' multiply defined.


LaTeX Warning: Label `Eq.L02S' multiply defined.


LaTeX Warning: Label `Eq.3.16.a.2S' multiply defined.


LaTeX Warning: Label `Eq.3.16.b.2S' multiply defined.


LaTeX Warning: Label `Prop.1.1.2S' multiply defined.


LaTeX Warning: Label `Eq.Pag.45' multiply defined.


LaTeX Warning: Label `Eq.Pag.46' multiply defined.


LaTeX Warning: Label `Eq.3.16.a.2Sbis' multiply defined.


LaTeX Warning: Label `Eq.Theta.w' multiply defined.


LaTeX Warning: Label `Eq.Conjuntas' multiply defined.


LaTeX Warning: Label `Eq.Fs' multiply defined.


LaTeX Warning: Label `Ec.R1' multiply defined.


LaTeX Warning: Label `Prop.Segundas.Derivadas' multiply defined.


LaTeX Warning: Label `Segundos.Momentos' multiply defined.


LaTeX Warning: Label `Eq.TiemposLlegada' multiply defined.


LaTeX Warning: Label `Eq.UsuariosTotalesZ2' multiply defined.


LaTeX Warning: Label `Eq.Cero' multiply defined.


LaTeX Warning: Label `Eq.Gnk.2S' multiply defined.


LaTeX Warning: Label `Eq.L02S' multiply defined.


LaTeX Warning: Label `Eq.3.16.a.2S' multiply defined.


LaTeX Warning: Label `Eq.3.16.b.2S' multiply defined.


LaTeX Warning: Label `Prop.1.1.2S' multiply defined.


LaTeX Warning: Label `Eq.Pag.45' multiply defined.


LaTeX Warning: Label `Eq.Pag.46' multiply defined.


LaTeX Warning: Label `Eq.3.16.a.2Sbis' multiply defined.


LaTeX Warning: Label `Eq.Theta.w' multiply defined.


LaTeX Warning: Label `Eq.Conjuntas' multiply defined.


LaTeX Warning: Label `Eq.Fs' multiply defined.


LaTeX Warning: Label `Ec.R1' multiply defined.


LaTeX Warning: Label `Prop.Segundas.Derivadas' multiply defined.


LaTeX Warning: Label `Def.Tn' multiply defined.


LaTeX Warning: Label `Ec.Renovacion' multiply defined.


LaTeX Warning: Label `Eq.base.F1' multiply defined.


LaTeX Warning: Label `Eq.PGF.Conjunta.Tau2' multiply defined.


LaTeX Warning: Label `Eq.Cero' multiply defined.


LaTeX Warning: Label `Eq.Gnk.2S' multiply defined.


LaTeX Warning: Label `Eq.L02S' multiply defined.


LaTeX Warning: Label `Eq.3.16.a.2S' multiply defined.


LaTeX Warning: Label `Eq.3.16.b.2S' multiply defined.


LaTeX Warning: Label `Prop.1.1.2S' multiply defined.


LaTeX Warning: Label `Eq.Pag.45' multiply defined.


LaTeX Warning: Label `Eq.Pag.46' multiply defined.


LaTeX Warning: Label `Eq.3.16.a.2Sbis' multiply defined.


LaTeX Warning: Label `Eq.Theta.w' multiply defined.


LaTeX Warning: Label `Eq.TiemposLlegada' multiply defined.


LaTeX Warning: Label `Eq.UsuariosTotalesZ2' multiply defined.


LaTeX Warning: Label `Eq.Conjuntas' multiply defined.


LaTeX Warning: Label `Eq.Fs' multiply defined.


LaTeX Warning: Label `Ec.R1' multiply defined.


LaTeX Warning: Label `Prop.Segundas.Derivadas' multiply defined.


LaTeX Warning: Label `Def.Tn' multiply defined.


LaTeX Warning: Label `Ec.Renovacion' multiply defined.


LaTeX Warning: Label `NoRenovacion' multiply defined.


LaTeX Warning: Label `Def.Tn' multiply defined.


LaTeX Warning: Label `Ec.Renovacion' multiply defined.


LaTeX Warning: Label `Ec.Renovacion' multiply defined.


LaTeX Warning: Label `Def.Tn' multiply defined.


LaTeX Warning: Label `Ec.Renovacion' multiply defined.


LaTeX Warning: Label `Def.Tn' multiply defined.


LaTeX Warning: Label `Def.Tn' multiply defined.


LaTeX Warning: Label `Ec.Renovacion' multiply defined.


LaTeX Warning: Label `Ec.Renovacion' multiply defined.


LaTeX Warning: Label `Def.Tn' multiply defined.


LaTeX Warning: Label `Ec.Renovacion' multiply defined.


LaTeX Warning: Label `Def.Tn' multiply defined.


LaTeX Warning: Label `Cita1.Stidham' multiply defined.


LaTeX Warning: Label `NoRenovacion' multiply defined.


LaTeX Warning: Label `Eq.Arribos.Primera' multiply defined.


LaTeX Warning: Label `Def.Tn' multiply defined.


LaTeX Warning: Label `Ec.Renovacion' multiply defined.


LaTeX Warning: Label `Def.Tn' multiply defined.


LaTeX Warning: Label `Def.Tn' multiply defined.


LaTeX Warning: Label `Ec.Renovacion' multiply defined.


LaTeX Warning: Label `Ec.Renovacion' multiply defined.


LaTeX Warning: Label `NoRenovacion' multiply defined.


LaTeX Warning: Label `Eq.Arribos.Primera' multiply defined.


LaTeX Warning: Label `Eq.R1' multiply defined.


LaTeX Warning: Label `Eq.R2' multiply defined.


LaTeX Warning: Label `Eq.R2' multiply defined.


LaTeX Warning: Label `Eq.Primer.Derivada.Q' multiply defined.


LaTeX Warning: Label `Eq.Longitud.Tiempo.t' multiply defined.


LaTeX Warning: Label `Eq.Arribos.Primera' multiply defined.


LaTeX Warning: Label `Eq.UsuariosTotalesZ2' multiply defined.


LaTeX Warning: Label `Eq.Conjuntas' multiply defined.


LaTeX Warning: Label `Eq.Fs' multiply defined.


LaTeX Warning: Label `Recursive.Equations.First.Casse' multiply defined.


LaTeX Warning: Label `Ec.Gral.Primer.Momento.Ind.Exh' multiply defined.


LaTeX Warning: Label `Ec.Gral.Segundo.Momento.Ind.Exh' multiply defined.


LaTeX Warning: Label `General.System.Double.Transfer' multiply defined.


LaTeX Warning: Label `Ec.Primer.Orden.General.Impar' multiply defined.


LaTeX Warning: Label `Ec.Primer.Orden.General.Par' multiply defined.


LaTeX Warning: Label `Eq.Gral.Second.Order.Exhaustive' multiply defined.


LaTeX Warning: Label `Sol.System.Second.Order.Exhaustive' multiply defined.


LaTeX Warning: Label `Eq.R2' multiply defined.


LaTeX Warning: Label `Secc.Append.B' multiply defined.


LaTeX Warning: Label `System.Second.Order.Moments.uno' multiply defined.


LaTeX Warning: Label `Coefficients.kis.Exh.uno' multiply defined.


LaTeX Warning: Label `NoRenovacion' multiply defined.


LaTeX Warning: Label `Eq.Arribos.Primera' multiply defined.


LaTeX Warning: Label `Def.Tn' multiply defined.


LaTeX Warning: Label `Ec.Renovacion' multiply defined.


LaTeX Warning: Label `Def.Tn' multiply defined.


LaTeX Warning: Label `Def.Tn' multiply defined.


LaTeX Warning: Label `Ec.Renovacion' multiply defined.


LaTeX Warning: Label `Ec.Renovacion' multiply defined.


LaTeX Warning: Label `NoRenovacion' multiply defined.


LaTeX Warning: Label `First.Regeneration.Time.Theorem' multiply defined.


LaTeX Warning: Label `Eq.Long.Caulquier.Tiempo' multiply defined.


LaTeX Warning: Label `Ec.Primer.Derivada.Q' multiply defined.

)
\openout1 = `NewLogRegressionSurvivalAnalysisNotes.aux'.

LaTeX Font Info:    Checking defaults for OML/cmm/m/it on input line 103.
LaTeX Font Info:    ... okay on input line 103.
LaTeX Font Info:    Checking defaults for OMS/cmsy/m/n on input line 103.
LaTeX Font Info:    ... okay on input line 103.
LaTeX Font Info:    Checking defaults for OT1/cmr/m/n on input line 103.
LaTeX Font Info:    ... okay on input line 103.
LaTeX Font Info:    Checking defaults for T1/cmr/m/n on input line 103.
LaTeX Font Info:    ... okay on input line 103.
LaTeX Font Info:    Checking defaults for TS1/cmr/m/n on input line 103.
LaTeX Font Info:    ... okay on input line 103.
LaTeX Font Info:    Checking defaults for OMX/cmex/m/n on input line 103.
LaTeX Font Info:    ... okay on input line 103.
LaTeX Font Info:    Checking defaults for U/cmr/m/n on input line 103.
LaTeX Font Info:    ... okay on input line 103.
LaTeX Font Info:    Checking defaults for PD1/pdf/m/n on input line 103.
LaTeX Font Info:    ... okay on input line 103.
LaTeX Font Info:    Checking defaults for PU/pdf/m/n on input line 103.
LaTeX Font Info:    ... okay on input line 103.

*geometry* driver: auto-detecting
*geometry* detected driver: pdftex
*geometry* verbose mode - [ preamble ] result:
* driver: pdftex
* paper: a4paper
* layout: <same size as paper>
* layoutoffset:(h,v)=(0.0pt,0.0pt)
* modes: 
* h-part:(L,W,R)=(71.13188pt, 455.24411pt, 71.13188pt)
* v-part:(T,H,B)=(85.35826pt, 674.33032pt, 85.35826pt)
* \paperwidth=597.50787pt
* \paperheight=845.04684pt
* \textwidth=455.24411pt
* \textheight=674.33032pt
* \oddsidemargin=-1.1381pt
* \evensidemargin=-1.1381pt
* \topmargin=-23.91173pt
* \headheight=12.0pt
* \headsep=25.0pt
* \topskip=10.0pt
* \footskip=30.0pt
* \marginparwidth=65.0pt
* \marginparsep=11.0pt
* \columnsep=10.0pt
* \skip\footins=9.0pt plus 4.0pt minus 2.0pt
* \hoffset=0.0pt
* \voffset=0.0pt
* \mag=1000
* \@twocolumnfalse
* \@twosidefalse
* \@mparswitchfalse
* \@reversemarginfalse
* (1in=72.27pt=25.4mm, 1cm=28.453pt)

Package hyperref Info: Link coloring OFF on input line 103.
(./NewLogRegressionSurvivalAnalysisNotes.out)
(./NewLogRegressionSurvivalAnalysisNotes.out)
\@outlinefile=\write3
\openout3 = `NewLogRegressionSurvivalAnalysisNotes.out'.

LaTeX Info: Redefining \. on input line 103.
LaTeX Info: Redefining \% on input line 103.
\c@lstlisting=\count326

(/usr/local/texlive/2024/texmf-dist/tex/context/base/mkii/supp-pdf.mkii
[Loading MPS to PDF converter (version 2006.09.02).]
\scratchcounter=\count327
\scratchdimen=\dimen174
\scratchbox=\box57
\nofMPsegments=\count328
\nofMParguments=\count329
\everyMPshowfont=\toks29
\MPscratchCnt=\count330
\MPscratchDim=\dimen175
\MPnumerator=\count331
\makeMPintoPDFobject=\count332
\everyMPtoPDFconversion=\toks30
) (/usr/local/texlive/2024/texmf-dist/tex/latex/epstopdf-pkg/epstopdf-base.sty
Package: epstopdf-base 2020-01-24 v2.11 Base part for package epstopdf
Package epstopdf-base Info: Redefining graphics rule for `.eps' on input line 4
85.

(/usr/local/texlive/2024/texmf-dist/tex/latex/latexconfig/epstopdf-sys.cfg
File: epstopdf-sys.cfg 2010/07/13 v1.3 Configuration of (r)epstopdf for TeX Liv
e
))
LaTeX Font Info:    Trying to load font information for U+msa on input line 106
.

(/usr/local/texlive/2024/texmf-dist/tex/latex/amsfonts/umsa.fd
File: umsa.fd 2013/01/14 v3.01 AMS symbols A
)
LaTeX Font Info:    Trying to load font information for U+msb on input line 106
.

(/usr/local/texlive/2024/texmf-dist/tex/latex/amsfonts/umsb.fd
File: umsb.fd 2013/01/14 v3.01 AMS symbols B
) [1

{/usr/local/texlive/2024/texmf-var/fonts/map/pdftex/updmap/pdftex.map}]
(./NewLogRegressionSurvivalAnalysisNotes.toc
LaTeX Info: Redefining \. on input line 1.
LaTeX Info: Redefining \% on input line 1.

pdfTeX warning (ext4): destination with the same identifier (name{page.1}) has 
been already used, duplicate ignored
<to be read again> 
                   \relax 
l.43 ...M\'inimos Cuadrados}{65}{subsection.3.5.2}
                                                   [1

]
LaTeX Info: Redefining \. on input line 99.
LaTeX Info: Redefining \% on input line 99.


Package fancyhdr Warning: \headheight is too small (12.0pt): 
(fancyhdr)                Make it at least 13.07225pt, for example:
(fancyhdr)                \setlength{\headheight}{13.07225pt}.
(fancyhdr)                You might also make \topmargin smaller to compensate:

(fancyhdr)                \addtolength{\topmargin}{-1.07225pt}.

LaTeX Info: Redefining \. on input line 99.
LaTeX Info: Redefining \% on input line 99.
[2]
LaTeX Info: Redefining \. on input line 153.
LaTeX Info: Redefining \% on input line 153.


Package fancyhdr Warning: \headheight is too small (12.0pt): 
(fancyhdr)                Make it at least 13.07225pt, for example:
(fancyhdr)                \setlength{\headheight}{13.07225pt}.
(fancyhdr)                You might also make \topmargin smaller to compensate:

(fancyhdr)                \addtolength{\topmargin}{-1.07225pt}.

LaTeX Info: Redefining \. on input line 153.
LaTeX Info: Redefining \% on input line 153.
[3]
LaTeX Info: Redefining \. on input line 231.
LaTeX Info: Redefining \% on input line 231.


Package fancyhdr Warning: \headheight is too small (12.0pt): 
(fancyhdr)                Make it at least 13.07225pt, for example:
(fancyhdr)                \setlength{\headheight}{13.07225pt}.
(fancyhdr)                You might also make \topmargin smaller to compensate:

(fancyhdr)                \addtolength{\topmargin}{-1.07225pt}.

LaTeX Info: Redefining \. on input line 231.
LaTeX Info: Redefining \% on input line 231.
[4]
LaTeX Info: Redefining \. on input line 288.
LaTeX Info: Redefining \% on input line 288.


Package fancyhdr Warning: \headheight is too small (12.0pt): 
(fancyhdr)                Make it at least 13.07225pt, for example:
(fancyhdr)                \setlength{\headheight}{13.07225pt}.
(fancyhdr)                You might also make \topmargin smaller to compensate:

(fancyhdr)                \addtolength{\topmargin}{-1.07225pt}.

LaTeX Info: Redefining \. on input line 288.
LaTeX Info: Redefining \% on input line 288.
[5]
Overfull \hbox (2.55557pt too wide) detected at line 330
\OT1/cmr/m/n/10 16.10. 
 []

LaTeX Info: Redefining \. on input line 340.
LaTeX Info: Redefining \% on input line 340.

Package fancyhdr Warning: \headheight is too small (12.0pt): 
(fancyhdr)                Make it at least 13.07225pt, for example:
(fancyhdr)                \setlength{\headheight}{13.07225pt}.
(fancyhdr)                You might also make \topmargin smaller to compensate:

(fancyhdr)                \addtolength{\topmargin}{-1.07225pt}.

LaTeX Info: Redefining \. on input line 340.
LaTeX Info: Redefining \% on input line 340.
[6]
Overfull \hbox (2.55557pt too wide) detected at line 362
\OT1/cmr/m/n/10 18.10. 
 []


Overfull \hbox (2.55557pt too wide) detected at line 363
\OT1/cmr/m/n/10 18.11. 
 []

LaTeX Info: Redefining \. on input line 393.
LaTeX Info: Redefining \% on input line 393.

Package fancyhdr Warning: \headheight is too small (12.0pt): 
(fancyhdr)                Make it at least 13.07225pt, for example:
(fancyhdr)                \setlength{\headheight}{13.07225pt}.
(fancyhdr)                You might also make \topmargin smaller to compensate:

(fancyhdr)                \addtolength{\topmargin}{-1.07225pt}.

LaTeX Info: Redefining \. on input line 393.
LaTeX Info: Redefining \% on input line 393.
[7]
LaTeX Info: Redefining \. on input line 440.
LaTeX Info: Redefining \% on input line 440.


Package fancyhdr Warning: \headheight is too small (12.0pt): 
(fancyhdr)                Make it at least 13.07225pt, for example:
(fancyhdr)                \setlength{\headheight}{13.07225pt}.
(fancyhdr)                You might also make \topmargin smaller to compensate:

(fancyhdr)                \addtolength{\topmargin}{-1.07225pt}.

LaTeX Info: Redefining \. on input line 440.
LaTeX Info: Redefining \% on input line 440.
[8]
Overfull \hbox (2.55557pt too wide) detected at line 478
\OT1/cmr/m/n/10 28.10. 
 []


Overfull \hbox (1.33342pt too wide) detected at line 479
\OT1/cmr/m/n/10 28.10.1. 
 []


Overfull \hbox (2.55557pt too wide) detected at line 480
\OT1/cmr/m/n/10 28.11. 
 []


Overfull \hbox (2.55557pt too wide) detected at line 481
\OT1/cmr/m/n/10 28.12. 
 []


Overfull \hbox (1.33342pt too wide) detected at line 482
\OT1/cmr/m/n/10 28.12.1. 
 []


Overfull \hbox (1.33342pt too wide) detected at line 483
\OT1/cmr/m/n/10 28.12.2. 
 []


Overfull \hbox (2.55557pt too wide) detected at line 484
\OT1/cmr/m/n/10 28.13. 
 []


Overfull \hbox (1.33342pt too wide) detected at line 485
\OT1/cmr/m/n/10 28.13.1. 
 []


Overfull \hbox (1.33342pt too wide) detected at line 486
\OT1/cmr/m/n/10 28.13.2. 
 []


Overfull \hbox (1.33342pt too wide) detected at line 487
\OT1/cmr/m/n/10 28.13.3. 
 []


Overfull \hbox (2.55557pt too wide) detected at line 488
\OT1/cmr/m/n/10 28.14. 
 []


Overfull \hbox (2.55557pt too wide) detected at line 489
\OT1/cmr/m/n/10 28.15. 
 []

LaTeX Info: Redefining \. on input line 490.
LaTeX Info: Redefining \% on input line 490.

Package fancyhdr Warning: \headheight is too small (12.0pt): 
(fancyhdr)                Make it at least 13.07225pt, for example:
(fancyhdr)                \setlength{\headheight}{13.07225pt}.
(fancyhdr)                You might also make \topmargin smaller to compensate:

(fancyhdr)                \addtolength{\topmargin}{-1.07225pt}.

LaTeX Info: Redefining \. on input line 490.
LaTeX Info: Redefining \% on input line 490.
[9]
Overfull \hbox (1.33342pt too wide) detected at line 490
\OT1/cmr/m/n/10 28.15.1. 
 []


Overfull \hbox (1.33342pt too wide) detected at line 491
\OT1/cmr/m/n/10 28.15.2. 
 []


Overfull \hbox (2.55557pt too wide) detected at line 492
\OT1/cmr/m/n/10 28.16. 
 []


Overfull \hbox (1.33342pt too wide) detected at line 493
\OT1/cmr/m/n/10 28.16.1. 
 []


Overfull \hbox (1.33342pt too wide) detected at line 494
\OT1/cmr/m/n/10 28.16.2. 
 []


Overfull \hbox (1.33342pt too wide) detected at line 495
\OT1/cmr/m/n/10 28.16.3. 
 []


Overfull \hbox (2.55557pt too wide) detected at line 496
\OT1/cmr/m/n/10 28.17. 
 []


Overfull \hbox (2.55557pt too wide) detected at line 497
\OT1/cmr/m/n/10 28.18. 
 []


Overfull \hbox (1.33342pt too wide) detected at line 498
\OT1/cmr/m/n/10 28.18.1. 
 []


Overfull \hbox (1.33342pt too wide) detected at line 499
\OT1/cmr/m/n/10 28.18.2. 
 []


Overfull \hbox (1.33342pt too wide) detected at line 500
\OT1/cmr/m/n/10 28.18.3. 
 []


Overfull \hbox (2.55557pt too wide) detected at line 501
\OT1/cmr/m/n/10 28.19. 
 []


Overfull \hbox (1.33342pt too wide) detected at line 502
\OT1/cmr/m/n/10 28.19.1. 
 []


Overfull \hbox (1.33342pt too wide) detected at line 503
\OT1/cmr/m/n/10 28.19.2. 
 []


Overfull \hbox (1.33342pt too wide) detected at line 504
\OT1/cmr/m/n/10 28.19.3. 
 []


Overfull \hbox (1.33342pt too wide) detected at line 505
\OT1/cmr/m/n/10 28.19.4. 
 []


Overfull \hbox (2.55557pt too wide) detected at line 506
\OT1/cmr/m/n/10 28.20. 
 []


Overfull \hbox (1.33342pt too wide) detected at line 507
\OT1/cmr/m/n/10 28.20.1. 
 []


Overfull \hbox (1.33342pt too wide) detected at line 508
\OT1/cmr/m/n/10 28.20.2. 
 []


Overfull \hbox (2.55557pt too wide) detected at line 509
\OT1/cmr/m/n/10 28.21. 
 []


Overfull \hbox (1.33342pt too wide) detected at line 510
\OT1/cmr/m/n/10 28.21.1. 
 []


Overfull \hbox (1.33342pt too wide) detected at line 511
\OT1/cmr/m/n/10 28.21.2. 
 []


Overfull \hbox (1.33342pt too wide) detected at line 512
\OT1/cmr/m/n/10 28.21.3. 
 []


Overfull \hbox (1.33342pt too wide) detected at line 513
\OT1/cmr/m/n/10 28.21.4. 
 []


Overfull \hbox (1.33342pt too wide) detected at line 514
\OT1/cmr/m/n/10 28.21.5. 
 []


Overfull \hbox (1.33342pt too wide) detected at line 515
\OT1/cmr/m/n/10 28.21.6. 
 []


Overfull \hbox (2.55557pt too wide) detected at line 516
\OT1/cmr/m/n/10 28.22. 
 []


Overfull \hbox (1.33342pt too wide) detected at line 517
\OT1/cmr/m/n/10 28.22.1. 
 []


Overfull \hbox (1.33342pt too wide) detected at line 518
\OT1/cmr/m/n/10 28.22.2. 
 []


Overfull \hbox (1.33342pt too wide) detected at line 519
\OT1/cmr/m/n/10 28.22.3. 
 []


Overfull \hbox (2.55557pt too wide) detected at line 520
\OT1/cmr/m/n/10 28.23. 
 []


Overfull \hbox (1.33342pt too wide) detected at line 521
\OT1/cmr/m/n/10 28.23.1. 
 []


Overfull \hbox (1.33342pt too wide) detected at line 522
\OT1/cmr/m/n/10 28.23.2. 
 []


Overfull \hbox (1.33342pt too wide) detected at line 523
\OT1/cmr/m/n/10 28.23.3. 
 []


Overfull \hbox (2.55557pt too wide) detected at line 524
\OT1/cmr/m/n/10 28.24. 
 []


Overfull \hbox (1.33342pt too wide) detected at line 525
\OT1/cmr/m/n/10 28.24.1. 
 []


Overfull \hbox (1.33342pt too wide) detected at line 526
\OT1/cmr/m/n/10 28.24.2. 
 []


Overfull \hbox (1.33342pt too wide) detected at line 527
\OT1/cmr/m/n/10 28.24.3. 
 []


Overfull \hbox (1.33342pt too wide) detected at line 528
\OT1/cmr/m/n/10 28.24.4. 
 []


Overfull \hbox (2.55557pt too wide) detected at line 529
\OT1/cmr/m/n/10 28.25. 
 []


Overfull \hbox (2.55557pt too wide) detected at line 530
\OT1/cmr/m/n/10 28.26. 
 []


Overfull \hbox (1.33342pt too wide) detected at line 531
\OT1/cmr/m/n/10 28.26.1. 
 []


Overfull \hbox (1.33342pt too wide) detected at line 532
\OT1/cmr/m/n/10 28.26.2. 
 []


Overfull \hbox (1.33342pt too wide) detected at line 533
\OT1/cmr/m/n/10 28.26.3. 
 []


Overfull \hbox (1.33342pt too wide) detected at line 534
\OT1/cmr/m/n/10 28.26.4. 
 []


Overfull \hbox (1.33342pt too wide) detected at line 535
\OT1/cmr/m/n/10 28.26.5. 
 []


Overfull \hbox (2.55557pt too wide) detected at line 536
\OT1/cmr/m/n/10 28.27. 
 []


Overfull \hbox (1.33342pt too wide) detected at line 537
\OT1/cmr/m/n/10 28.27.1. 
 []


Overfull \hbox (2.55557pt too wide) detected at line 538
\OT1/cmr/m/n/10 28.28. 
 []


Overfull \hbox (2.55557pt too wide) detected at line 539
\OT1/cmr/m/n/10 28.29. 
 []


Overfull \hbox (2.55557pt too wide) detected at line 540
\OT1/cmr/m/n/10 28.30. 
 []


Overfull \hbox (2.55557pt too wide) detected at line 541
\OT1/cmr/m/n/10 28.31. 
 []


Overfull \hbox (1.33342pt too wide) detected at line 542
\OT1/cmr/m/n/10 28.31.1. 
 []


Overfull \hbox (2.55557pt too wide) detected at line 543
\OT1/cmr/m/n/10 28.32. 
 []


Overfull \hbox (1.33342pt too wide) detected at line 544
\OT1/cmr/m/n/10 28.32.1. 
 []


Overfull \hbox (1.33342pt too wide) detected at line 545
\OT1/cmr/m/n/10 28.32.2. 
 []

LaTeX Info: Redefining \. on input line 546.
LaTeX Info: Redefining \% on input line 546.

Package fancyhdr Warning: \headheight is too small (12.0pt): 
(fancyhdr)                Make it at least 13.07225pt, for example:
(fancyhdr)                \setlength{\headheight}{13.07225pt}.
(fancyhdr)                You might also make \topmargin smaller to compensate:

(fancyhdr)                \addtolength{\topmargin}{-1.07225pt}.

LaTeX Info: Redefining \. on input line 546.
LaTeX Info: Redefining \% on input line 546.
[10]
Overfull \hbox (1.33342pt too wide) detected at line 546
\OT1/cmr/m/n/10 28.32.3. 
 []


Overfull \hbox (1.33342pt too wide) detected at line 561
\OT1/cmr/m/n/10 30.1.10. 
 []


Overfull \hbox (1.33342pt too wide) detected at line 562
\OT1/cmr/m/n/10 30.1.11. 
 []


Overfull \hbox (1.33342pt too wide) detected at line 563
\OT1/cmr/m/n/10 30.1.12. 
 []


Overfull \hbox (1.33342pt too wide) detected at line 564
\OT1/cmr/m/n/10 30.1.13. 
 []


Overfull \hbox (1.33342pt too wide) detected at line 565
\OT1/cmr/m/n/10 30.1.14. 
 []


Overfull \hbox (1.33342pt too wide) detected at line 566
\OT1/cmr/m/n/10 30.1.15. 
 []


Overfull \hbox (1.33342pt too wide) detected at line 567
\OT1/cmr/m/n/10 30.1.16. 
 []


Overfull \hbox (1.33342pt too wide) detected at line 568
\OT1/cmr/m/n/10 30.1.17. 
 []


Overfull \hbox (1.33342pt too wide) detected at line 569
\OT1/cmr/m/n/10 30.1.18. 
 []


Overfull \hbox (1.33342pt too wide) detected at line 570
\OT1/cmr/m/n/10 30.1.19. 
 []


Overfull \hbox (1.33342pt too wide) detected at line 571
\OT1/cmr/m/n/10 30.1.20. 
 []


Overfull \hbox (1.33342pt too wide) detected at line 572
\OT1/cmr/m/n/10 30.1.21. 
 []


Overfull \hbox (1.33342pt too wide) detected at line 573
\OT1/cmr/m/n/10 30.1.22. 
 []


Overfull \hbox (1.33342pt too wide) detected at line 574
\OT1/cmr/m/n/10 30.1.23. 
 []


Overfull \hbox (1.33342pt too wide) detected at line 575
\OT1/cmr/m/n/10 30.1.24. 
 []


Overfull \hbox (1.33342pt too wide) detected at line 576
\OT1/cmr/m/n/10 30.1.25. 
 []


Overfull \hbox (1.33342pt too wide) detected at line 577
\OT1/cmr/m/n/10 30.1.26. 
 []


Overfull \hbox (1.33342pt too wide) detected at line 578
\OT1/cmr/m/n/10 30.1.27. 
 []


Overfull \hbox (1.33342pt too wide) detected at line 579
\OT1/cmr/m/n/10 30.1.28. 
 []


Overfull \hbox (1.33342pt too wide) detected at line 580
\OT1/cmr/m/n/10 30.1.29. 
 []


Overfull \hbox (1.33342pt too wide) detected at line 581
\OT1/cmr/m/n/10 30.1.30. 
 []


Overfull \hbox (1.33342pt too wide) detected at line 582
\OT1/cmr/m/n/10 30.1.31. 
 []


Overfull \hbox (1.33342pt too wide) detected at line 583
\OT1/cmr/m/n/10 30.1.32. 
 []


Overfull \hbox (1.33342pt too wide) detected at line 584
\OT1/cmr/m/n/10 30.1.33. 
 []


Overfull \hbox (1.33342pt too wide) detected at line 585
\OT1/cmr/m/n/10 30.1.34. 
 []


Overfull \hbox (1.33342pt too wide) detected at line 586
\OT1/cmr/m/n/10 30.1.35. 
 []


Overfull \hbox (1.33342pt too wide) detected at line 587
\OT1/cmr/m/n/10 30.1.36. 
 []


Overfull \hbox (1.33342pt too wide) detected at line 588
\OT1/cmr/m/n/10 30.1.37. 
 []


Overfull \hbox (1.33342pt too wide) detected at line 589
\OT1/cmr/m/n/10 30.1.38. 
 []


Overfull \hbox (1.33342pt too wide) detected at line 590
\OT1/cmr/m/n/10 30.1.39. 
 []


Overfull \hbox (1.33342pt too wide) detected at line 591
\OT1/cmr/m/n/10 30.1.40. 
 []


Overfull \hbox (1.33342pt too wide) detected at line 592
\OT1/cmr/m/n/10 30.1.41. 
 []


Overfull \hbox (1.33342pt too wide) detected at line 593
\OT1/cmr/m/n/10 30.1.42. 
 []


Overfull \hbox (1.33342pt too wide) detected at line 594
\OT1/cmr/m/n/10 30.1.43. 
 []


Overfull \hbox (1.33342pt too wide) detected at line 595
\OT1/cmr/m/n/10 30.1.44. 
 []


Overfull \hbox (1.33342pt too wide) detected at line 596
\OT1/cmr/m/n/10 30.1.45. 
 []


Overfull \hbox (1.33342pt too wide) detected at line 597
\OT1/cmr/m/n/10 30.1.46. 
 []


Overfull \hbox (1.33342pt too wide) detected at line 598
\OT1/cmr/m/n/10 30.1.47. 
 []


Overfull \hbox (1.33342pt too wide) detected at line 599
\OT1/cmr/m/n/10 30.1.48. 
 []

LaTeX Info: Redefining \. on input line 600.
LaTeX Info: Redefining \% on input line 600.

Package fancyhdr Warning: \headheight is too small (12.0pt): 
(fancyhdr)                Make it at least 13.07225pt, for example:
(fancyhdr)                \setlength{\headheight}{13.07225pt}.
(fancyhdr)                You might also make \topmargin smaller to compensate:

(fancyhdr)                \addtolength{\topmargin}{-1.07225pt}.

LaTeX Info: Redefining \. on input line 600.
LaTeX Info: Redefining \% on input line 600.
[11]
Overfull \hbox (1.33342pt too wide) detected at line 600
\OT1/cmr/m/n/10 30.1.49. 
 []


Overfull \hbox (1.33342pt too wide) detected at line 601
\OT1/cmr/m/n/10 30.1.50. 
 []


Overfull \hbox (1.33342pt too wide) detected at line 602
\OT1/cmr/m/n/10 30.1.51. 
 []


Overfull \hbox (1.33342pt too wide) detected at line 603
\OT1/cmr/m/n/10 30.1.52. 
 []


Overfull \hbox (1.33342pt too wide) detected at line 604
\OT1/cmr/m/n/10 30.1.53. 
 []


Overfull \hbox (1.33342pt too wide) detected at line 605
\OT1/cmr/m/n/10 30.1.54. 
 []


Overfull \hbox (1.33342pt too wide) detected at line 606
\OT1/cmr/m/n/10 30.1.55. 
 []


Overfull \hbox (1.33342pt too wide) detected at line 607
\OT1/cmr/m/n/10 30.1.56. 
 []


Overfull \hbox (1.33342pt too wide) detected at line 608
\OT1/cmr/m/n/10 30.1.57. 
 []


Overfull \hbox (1.33342pt too wide) detected at line 609
\OT1/cmr/m/n/10 30.1.58. 
 []


Overfull \hbox (1.33342pt too wide) detected at line 610
\OT1/cmr/m/n/10 30.1.59. 
 []


Overfull \hbox (1.33342pt too wide) detected at line 611
\OT1/cmr/m/n/10 30.1.60. 
 []


Overfull \hbox (1.33342pt too wide) detected at line 612
\OT1/cmr/m/n/10 30.1.61. 
 []


Overfull \hbox (1.33342pt too wide) detected at line 613
\OT1/cmr/m/n/10 30.1.62. 
 []


Overfull \hbox (1.33342pt too wide) detected at line 614
\OT1/cmr/m/n/10 30.1.63. 
 []


Overfull \hbox (1.33342pt too wide) detected at line 615
\OT1/cmr/m/n/10 30.1.64. 
 []


Overfull \hbox (1.33342pt too wide) detected at line 616
\OT1/cmr/m/n/10 30.1.65. 
 []


Overfull \hbox (1.33342pt too wide) detected at line 617
\OT1/cmr/m/n/10 30.1.66. 
 []


Overfull \hbox (1.33342pt too wide) detected at line 618
\OT1/cmr/m/n/10 30.1.67. 
 []


Overfull \hbox (1.33342pt too wide) detected at line 619
\OT1/cmr/m/n/10 30.1.68. 
 []


Overfull \hbox (1.33342pt too wide) detected at line 620
\OT1/cmr/m/n/10 30.1.69. 
 []


Overfull \hbox (1.33342pt too wide) detected at line 621
\OT1/cmr/m/n/10 30.1.70. 
 []


Overfull \hbox (1.33342pt too wide) detected at line 622
\OT1/cmr/m/n/10 30.1.71. 
 []


Overfull \hbox (1.33342pt too wide) detected at line 623
\OT1/cmr/m/n/10 30.1.72. 
 []


Overfull \hbox (1.33342pt too wide) detected at line 624
\OT1/cmr/m/n/10 30.1.73. 
 []


Overfull \hbox (1.33342pt too wide) detected at line 625
\OT1/cmr/m/n/10 30.1.74. 
 []


Overfull \hbox (1.33342pt too wide) detected at line 626
\OT1/cmr/m/n/10 30.1.75. 
 []


Overfull \hbox (1.33342pt too wide) detected at line 627
\OT1/cmr/m/n/10 30.1.76. 
 []


Overfull \hbox (1.33342pt too wide) detected at line 628
\OT1/cmr/m/n/10 30.1.77. 
 []


Overfull \hbox (1.33342pt too wide) detected at line 629
\OT1/cmr/m/n/10 30.1.78. 
 []


Overfull \hbox (1.33342pt too wide) detected at line 630
\OT1/cmr/m/n/10 30.1.79. 
 []


Overfull \hbox (1.33342pt too wide) detected at line 631
\OT1/cmr/m/n/10 30.1.80. 
 []


Overfull \hbox (1.33342pt too wide) detected at line 632
\OT1/cmr/m/n/10 30.1.81. 
 []


Overfull \hbox (1.33342pt too wide) detected at line 633
\OT1/cmr/m/n/10 30.1.82. 
 []


Overfull \hbox (1.33342pt too wide) detected at line 634
\OT1/cmr/m/n/10 30.1.83. 
 []


Overfull \hbox (1.33342pt too wide) detected at line 635
\OT1/cmr/m/n/10 30.1.84. 
 []


Overfull \hbox (1.33342pt too wide) detected at line 636
\OT1/cmr/m/n/10 30.1.85. 
 []


Overfull \hbox (1.33342pt too wide) detected at line 637
\OT1/cmr/m/n/10 30.1.86. 
 []


Overfull \hbox (1.33342pt too wide) detected at line 638
\OT1/cmr/m/n/10 30.1.87. 
 []


Overfull \hbox (1.33342pt too wide) detected at line 639
\OT1/cmr/m/n/10 30.1.88. 
 []


Overfull \hbox (1.33342pt too wide) detected at line 640
\OT1/cmr/m/n/10 30.1.89. 
 []


Overfull \hbox (1.33342pt too wide) detected at line 641
\OT1/cmr/m/n/10 30.1.90. 
 []


Overfull \hbox (1.33342pt too wide) detected at line 642
\OT1/cmr/m/n/10 30.1.91. 
 []


Overfull \hbox (1.33342pt too wide) detected at line 643
\OT1/cmr/m/n/10 30.1.92. 
 []


Overfull \hbox (1.33342pt too wide) detected at line 644
\OT1/cmr/m/n/10 30.1.93. 
 []


Overfull \hbox (1.33342pt too wide) detected at line 645
\OT1/cmr/m/n/10 30.1.94. 
 []


Overfull \hbox (1.33342pt too wide) detected at line 646
\OT1/cmr/m/n/10 30.1.95. 
 []


Overfull \hbox (1.33342pt too wide) detected at line 647
\OT1/cmr/m/n/10 30.1.96. 
 []


Overfull \hbox (1.33342pt too wide) detected at line 648
\OT1/cmr/m/n/10 30.1.97. 
 []


Overfull \hbox (1.33342pt too wide) detected at line 649
\OT1/cmr/m/n/10 30.1.98. 
 []


Overfull \hbox (1.33342pt too wide) detected at line 650
\OT1/cmr/m/n/10 30.1.99. 
 []


Overfull \hbox (6.33344pt too wide) detected at line 651
\OT1/cmr/m/n/10 30.1.100. 
 []


Overfull \hbox (6.33344pt too wide) detected at line 652
\OT1/cmr/m/n/10 30.1.101. 
 []


Overfull \hbox (6.33344pt too wide) detected at line 653
\OT1/cmr/m/n/10 30.1.102. 
 []


Overfull \hbox (6.33344pt too wide) detected at line 654
\OT1/cmr/m/n/10 30.1.103. 
 []


Overfull \hbox (6.33344pt too wide) detected at line 655
\OT1/cmr/m/n/10 30.1.104. 
 []

LaTeX Info: Redefining \. on input line 656.
LaTeX Info: Redefining \% on input line 656.

Package fancyhdr Warning: \headheight is too small (12.0pt): 
(fancyhdr)                Make it at least 13.07225pt, for example:
(fancyhdr)                \setlength{\headheight}{13.07225pt}.
(fancyhdr)                You might also make \topmargin smaller to compensate:

(fancyhdr)                \addtolength{\topmargin}{-1.07225pt}.

LaTeX Info: Redefining \. on input line 656.
LaTeX Info: Redefining \% on input line 656.
[12]
Overfull \hbox (6.33344pt too wide) detected at line 656
\OT1/cmr/m/n/10 30.1.105. 
 []


Overfull \hbox (6.33344pt too wide) detected at line 657
\OT1/cmr/m/n/10 30.1.106. 
 []


Overfull \hbox (6.33344pt too wide) detected at line 658
\OT1/cmr/m/n/10 30.1.107. 
 []


Overfull \hbox (6.33344pt too wide) detected at line 659
\OT1/cmr/m/n/10 30.1.108. 
 []


Overfull \hbox (6.33344pt too wide) detected at line 660
\OT1/cmr/m/n/10 30.1.109. 
 []


Overfull \hbox (6.33344pt too wide) detected at line 661
\OT1/cmr/m/n/10 30.1.110. 
 []


Overfull \hbox (6.33344pt too wide) detected at line 662
\OT1/cmr/m/n/10 30.1.111. 
 []


Overfull \hbox (6.33344pt too wide) detected at line 663
\OT1/cmr/m/n/10 30.1.112. 
 []


Overfull \hbox (6.33344pt too wide) detected at line 664
\OT1/cmr/m/n/10 30.1.113. 
 []


Overfull \hbox (6.33344pt too wide) detected at line 665
\OT1/cmr/m/n/10 30.1.114. 
 []


Overfull \hbox (6.33344pt too wide) detected at line 666
\OT1/cmr/m/n/10 30.1.115. 
 []


Overfull \hbox (6.33344pt too wide) detected at line 667
\OT1/cmr/m/n/10 30.1.116. 
 []


Overfull \hbox (6.33344pt too wide) detected at line 668
\OT1/cmr/m/n/10 30.1.117. 
 []


Overfull \hbox (6.33344pt too wide) detected at line 669
\OT1/cmr/m/n/10 30.1.118. 
 []


Overfull \hbox (6.33344pt too wide) detected at line 670
\OT1/cmr/m/n/10 30.1.119. 
 []


Overfull \hbox (6.33344pt too wide) detected at line 671
\OT1/cmr/m/n/10 30.1.120. 
 []


Overfull \hbox (6.33344pt too wide) detected at line 672
\OT1/cmr/m/n/10 30.1.121. 
 []


Overfull \hbox (6.33344pt too wide) detected at line 673
\OT1/cmr/m/n/10 30.1.122. 
 []


Overfull \hbox (6.33344pt too wide) detected at line 674
\OT1/cmr/m/n/10 30.1.123. 
 []


Overfull \hbox (6.33344pt too wide) detected at line 675
\OT1/cmr/m/n/10 30.1.124. 
 []


Overfull \hbox (6.33344pt too wide) detected at line 676
\OT1/cmr/m/n/10 30.1.125. 
 []


Overfull \hbox (6.33344pt too wide) detected at line 677
\OT1/cmr/m/n/10 30.1.126. 
 []


Overfull \hbox (6.33344pt too wide) detected at line 678
\OT1/cmr/m/n/10 30.1.127. 
 []


Overfull \hbox (6.33344pt too wide) detected at line 679
\OT1/cmr/m/n/10 30.1.128. 
 []


Overfull \hbox (6.33344pt too wide) detected at line 680
\OT1/cmr/m/n/10 30.1.129. 
 []


Overfull \hbox (6.33344pt too wide) detected at line 681
\OT1/cmr/m/n/10 30.1.130. 
 []


Overfull \hbox (6.33344pt too wide) detected at line 682
\OT1/cmr/m/n/10 30.1.131. 
 []


Overfull \hbox (6.33344pt too wide) detected at line 683
\OT1/cmr/m/n/10 30.1.132. 
 []


Overfull \hbox (6.33344pt too wide) detected at line 684
\OT1/cmr/m/n/10 30.1.133. 
 []


Overfull \hbox (6.33344pt too wide) detected at line 685
\OT1/cmr/m/n/10 30.1.134. 
 []


Overfull \hbox (6.33344pt too wide) detected at line 686
\OT1/cmr/m/n/10 30.1.135. 
 []


Overfull \hbox (6.33344pt too wide) detected at line 687
\OT1/cmr/m/n/10 30.1.136. 
 []


Overfull \hbox (6.33344pt too wide) detected at line 688
\OT1/cmr/m/n/10 30.1.137. 
 []


Overfull \hbox (1.33342pt too wide) detected at line 701
\OT1/cmr/m/n/10 31.1.10. 
 []


Overfull \hbox (1.33342pt too wide) detected at line 702
\OT1/cmr/m/n/10 31.1.11. 
 []


Overfull \hbox (1.33342pt too wide) detected at line 703
\OT1/cmr/m/n/10 31.1.12. 
 []


Overfull \hbox (1.33342pt too wide) detected at line 704
\OT1/cmr/m/n/10 31.1.13. 
 []


Overfull \hbox (1.33342pt too wide) detected at line 705
\OT1/cmr/m/n/10 31.1.14. 
 []


Overfull \hbox (1.33342pt too wide) detected at line 706
\OT1/cmr/m/n/10 31.1.15. 
 []


Overfull \hbox (1.33342pt too wide) detected at line 707
\OT1/cmr/m/n/10 31.1.16. 
 []


Overfull \hbox (1.33342pt too wide) detected at line 708
\OT1/cmr/m/n/10 31.1.17. 
 []


Overfull \hbox (1.33342pt too wide) detected at line 709
\OT1/cmr/m/n/10 31.1.18. 
 []

LaTeX Info: Redefining \. on input line 710.
LaTeX Info: Redefining \% on input line 710.

Package fancyhdr Warning: \headheight is too small (12.0pt): 
(fancyhdr)                Make it at least 13.07225pt, for example:
(fancyhdr)                \setlength{\headheight}{13.07225pt}.
(fancyhdr)                You might also make \topmargin smaller to compensate:

(fancyhdr)                \addtolength{\topmargin}{-1.07225pt}.

LaTeX Info: Redefining \. on input line 710.
LaTeX Info: Redefining \% on input line 710.
[13]
Overfull \hbox (1.33342pt too wide) detected at line 721
\OT1/cmr/m/n/10 32.1.10. 
 []


Overfull \hbox (2.55557pt too wide) detected at line 730
\OT1/cmr/m/n/10 32.10. 
 []


Overfull \hbox (2.55557pt too wide) detected at line 753
\OT1/cmr/m/n/10 33.10. 
 []


Overfull \hbox (1.33342pt too wide) detected at line 754
\OT1/cmr/m/n/10 33.10.1. 
 []


Overfull \hbox (2.55557pt too wide) detected at line 755
\OT1/cmr/m/n/10 33.11. 
 []


Overfull \hbox (2.55557pt too wide) detected at line 756
\OT1/cmr/m/n/10 33.12. 
 []


Overfull \hbox (1.33342pt too wide) detected at line 757
\OT1/cmr/m/n/10 33.12.1. 
 []


Overfull \hbox (1.33342pt too wide) detected at line 758
\OT1/cmr/m/n/10 33.12.2. 
 []


Overfull \hbox (2.55557pt too wide) detected at line 759
\OT1/cmr/m/n/10 33.13. 
 []


Overfull \hbox (1.33342pt too wide) detected at line 760
\OT1/cmr/m/n/10 33.13.1. 
 []


Overfull \hbox (1.33342pt too wide) detected at line 761
\OT1/cmr/m/n/10 33.13.2. 
 []


Overfull \hbox (1.33342pt too wide) detected at line 762
\OT1/cmr/m/n/10 33.13.3. 
 []


Overfull \hbox (2.55557pt too wide) detected at line 763
\OT1/cmr/m/n/10 33.14. 
 []


Overfull \hbox (2.55557pt too wide) detected at line 764
\OT1/cmr/m/n/10 33.15. 
 []


Overfull \hbox (1.33342pt too wide) detected at line 765
\OT1/cmr/m/n/10 33.15.1. 
 []

LaTeX Info: Redefining \. on input line 766.
LaTeX Info: Redefining \% on input line 766.

Package fancyhdr Warning: \headheight is too small (12.0pt): 
(fancyhdr)                Make it at least 13.07225pt, for example:
(fancyhdr)                \setlength{\headheight}{13.07225pt}.
(fancyhdr)                You might also make \topmargin smaller to compensate:

(fancyhdr)                \addtolength{\topmargin}{-1.07225pt}.

LaTeX Info: Redefining \. on input line 766.
LaTeX Info: Redefining \% on input line 766.
[14]
Overfull \hbox (1.33342pt too wide) detected at line 766
\OT1/cmr/m/n/10 33.15.2. 
 []


Overfull \hbox (2.55557pt too wide) detected at line 767
\OT1/cmr/m/n/10 33.16. 
 []


Overfull \hbox (1.33342pt too wide) detected at line 768
\OT1/cmr/m/n/10 33.16.1. 
 []


Overfull \hbox (1.33342pt too wide) detected at line 769
\OT1/cmr/m/n/10 33.16.2. 
 []


Overfull \hbox (1.33342pt too wide) detected at line 770
\OT1/cmr/m/n/10 33.16.3. 
 []


Overfull \hbox (2.55557pt too wide) detected at line 771
\OT1/cmr/m/n/10 33.17. 
 []


Overfull \hbox (2.55557pt too wide) detected at line 772
\OT1/cmr/m/n/10 33.18. 
 []


Overfull \hbox (1.33342pt too wide) detected at line 773
\OT1/cmr/m/n/10 33.18.1. 
 []


Overfull \hbox (1.33342pt too wide) detected at line 774
\OT1/cmr/m/n/10 33.18.2. 
 []


Overfull \hbox (1.33342pt too wide) detected at line 775
\OT1/cmr/m/n/10 33.18.3. 
 []


Overfull \hbox (2.55557pt too wide) detected at line 776
\OT1/cmr/m/n/10 33.19. 
 []


Overfull \hbox (1.33342pt too wide) detected at line 777
\OT1/cmr/m/n/10 33.19.1. 
 []


Overfull \hbox (1.33342pt too wide) detected at line 778
\OT1/cmr/m/n/10 33.19.2. 
 []


Overfull \hbox (1.33342pt too wide) detected at line 779
\OT1/cmr/m/n/10 33.19.3. 
 []


Overfull \hbox (1.33342pt too wide) detected at line 780
\OT1/cmr/m/n/10 33.19.4. 
 []


Overfull \hbox (2.55557pt too wide) detected at line 781
\OT1/cmr/m/n/10 33.20. 
 []


Overfull \hbox (1.33342pt too wide) detected at line 782
\OT1/cmr/m/n/10 33.20.1. 
 []


Overfull \hbox (1.33342pt too wide) detected at line 783
\OT1/cmr/m/n/10 33.20.2. 
 []


Overfull \hbox (2.55557pt too wide) detected at line 784
\OT1/cmr/m/n/10 33.21. 
 []


Overfull \hbox (1.33342pt too wide) detected at line 785
\OT1/cmr/m/n/10 33.21.1. 
 []


Overfull \hbox (1.33342pt too wide) detected at line 786
\OT1/cmr/m/n/10 33.21.2. 
 []


Overfull \hbox (1.33342pt too wide) detected at line 787
\OT1/cmr/m/n/10 33.21.3. 
 []


Overfull \hbox (1.33342pt too wide) detected at line 788
\OT1/cmr/m/n/10 33.21.4. 
 []


Overfull \hbox (1.33342pt too wide) detected at line 789
\OT1/cmr/m/n/10 33.21.5. 
 []


Overfull \hbox (1.33342pt too wide) detected at line 790
\OT1/cmr/m/n/10 33.21.6. 
 []


Overfull \hbox (2.55557pt too wide) detected at line 791
\OT1/cmr/m/n/10 33.22. 
 []


Overfull \hbox (1.33342pt too wide) detected at line 792
\OT1/cmr/m/n/10 33.22.1. 
 []


Overfull \hbox (1.33342pt too wide) detected at line 793
\OT1/cmr/m/n/10 33.22.2. 
 []


Overfull \hbox (1.33342pt too wide) detected at line 794
\OT1/cmr/m/n/10 33.22.3. 
 []


Overfull \hbox (2.55557pt too wide) detected at line 795
\OT1/cmr/m/n/10 33.23. 
 []


Overfull \hbox (1.33342pt too wide) detected at line 796
\OT1/cmr/m/n/10 33.23.1. 
 []


Overfull \hbox (1.33342pt too wide) detected at line 797
\OT1/cmr/m/n/10 33.23.2. 
 []


Overfull \hbox (1.33342pt too wide) detected at line 798
\OT1/cmr/m/n/10 33.23.3. 
 []


Overfull \hbox (1.33342pt too wide) detected at line 799
\OT1/cmr/m/n/10 33.23.4. 
 []


Overfull \hbox (2.55557pt too wide) detected at line 800
\OT1/cmr/m/n/10 33.24. 
 []


Overfull \hbox (2.55557pt too wide) detected at line 801
\OT1/cmr/m/n/10 33.25. 
 []


Overfull \hbox (1.33342pt too wide) detected at line 802
\OT1/cmr/m/n/10 33.25.1. 
 []


Overfull \hbox (1.33342pt too wide) detected at line 803
\OT1/cmr/m/n/10 33.25.2. 
 []


Overfull \hbox (1.33342pt too wide) detected at line 804
\OT1/cmr/m/n/10 33.25.3. 
 []


Overfull \hbox (1.33342pt too wide) detected at line 805
\OT1/cmr/m/n/10 33.25.4. 
 []


Overfull \hbox (1.33342pt too wide) detected at line 806
\OT1/cmr/m/n/10 33.25.5. 
 []


Overfull \hbox (2.55557pt too wide) detected at line 807
\OT1/cmr/m/n/10 33.26. 
 []


Overfull \hbox (1.33342pt too wide) detected at line 808
\OT1/cmr/m/n/10 33.26.1. 
 []


Overfull \hbox (2.55557pt too wide) detected at line 809
\OT1/cmr/m/n/10 33.27. 
 []


Overfull \hbox (2.55557pt too wide) detected at line 810
\OT1/cmr/m/n/10 33.28. 
 []


Overfull \hbox (2.55557pt too wide) detected at line 811
\OT1/cmr/m/n/10 33.29. 
 []


Overfull \hbox (2.55557pt too wide) detected at line 812
\OT1/cmr/m/n/10 33.30. 
 []


Overfull \hbox (1.33342pt too wide) detected at line 813
\OT1/cmr/m/n/10 33.30.1. 
 []


Overfull \hbox (2.55557pt too wide) detected at line 814
\OT1/cmr/m/n/10 33.31. 
 []


Overfull \hbox (1.33342pt too wide) detected at line 815
\OT1/cmr/m/n/10 33.31.1. 
 []


Overfull \hbox (1.33342pt too wide) detected at line 816
\OT1/cmr/m/n/10 33.31.2. 
 []


Overfull \hbox (1.33342pt too wide) detected at line 817
\OT1/cmr/m/n/10 33.31.3. 
 []

LaTeX Info: Redefining \. on input line 821.
LaTeX Info: Redefining \% on input line 821.

Package fancyhdr Warning: \headheight is too small (12.0pt): 
(fancyhdr)                Make it at least 13.07225pt, for example:
(fancyhdr)                \setlength{\headheight}{13.07225pt}.
(fancyhdr)                You might also make \topmargin smaller to compensate:

(fancyhdr)                \addtolength{\topmargin}{-1.07225pt}.

LaTeX Info: Redefining \. on input line 821.
LaTeX Info: Redefining \% on input line 821.
[15]
Overfull \hbox (1.33342pt too wide) detected at line 829
\OT1/cmr/m/n/10 34.1.10. 
 []


Overfull \hbox (1.33342pt too wide) detected at line 830
\OT1/cmr/m/n/10 34.1.11. 
 []


Overfull \hbox (1.33342pt too wide) detected at line 832
\OT1/cmr/m/n/10 34.1.12. 
 []


Overfull \hbox (1.33342pt too wide) detected at line 833
\OT1/cmr/m/n/10 34.1.13. 
 []


Overfull \hbox (1.33342pt too wide) detected at line 834
\OT1/cmr/m/n/10 34.1.14. 
 []


Overfull \hbox (1.33342pt too wide) detected at line 835
\OT1/cmr/m/n/10 34.1.15. 
 []


Overfull \hbox (1.33342pt too wide) detected at line 836
\OT1/cmr/m/n/10 34.1.16. 
 []


Overfull \hbox (1.33342pt too wide) detected at line 837
\OT1/cmr/m/n/10 34.1.17. 
 []


Overfull \hbox (1.33342pt too wide) detected at line 838
\OT1/cmr/m/n/10 34.1.18. 
 []


Overfull \hbox (1.33342pt too wide) detected at line 839
\OT1/cmr/m/n/10 34.1.19. 
 []


Overfull \hbox (1.33342pt too wide) detected at line 840
\OT1/cmr/m/n/10 34.1.20. 
 []


Overfull \hbox (1.33342pt too wide) detected at line 841
\OT1/cmr/m/n/10 34.1.21. 
 []


Overfull \hbox (1.33342pt too wide) detected at line 842
\OT1/cmr/m/n/10 34.1.22. 
 []


Overfull \hbox (1.33342pt too wide) detected at line 843
\OT1/cmr/m/n/10 34.1.23. 
 []


Overfull \hbox (1.33342pt too wide) detected at line 844
\OT1/cmr/m/n/10 34.1.24. 
 []


Overfull \hbox (1.33342pt too wide) detected at line 845
\OT1/cmr/m/n/10 34.1.25. 
 []


Overfull \hbox (1.33342pt too wide) detected at line 846
\OT1/cmr/m/n/10 34.1.26. 
 []


Overfull \hbox (1.33342pt too wide) detected at line 847
\OT1/cmr/m/n/10 34.1.27. 
 []


Overfull \hbox (1.33342pt too wide) detected at line 848
\OT1/cmr/m/n/10 34.1.28. 
 []


Overfull \hbox (1.33342pt too wide) detected at line 849
\OT1/cmr/m/n/10 34.1.29. 
 []


Overfull \hbox (1.33342pt too wide) detected at line 850
\OT1/cmr/m/n/10 34.1.30. 
 []


Overfull \hbox (1.33342pt too wide) detected at line 851
\OT1/cmr/m/n/10 34.1.31. 
 []


Overfull \hbox (1.33342pt too wide) detected at line 853
\OT1/cmr/m/n/10 34.1.32. 
 []


Overfull \hbox (1.33342pt too wide) detected at line 854
\OT1/cmr/m/n/10 34.1.33. 
 []


Overfull \hbox (1.33342pt too wide) detected at line 855
\OT1/cmr/m/n/10 34.1.34. 
 []


Overfull \hbox (1.33342pt too wide) detected at line 856
\OT1/cmr/m/n/10 34.1.35. 
 []


Overfull \hbox (1.33342pt too wide) detected at line 857
\OT1/cmr/m/n/10 34.1.36. 
 []


Overfull \hbox (1.33342pt too wide) detected at line 858
\OT1/cmr/m/n/10 34.1.37. 
 []


Overfull \hbox (1.33342pt too wide) detected at line 859
\OT1/cmr/m/n/10 34.1.38. 
 []


Overfull \hbox (1.33342pt too wide) detected at line 860
\OT1/cmr/m/n/10 34.1.39. 
 []


Overfull \hbox (1.33342pt too wide) detected at line 861
\OT1/cmr/m/n/10 34.1.40. 
 []


Overfull \hbox (1.33342pt too wide) detected at line 862
\OT1/cmr/m/n/10 34.1.41. 
 []


Overfull \hbox (1.33342pt too wide) detected at line 863
\OT1/cmr/m/n/10 34.1.42. 
 []


Overfull \hbox (1.33342pt too wide) detected at line 864
\OT1/cmr/m/n/10 34.1.43. 
 []


Overfull \hbox (1.33342pt too wide) detected at line 865
\OT1/cmr/m/n/10 34.1.44. 
 []


Overfull \hbox (1.33342pt too wide) detected at line 866
\OT1/cmr/m/n/10 34.1.45. 
 []


Overfull \hbox (1.33342pt too wide) detected at line 868
\OT1/cmr/m/n/10 34.1.46. 
 []


Overfull \hbox (1.33342pt too wide) detected at line 869
\OT1/cmr/m/n/10 34.1.47. 
 []


Overfull \hbox (1.33342pt too wide) detected at line 880
\OT1/cmr/m/n/10 34.1.48. 
 []


Overfull \hbox (1.33342pt too wide) detected at line 882
\OT1/cmr/m/n/10 34.1.49. 
 []


Overfull \hbox (1.33342pt too wide) detected at line 883
\OT1/cmr/m/n/10 34.1.50. 
 []


Overfull \hbox (1.33342pt too wide) detected at line 884
\OT1/cmr/m/n/10 34.1.51. 
 []


Overfull \hbox (1.33342pt too wide) detected at line 885
\OT1/cmr/m/n/10 34.1.52. 
 []


Overfull \hbox (1.33342pt too wide) detected at line 886
\OT1/cmr/m/n/10 34.1.53. 
 []


Overfull \hbox (1.33342pt too wide) detected at line 887
\OT1/cmr/m/n/10 34.1.54. 
 []


Overfull \hbox (1.33342pt too wide) detected at line 889
\OT1/cmr/m/n/10 34.1.55. 
 []

LaTeX Info: Redefining \. on input line 890.
LaTeX Info: Redefining \% on input line 890.

Package fancyhdr Warning: \headheight is too small (12.0pt): 
(fancyhdr)                Make it at least 13.07225pt, for example:
(fancyhdr)                \setlength{\headheight}{13.07225pt}.
(fancyhdr)                You might also make \topmargin smaller to compensate:

(fancyhdr)                \addtolength{\topmargin}{-1.07225pt}.

LaTeX Info: Redefining \. on input line 890.
LaTeX Info: Redefining \% on input line 890.
[16]
Overfull \hbox (1.33342pt too wide) detected at line 890
\OT1/cmr/m/n/10 34.1.56. 
 []


Overfull \hbox (1.33342pt too wide) detected at line 891
\OT1/cmr/m/n/10 34.1.57. 
 []


Overfull \hbox (1.33342pt too wide) detected at line 893
\OT1/cmr/m/n/10 34.1.58. 
 []


Overfull \hbox (1.33342pt too wide) detected at line 894
\OT1/cmr/m/n/10 34.1.59. 
 []


Overfull \hbox (1.33342pt too wide) detected at line 896
\OT1/cmr/m/n/10 34.1.60. 
 []


Overfull \hbox (1.33342pt too wide) detected at line 897
\OT1/cmr/m/n/10 34.1.61. 
 []


Overfull \hbox (1.33342pt too wide) detected at line 898
\OT1/cmr/m/n/10 34.1.62. 
 []


Overfull \hbox (1.33342pt too wide) detected at line 900
\OT1/cmr/m/n/10 34.1.63. 
 []


Overfull \hbox (1.33342pt too wide) detected at line 901
\OT1/cmr/m/n/10 34.1.64. 
 []


Overfull \hbox (4.50002pt too wide) detected at line 912
 \OT1/cmr/m/n/10 1029
 []


Overfull \hbox (4.50002pt too wide) detected at line 921
 \OT1/cmr/m/n/10 1067
 []


Overfull \hbox (4.50002pt too wide) detected at line 922
 \OT1/cmr/m/n/10 1070
 []


Overfull \hbox (4.50002pt too wide) detected at line 923
 \OT1/cmr/m/n/10 1072
 []


Overfull \hbox (4.50002pt too wide) detected at line 924
 \OT1/cmr/m/n/10 1073
 []


Overfull \hbox (4.50002pt too wide) detected at line 925
 \OT1/cmr/m/n/10 1074
 []


Overfull \hbox (4.50002pt too wide) detected at line 926
 \OT1/cmr/m/n/10 1075
 []


Overfull \hbox (4.50002pt too wide) detected at line 927
 \OT1/cmr/m/n/10 1076
 []


Overfull \hbox (4.50002pt too wide) detected at line 928
 \OT1/cmr/m/n/10 1077
 []


Overfull \hbox (4.50002pt too wide) detected at line 929
 \OT1/cmr/m/n/10 1078
 []


Overfull \hbox (4.50002pt too wide) detected at line 930
 \OT1/cmr/m/n/10 1080
 []


Overfull \hbox (4.50002pt too wide) detected at line 931
 \OT1/cmr/m/n/10 1080
 []


Overfull \hbox (4.50002pt too wide) detected at line 932
 \OT1/cmr/m/n/10 1081
 []


Overfull \hbox (4.50002pt too wide) detected at line 933
 \OT1/cmr/m/n/10 1081
 []


Overfull \hbox (4.50002pt too wide) detected at line 934
 \OT1/cmr/m/n/10 1081
 []


Overfull \hbox (4.50002pt too wide) detected at line 935
 \OT1/cmr/m/n/10 1082
 []


Overfull \hbox (4.50002pt too wide) detected at line 936
 \OT1/cmr/m/n/10 1083
 []


Overfull \hbox (2.55557pt too wide) detected at line 937
\OT1/cmr/m/n/10 36.10. 
 []


Overfull \hbox (4.50002pt too wide) detected at line 937
 \OT1/cmr/m/n/10 1084
 []


Overfull \hbox (2.55557pt too wide) detected at line 938
\OT1/cmr/m/n/10 36.11. 
 []


Overfull \hbox (4.50002pt too wide) detected at line 938
 \OT1/cmr/m/n/10 1084
 []


Overfull \hbox (1.33342pt too wide) detected at line 939
\OT1/cmr/m/n/10 36.11.1. 
 []


Overfull \hbox (4.50002pt too wide) detected at line 939
 \OT1/cmr/m/n/10 1084
 []


Overfull \hbox (1.33342pt too wide) detected at line 940
\OT1/cmr/m/n/10 36.11.2. 
 []


Overfull \hbox (4.50002pt too wide) detected at line 940
 \OT1/cmr/m/n/10 1085
 []


Overfull \hbox (2.55557pt too wide) detected at line 941
\OT1/cmr/m/n/10 36.12. 
 []


Overfull \hbox (4.50002pt too wide) detected at line 941
 \OT1/cmr/m/n/10 1087
 []


Overfull \hbox (1.33342pt too wide) detected at line 942
\OT1/cmr/m/n/10 36.12.1. 
 []


Overfull \hbox (4.50002pt too wide) detected at line 942
 \OT1/cmr/m/n/10 1087
 []


Overfull \hbox (1.33342pt too wide) detected at line 943
\OT1/cmr/m/n/10 36.12.2. 
 []


Overfull \hbox (4.50002pt too wide) detected at line 943
 \OT1/cmr/m/n/10 1087
 []


Overfull \hbox (1.33342pt too wide) detected at line 944
\OT1/cmr/m/n/10 36.12.3. 
 []


Overfull \hbox (4.50002pt too wide) detected at line 944
 \OT1/cmr/m/n/10 1088
 []


Overfull \hbox (2.55557pt too wide) detected at line 945
\OT1/cmr/m/n/10 36.13. 
 []


Overfull \hbox (4.50002pt too wide) detected at line 945
 \OT1/cmr/m/n/10 1088
 []


Overfull \hbox (1.33342pt too wide) detected at line 946
\OT1/cmr/m/n/10 36.13.1. 
 []


Overfull \hbox (4.50002pt too wide) detected at line 946
 \OT1/cmr/m/n/10 1089
 []


Overfull \hbox (1.33342pt too wide) detected at line 947
\OT1/cmr/m/n/10 36.13.2. 
 []


Overfull \hbox (4.50002pt too wide) detected at line 947
 \OT1/cmr/m/n/10 1089
 []


Overfull \hbox (2.55557pt too wide) detected at line 948
\OT1/cmr/m/n/10 36.14. 
 []


Overfull \hbox (4.50002pt too wide) detected at line 948
 \OT1/cmr/m/n/10 1091
 []


Overfull \hbox (2.55557pt too wide) detected at line 949
\OT1/cmr/m/n/10 36.15. 
 []


Overfull \hbox (4.50002pt too wide) detected at line 949
 \OT1/cmr/m/n/10 1093
 []


Overfull \hbox (1.33342pt too wide) detected at line 950
\OT1/cmr/m/n/10 36.15.1. 
 []


Overfull \hbox (4.50002pt too wide) detected at line 950
 \OT1/cmr/m/n/10 1093
 []


Overfull \hbox (1.33342pt too wide) detected at line 951
\OT1/cmr/m/n/10 36.15.2. 
 []


Overfull \hbox (4.50002pt too wide) detected at line 951
 \OT1/cmr/m/n/10 1093
 []


Overfull \hbox (1.33342pt too wide) detected at line 952
\OT1/cmr/m/n/10 36.15.3. 
 []


Overfull \hbox (4.50002pt too wide) detected at line 952
 \OT1/cmr/m/n/10 1094
 []


Overfull \hbox (1.33342pt too wide) detected at line 953
\OT1/cmr/m/n/10 36.15.4. 
 []


Overfull \hbox (4.50002pt too wide) detected at line 953
 \OT1/cmr/m/n/10 1094
 []


Overfull \hbox (1.33342pt too wide) detected at line 954
\OT1/cmr/m/n/10 36.15.5. 
 []


Overfull \hbox (4.50002pt too wide) detected at line 954
 \OT1/cmr/m/n/10 1095
 []

LaTeX Info: Redefining \. on input line 955.
LaTeX Info: Redefining \% on input line 955.

Package fancyhdr Warning: \headheight is too small (12.0pt): 
(fancyhdr)                Make it at least 13.07225pt, for example:
(fancyhdr)                \setlength{\headheight}{13.07225pt}.
(fancyhdr)                You might also make \topmargin smaller to compensate:

(fancyhdr)                \addtolength{\topmargin}{-1.07225pt}.

LaTeX Info: Redefining \. on input line 955.
LaTeX Info: Redefining \% on input line 955.
[17]
Overfull \hbox (1.33342pt too wide) detected at line 955
\OT1/cmr/m/n/10 36.15.6. 
 []


Overfull \hbox (4.50002pt too wide) detected at line 955
 \OT1/cmr/m/n/10 1096
 []


Overfull \hbox (2.55557pt too wide) detected at line 956
\OT1/cmr/m/n/10 36.16. 
 []


Overfull \hbox (4.50002pt too wide) detected at line 956
 \OT1/cmr/m/n/10 1096
 []


Overfull \hbox (2.55557pt too wide) detected at line 957
\OT1/cmr/m/n/10 36.17. 
 []


Overfull \hbox (4.50002pt too wide) detected at line 957
 \OT1/cmr/m/n/10 1097
 []


Overfull \hbox (1.33342pt too wide) detected at line 958
\OT1/cmr/m/n/10 36.17.1. 
 []


Overfull \hbox (4.50002pt too wide) detected at line 958
 \OT1/cmr/m/n/10 1097
 []


Overfull \hbox (1.33342pt too wide) detected at line 959
\OT1/cmr/m/n/10 36.17.2. 
 []


Overfull \hbox (4.50002pt too wide) detected at line 959
 \OT1/cmr/m/n/10 1097
 []


Overfull \hbox (2.55557pt too wide) detected at line 960
\OT1/cmr/m/n/10 36.18. 
 []


Overfull \hbox (4.50002pt too wide) detected at line 960
 \OT1/cmr/m/n/10 1100
 []


Overfull \hbox (1.33342pt too wide) detected at line 961
\OT1/cmr/m/n/10 36.18.1. 
 []


Overfull \hbox (4.50002pt too wide) detected at line 961
 \OT1/cmr/m/n/10 1100
 []


Overfull \hbox (1.33342pt too wide) detected at line 962
\OT1/cmr/m/n/10 36.18.2. 
 []


Overfull \hbox (4.50002pt too wide) detected at line 962
 \OT1/cmr/m/n/10 1100
 []


Overfull \hbox (1.33342pt too wide) detected at line 963
\OT1/cmr/m/n/10 36.18.3. 
 []


Overfull \hbox (4.50002pt too wide) detected at line 963
 \OT1/cmr/m/n/10 1101
 []


Overfull \hbox (1.33342pt too wide) detected at line 966
\OT1/cmr/m/n/10 36.18.4. 
 []


Overfull \hbox (4.50002pt too wide) detected at line 966
 \OT1/cmr/m/n/10 1103
 []


Overfull \hbox (1.33342pt too wide) detected at line 969
\OT1/cmr/m/n/10 36.18.5. 
 []


Overfull \hbox (4.50002pt too wide) detected at line 969
 \OT1/cmr/m/n/10 1108
 []


Overfull \hbox (2.55557pt too wide) detected at line 970
\OT1/cmr/m/n/10 36.19. 
 []


Overfull \hbox (4.50002pt too wide) detected at line 970
 \OT1/cmr/m/n/10 1115
 []


Overfull \hbox (1.33342pt too wide) detected at line 971
\OT1/cmr/m/n/10 36.19.1. 
 []


Overfull \hbox (4.50002pt too wide) detected at line 971
 \OT1/cmr/m/n/10 1115
 []


Overfull \hbox (1.33342pt too wide) detected at line 972
\OT1/cmr/m/n/10 36.19.2. 
 []


Overfull \hbox (4.50002pt too wide) detected at line 972
 \OT1/cmr/m/n/10 1115
 []


Overfull \hbox (1.33342pt too wide) detected at line 973
\OT1/cmr/m/n/10 36.19.3. 
 []


Overfull \hbox (4.50002pt too wide) detected at line 973
 \OT1/cmr/m/n/10 1118
 []


Overfull \hbox (1.33342pt too wide) detected at line 976
\OT1/cmr/m/n/10 36.19.4. 
 []


Overfull \hbox (4.50002pt too wide) detected at line 976
 \OT1/cmr/m/n/10 1123
 []


Overfull \hbox (2.55557pt too wide) detected at line 977
\OT1/cmr/m/n/10 36.20. 
 []


Overfull \hbox (4.50002pt too wide) detected at line 977
 \OT1/cmr/m/n/10 1130
 []


Overfull \hbox (1.33342pt too wide) detected at line 978
\OT1/cmr/m/n/10 36.20.1. 
 []


Overfull \hbox (4.50002pt too wide) detected at line 978
 \OT1/cmr/m/n/10 1130
 []


Overfull \hbox (1.33342pt too wide) detected at line 979
\OT1/cmr/m/n/10 36.20.2. 
 []


Overfull \hbox (4.50002pt too wide) detected at line 979
 \OT1/cmr/m/n/10 1130
 []


Overfull \hbox (1.33342pt too wide) detected at line 980
\OT1/cmr/m/n/10 36.20.3. 
 []


Overfull \hbox (4.50002pt too wide) detected at line 980
 \OT1/cmr/m/n/10 1133
 []


Overfull \hbox (2.55557pt too wide) detected at line 983
\OT1/cmr/m/n/10 36.21. 
 []


Overfull \hbox (4.50002pt too wide) detected at line 983
 \OT1/cmr/m/n/10 1145
 []


Overfull \hbox (1.33342pt too wide) detected at line 984
\OT1/cmr/m/n/10 36.21.1. 
 []


Overfull \hbox (4.50002pt too wide) detected at line 984
 \OT1/cmr/m/n/10 1145
 []


Overfull \hbox (1.33342pt too wide) detected at line 985
\OT1/cmr/m/n/10 36.21.2. 
 []


Overfull \hbox (4.50002pt too wide) detected at line 985
 \OT1/cmr/m/n/10 1145
 []


Overfull \hbox (1.33342pt too wide) detected at line 986
\OT1/cmr/m/n/10 36.21.3. 
 []


Overfull \hbox (4.50002pt too wide) detected at line 986
 \OT1/cmr/m/n/10 1148
 []


Overfull \hbox (2.55557pt too wide) detected at line 989
\OT1/cmr/m/n/10 36.22. 
 []


Overfull \hbox (4.50002pt too wide) detected at line 989
 \OT1/cmr/m/n/10 1159
 []


Overfull \hbox (1.33342pt too wide) detected at line 990
\OT1/cmr/m/n/10 36.22.1. 
 []


Overfull \hbox (4.50002pt too wide) detected at line 990
 \OT1/cmr/m/n/10 1159
 []


Overfull \hbox (1.33342pt too wide) detected at line 991
\OT1/cmr/m/n/10 36.22.2. 
 []


Overfull \hbox (4.50002pt too wide) detected at line 991
 \OT1/cmr/m/n/10 1159
 []


Overfull \hbox (1.33342pt too wide) detected at line 992
\OT1/cmr/m/n/10 36.22.3. 
 []


Overfull \hbox (4.50002pt too wide) detected at line 992
 \OT1/cmr/m/n/10 1162
 []


Overfull \hbox (2.55557pt too wide) detected at line 995
\OT1/cmr/m/n/10 36.23. 
 []


Overfull \hbox (4.50002pt too wide) detected at line 995
 \OT1/cmr/m/n/10 1173
 []


Overfull \hbox (1.33342pt too wide) detected at line 996
\OT1/cmr/m/n/10 36.23.1. 
 []


Overfull \hbox (4.50002pt too wide) detected at line 996
 \OT1/cmr/m/n/10 1173
 []


Overfull \hbox (1.33342pt too wide) detected at line 997
\OT1/cmr/m/n/10 36.23.2. 
 []


Overfull \hbox (4.50002pt too wide) detected at line 997
 \OT1/cmr/m/n/10 1173
 []


Overfull \hbox (1.33342pt too wide) detected at line 998
\OT1/cmr/m/n/10 36.23.3. 
 []


Overfull \hbox (4.50002pt too wide) detected at line 998
 \OT1/cmr/m/n/10 1176
 []


Overfull \hbox (2.55557pt too wide) detected at line 1001
\OT1/cmr/m/n/10 36.24. 
 []


Overfull \hbox (4.50002pt too wide) detected at line 1001
 \OT1/cmr/m/n/10 1183
 []


Overfull \hbox (1.33342pt too wide) detected at line 1002
\OT1/cmr/m/n/10 36.24.1. 
 []


Overfull \hbox (4.50002pt too wide) detected at line 1002
 \OT1/cmr/m/n/10 1183
 []


Overfull \hbox (1.33342pt too wide) detected at line 1003
\OT1/cmr/m/n/10 36.24.2. 
 []


Overfull \hbox (4.50002pt too wide) detected at line 1003
 \OT1/cmr/m/n/10 1183
 []


Overfull \hbox (2.55557pt too wide) detected at line 1004
\OT1/cmr/m/n/10 36.25. 
 []


Overfull \hbox (4.50002pt too wide) detected at line 1004
 \OT1/cmr/m/n/10 1191
 []


Overfull \hbox (1.33342pt too wide) detected at line 1005
\OT1/cmr/m/n/10 36.25.1. 
 []


Overfull \hbox (4.50002pt too wide) detected at line 1005
 \OT1/cmr/m/n/10 1191
 []


Overfull \hbox (1.33342pt too wide) detected at line 1006
\OT1/cmr/m/n/10 36.25.2. 
 []


Overfull \hbox (4.50002pt too wide) detected at line 1006
 \OT1/cmr/m/n/10 1191
 []


Overfull \hbox (2.55557pt too wide) detected at line 1007
\OT1/cmr/m/n/10 36.26. 
 []


Overfull \hbox (4.50002pt too wide) detected at line 1007
 \OT1/cmr/m/n/10 1199
 []


Overfull \hbox (1.33342pt too wide) detected at line 1008
\OT1/cmr/m/n/10 36.26.1. 
 []


Overfull \hbox (4.50002pt too wide) detected at line 1008
 \OT1/cmr/m/n/10 1199
 []


Overfull \hbox (1.33342pt too wide) detected at line 1009
\OT1/cmr/m/n/10 36.26.2. 
 []


Overfull \hbox (4.50002pt too wide) detected at line 1009
 \OT1/cmr/m/n/10 1199
 []


Overfull \hbox (1.33342pt too wide) detected at line 1010
\OT1/cmr/m/n/10 36.26.3. 
 []


Overfull \hbox (4.50002pt too wide) detected at line 1010
 \OT1/cmr/m/n/10 1202
 []


Overfull \hbox (1.33342pt too wide) detected at line 1013
\OT1/cmr/m/n/10 36.26.4. 
 []


Overfull \hbox (4.50002pt too wide) detected at line 1013
 \OT1/cmr/m/n/10 1207
 []


Overfull \hbox (2.55557pt too wide) detected at line 1014
\OT1/cmr/m/n/10 36.27. 
 []


Overfull \hbox (4.50002pt too wide) detected at line 1014
 \OT1/cmr/m/n/10 1213
 []


Overfull \hbox (1.33342pt too wide) detected at line 1015
\OT1/cmr/m/n/10 36.27.1. 
 []


Overfull \hbox (4.50002pt too wide) detected at line 1015
 \OT1/cmr/m/n/10 1213
 []


Overfull \hbox (1.33342pt too wide) detected at line 1016
\OT1/cmr/m/n/10 36.27.2. 
 []


Overfull \hbox (4.50002pt too wide) detected at line 1016
 \OT1/cmr/m/n/10 1213
 []


Overfull \hbox (2.55557pt too wide) detected at line 1017
\OT1/cmr/m/n/10 36.28. 
 []


Overfull \hbox (4.50002pt too wide) detected at line 1017
 \OT1/cmr/m/n/10 1221
 []


Overfull \hbox (1.33342pt too wide) detected at line 1018
\OT1/cmr/m/n/10 36.28.1. 
 []


Overfull \hbox (4.50002pt too wide) detected at line 1018
 \OT1/cmr/m/n/10 1221
 []


Overfull \hbox (1.33342pt too wide) detected at line 1019
\OT1/cmr/m/n/10 36.28.2. 
 []


Overfull \hbox (4.50002pt too wide) detected at line 1019
 \OT1/cmr/m/n/10 1223
 []


Overfull \hbox (2.55557pt too wide) detected at line 1020
\OT1/cmr/m/n/10 36.29. 
 []


Overfull \hbox (4.50002pt too wide) detected at line 1020
 \OT1/cmr/m/n/10 1226
 []


Overfull \hbox (1.33342pt too wide) detected at line 1021
\OT1/cmr/m/n/10 36.29.1. 
 []


Overfull \hbox (4.50002pt too wide) detected at line 1021
 \OT1/cmr/m/n/10 1226
 []


Overfull \hbox (1.33342pt too wide) detected at line 1022
\OT1/cmr/m/n/10 36.29.2. 
 []


Overfull \hbox (4.50002pt too wide) detected at line 1022
 \OT1/cmr/m/n/10 1229
 []


Overfull \hbox (2.55557pt too wide) detected at line 1023
\OT1/cmr/m/n/10 36.30. 
 []


Overfull \hbox (4.50002pt too wide) detected at line 1023
 \OT1/cmr/m/n/10 1231
 []


Overfull \hbox (1.33342pt too wide) detected at line 1024
\OT1/cmr/m/n/10 36.30.1. 
 []


Overfull \hbox (4.50002pt too wide) detected at line 1024
 \OT1/cmr/m/n/10 1231
 []


Overfull \hbox (1.33342pt too wide) detected at line 1025
\OT1/cmr/m/n/10 36.30.2. 
 []


Overfull \hbox (4.50002pt too wide) detected at line 1025
 \OT1/cmr/m/n/10 1232
 []


Overfull \hbox (1.33342pt too wide) detected at line 1026
\OT1/cmr/m/n/10 36.30.3. 
 []


Overfull \hbox (4.50002pt too wide) detected at line 1026
 \OT1/cmr/m/n/10 1232
 []

LaTeX Info: Redefining \. on input line 1027.
LaTeX Info: Redefining \% on input line 1027.

Package fancyhdr Warning: \headheight is too small (12.0pt): 
(fancyhdr)                Make it at least 13.07225pt, for example:
(fancyhdr)                \setlength{\headheight}{13.07225pt}.
(fancyhdr)                You might also make \topmargin smaller to compensate:

(fancyhdr)                \addtolength{\topmargin}{-1.07225pt}.

LaTeX Info: Redefining \. on input line 1027.
LaTeX Info: Redefining \% on input line 1027.
[18]
Overfull \hbox (2.55557pt too wide) detected at line 1027
\OT1/cmr/m/n/10 36.31. 
 []


Overfull \hbox (4.50002pt too wide) detected at line 1027
 \OT1/cmr/m/n/10 1232
 []


Overfull \hbox (2.55557pt too wide) detected at line 1028
\OT1/cmr/m/n/10 36.32. 
 []


Overfull \hbox (4.50002pt too wide) detected at line 1028
 \OT1/cmr/m/n/10 1235
 []


Overfull \hbox (2.55557pt too wide) detected at line 1029
\OT1/cmr/m/n/10 36.33. 
 []


Overfull \hbox (4.50002pt too wide) detected at line 1029
 \OT1/cmr/m/n/10 1237
 []


Overfull \hbox (2.55557pt too wide) detected at line 1030
\OT1/cmr/m/n/10 36.34. 
 []


Overfull \hbox (4.50002pt too wide) detected at line 1030
 \OT1/cmr/m/n/10 1238
 []


Overfull \hbox (2.55557pt too wide) detected at line 1031
\OT1/cmr/m/n/10 36.35. 
 []


Overfull \hbox (4.50002pt too wide) detected at line 1031
 \OT1/cmr/m/n/10 1241
 []


Overfull \hbox (2.55557pt too wide) detected at line 1032
\OT1/cmr/m/n/10 36.36. 
 []


Overfull \hbox (4.50002pt too wide) detected at line 1032
 \OT1/cmr/m/n/10 1244
 []


Overfull \hbox (2.55557pt too wide) detected at line 1033
\OT1/cmr/m/n/10 36.37. 
 []


Overfull \hbox (4.50002pt too wide) detected at line 1033
 \OT1/cmr/m/n/10 1267
 []


Overfull \hbox (1.33342pt too wide) detected at line 1035
\OT1/cmr/m/n/10 36.37.1. 
 []


Overfull \hbox (4.50002pt too wide) detected at line 1035
 \OT1/cmr/m/n/10 1274
 []


Overfull \hbox (1.33342pt too wide) detected at line 1040
\OT1/cmr/m/n/10 36.37.2. 
 []


Overfull \hbox (4.50002pt too wide) detected at line 1040
 \OT1/cmr/m/n/10 1276
 []


Overfull \hbox (1.33342pt too wide) detected at line 1045
\OT1/cmr/m/n/10 36.37.3. 
 []


Overfull \hbox (4.50002pt too wide) detected at line 1045
 \OT1/cmr/m/n/10 1279
 []


Overfull \hbox (1.33342pt too wide) detected at line 1050
\OT1/cmr/m/n/10 36.37.4. 
 []


Overfull \hbox (4.50002pt too wide) detected at line 1050
 \OT1/cmr/m/n/10 1281
 []


Overfull \hbox (1.33342pt too wide) detected at line 1055
\OT1/cmr/m/n/10 36.37.5. 
 []


Overfull \hbox (4.50002pt too wide) detected at line 1055
 \OT1/cmr/m/n/10 1288
 []


Overfull \hbox (2.55557pt too wide) detected at line 1056
\OT1/cmr/m/n/10 36.38. 
 []


Overfull \hbox (4.50002pt too wide) detected at line 1056
 \OT1/cmr/m/n/10 1289
 []


Overfull \hbox (1.33342pt too wide) detected at line 1057
\OT1/cmr/m/n/10 36.38.1. 
 []


Overfull \hbox (4.50002pt too wide) detected at line 1057
 \OT1/cmr/m/n/10 1290
 []


Overfull \hbox (1.33342pt too wide) detected at line 1058
\OT1/cmr/m/n/10 36.38.2. 
 []


Overfull \hbox (4.50002pt too wide) detected at line 1058
 \OT1/cmr/m/n/10 1290
 []


Overfull \hbox (2.55557pt too wide) detected at line 1059
\OT1/cmr/m/n/10 36.39. 
 []


Overfull \hbox (4.50002pt too wide) detected at line 1059
 \OT1/cmr/m/n/10 1294
 []


Overfull \hbox (2.55557pt too wide) detected at line 1060
\OT1/cmr/m/n/10 36.40. 
 []


Overfull \hbox (4.50002pt too wide) detected at line 1060
 \OT1/cmr/m/n/10 1297
 []


Overfull \hbox (1.33342pt too wide) detected at line 1061
\OT1/cmr/m/n/10 36.40.1. 
 []


Overfull \hbox (4.50002pt too wide) detected at line 1061
 \OT1/cmr/m/n/10 1297
 []


Overfull \hbox (1.33342pt too wide) detected at line 1062
\OT1/cmr/m/n/10 36.40.2. 
 []


Overfull \hbox (4.50002pt too wide) detected at line 1062
 \OT1/cmr/m/n/10 1298
 []


Overfull \hbox (1.33342pt too wide) detected at line 1063
\OT1/cmr/m/n/10 36.40.3. 
 []


Overfull \hbox (4.50002pt too wide) detected at line 1063
 \OT1/cmr/m/n/10 1299
 []


Overfull \hbox (1.33342pt too wide) detected at line 1064
\OT1/cmr/m/n/10 36.40.4. 
 []


Overfull \hbox (4.50002pt too wide) detected at line 1064
 \OT1/cmr/m/n/10 1300
 []


Overfull \hbox (2.55557pt too wide) detected at line 1065
\OT1/cmr/m/n/10 36.41. 
 []


Overfull \hbox (4.50002pt too wide) detected at line 1065
 \OT1/cmr/m/n/10 1301
 []


Overfull \hbox (2.55557pt too wide) detected at line 1066
\OT1/cmr/m/n/10 36.42. 
 []


Overfull \hbox (4.50002pt too wide) detected at line 1066
 \OT1/cmr/m/n/10 1301
 []


Overfull \hbox (1.33342pt too wide) detected at line 1067
\OT1/cmr/m/n/10 36.42.1. 
 []


Overfull \hbox (4.50002pt too wide) detected at line 1067
 \OT1/cmr/m/n/10 1303
 []


Overfull \hbox (2.55557pt too wide) detected at line 1068
\OT1/cmr/m/n/10 36.43. 
 []


Overfull \hbox (4.50002pt too wide) detected at line 1068
 \OT1/cmr/m/n/10 1306
 []


Overfull \hbox (2.55557pt too wide) detected at line 1069
\OT1/cmr/m/n/10 36.44. 
 []


Overfull \hbox (4.50002pt too wide) detected at line 1069
 \OT1/cmr/m/n/10 1319
 []


Overfull \hbox (1.33342pt too wide) detected at line 1070
\OT1/cmr/m/n/10 36.44.1. 
 []


Overfull \hbox (4.50002pt too wide) detected at line 1070
 \OT1/cmr/m/n/10 1320
 []


Overfull \hbox (1.33342pt too wide) detected at line 1071
\OT1/cmr/m/n/10 36.44.2. 
 []


Overfull \hbox (4.50002pt too wide) detected at line 1071
 \OT1/cmr/m/n/10 1321
 []


Overfull \hbox (2.55557pt too wide) detected at line 1072
\OT1/cmr/m/n/10 36.45. 
 []


Overfull \hbox (4.50002pt too wide) detected at line 1072
 \OT1/cmr/m/n/10 1324
 []


Overfull \hbox (2.55557pt too wide) detected at line 1073
\OT1/cmr/m/n/10 36.46. 
 []


Overfull \hbox (4.50002pt too wide) detected at line 1073
 \OT1/cmr/m/n/10 1327
 []


Overfull \hbox (1.33342pt too wide) detected at line 1074
\OT1/cmr/m/n/10 36.46.1. 
 []


Overfull \hbox (4.50002pt too wide) detected at line 1074
 \OT1/cmr/m/n/10 1327
 []


Overfull \hbox (1.33342pt too wide) detected at line 1075
\OT1/cmr/m/n/10 36.46.2. 
 []


Overfull \hbox (4.50002pt too wide) detected at line 1075
 \OT1/cmr/m/n/10 1328
 []


Overfull \hbox (1.33342pt too wide) detected at line 1076
\OT1/cmr/m/n/10 36.46.3. 
 []


Overfull \hbox (4.50002pt too wide) detected at line 1076
 \OT1/cmr/m/n/10 1329
 []


Overfull \hbox (1.33342pt too wide) detected at line 1077
\OT1/cmr/m/n/10 36.46.4. 
 []


Overfull \hbox (4.50002pt too wide) detected at line 1077
 \OT1/cmr/m/n/10 1331
 []


Overfull \hbox (2.55557pt too wide) detected at line 1078
\OT1/cmr/m/n/10 36.47. 
 []


Overfull \hbox (4.50002pt too wide) detected at line 1078
 \OT1/cmr/m/n/10 1333
 []


Overfull \hbox (2.55557pt too wide) detected at line 1079
\OT1/cmr/m/n/10 36.48. 
 []


Overfull \hbox (4.50002pt too wide) detected at line 1079
 \OT1/cmr/m/n/10 1333
 []


Overfull \hbox (1.33342pt too wide) detected at line 1080
\OT1/cmr/m/n/10 36.48.1. 
 []


Overfull \hbox (4.50002pt too wide) detected at line 1080
 \OT1/cmr/m/n/10 1334
 []


Overfull \hbox (2.55557pt too wide) detected at line 1081
\OT1/cmr/m/n/10 36.49. 
 []


Overfull \hbox (4.50002pt too wide) detected at line 1081
 \OT1/cmr/m/n/10 1339
 []


Overfull \hbox (2.55557pt too wide) detected at line 1082
\OT1/cmr/m/n/10 36.50. 
 []


Overfull \hbox (4.50002pt too wide) detected at line 1082
 \OT1/cmr/m/n/10 1352
 []


Overfull \hbox (1.33342pt too wide) detected at line 1083
\OT1/cmr/m/n/10 36.50.1. 
 []


Overfull \hbox (4.50002pt too wide) detected at line 1083
 \OT1/cmr/m/n/10 1353
 []


Overfull \hbox (1.33342pt too wide) detected at line 1084
\OT1/cmr/m/n/10 36.50.2. 
 []


Overfull \hbox (4.50002pt too wide) detected at line 1084
 \OT1/cmr/m/n/10 1354
 []


Overfull \hbox (2.55557pt too wide) detected at line 1085
\OT1/cmr/m/n/10 36.51. 
 []


Overfull \hbox (4.50002pt too wide) detected at line 1085
 \OT1/cmr/m/n/10 1357
 []


Overfull \hbox (2.55557pt too wide) detected at line 1086
\OT1/cmr/m/n/10 36.52. 
 []


Overfull \hbox (4.50002pt too wide) detected at line 1086
 \OT1/cmr/m/n/10 1360
 []


Overfull \hbox (1.33342pt too wide) detected at line 1087
\OT1/cmr/m/n/10 36.52.1. 
 []


Overfull \hbox (4.50002pt too wide) detected at line 1087
 \OT1/cmr/m/n/10 1360
 []


Overfull \hbox (1.33342pt too wide) detected at line 1088
\OT1/cmr/m/n/10 36.52.2. 
 []


Overfull \hbox (4.50002pt too wide) detected at line 1088
 \OT1/cmr/m/n/10 1361
 []


Overfull \hbox (1.33342pt too wide) detected at line 1089
\OT1/cmr/m/n/10 36.52.3. 
 []


Overfull \hbox (4.50002pt too wide) detected at line 1089
 \OT1/cmr/m/n/10 1362
 []


Overfull \hbox (1.33342pt too wide) detected at line 1090
\OT1/cmr/m/n/10 36.52.4. 
 []


Overfull \hbox (4.50002pt too wide) detected at line 1090
 \OT1/cmr/m/n/10 1364
 []


Overfull \hbox (2.55557pt too wide) detected at line 1091
\OT1/cmr/m/n/10 36.53. 
 []


Overfull \hbox (4.50002pt too wide) detected at line 1091
 \OT1/cmr/m/n/10 1366
 []


Overfull \hbox (2.55557pt too wide) detected at line 1092
\OT1/cmr/m/n/10 36.54. 
 []


Overfull \hbox (4.50002pt too wide) detected at line 1092
 \OT1/cmr/m/n/10 1366
 []


Overfull \hbox (1.33342pt too wide) detected at line 1093
\OT1/cmr/m/n/10 36.54.1. 
 []


Overfull \hbox (4.50002pt too wide) detected at line 1093
 \OT1/cmr/m/n/10 1367
 []


Overfull \hbox (2.55557pt too wide) detected at line 1094
\OT1/cmr/m/n/10 36.55. 
 []


Overfull \hbox (4.50002pt too wide) detected at line 1094
 \OT1/cmr/m/n/10 1372
 []


Overfull \hbox (2.55557pt too wide) detected at line 1095
\OT1/cmr/m/n/10 36.56. 
 []


Overfull \hbox (4.50002pt too wide) detected at line 1095
 \OT1/cmr/m/n/10 1385
 []


Overfull \hbox (1.33342pt too wide) detected at line 1096
\OT1/cmr/m/n/10 36.56.1. 
 []


Overfull \hbox (4.50002pt too wide) detected at line 1096
 \OT1/cmr/m/n/10 1386
 []


Overfull \hbox (1.33342pt too wide) detected at line 1097
\OT1/cmr/m/n/10 36.56.2. 
 []


Overfull \hbox (4.50002pt too wide) detected at line 1097
 \OT1/cmr/m/n/10 1387
 []


Overfull \hbox (2.55557pt too wide) detected at line 1098
\OT1/cmr/m/n/10 36.57. 
 []


Overfull \hbox (4.50002pt too wide) detected at line 1098
 \OT1/cmr/m/n/10 1392
 []


Overfull \hbox (2.55557pt too wide) detected at line 1099
\OT1/cmr/m/n/10 36.58. 
 []


Overfull \hbox (4.50002pt too wide) detected at line 1099
 \OT1/cmr/m/n/10 1394
 []

LaTeX Info: Redefining \. on input line 1100.
LaTeX Info: Redefining \% on input line 1100.

Package fancyhdr Warning: \headheight is too small (12.0pt): 
(fancyhdr)                Make it at least 13.07225pt, for example:
(fancyhdr)                \setlength{\headheight}{13.07225pt}.
(fancyhdr)                You might also make \topmargin smaller to compensate:

(fancyhdr)                \addtolength{\topmargin}{-1.07225pt}.

LaTeX Info: Redefining \. on input line 1100.
LaTeX Info: Redefining \% on input line 1100.
[19]
Overfull \hbox (1.33342pt too wide) detected at line 1100
\OT1/cmr/m/n/10 36.58.1. 
 []


Overfull \hbox (4.50002pt too wide) detected at line 1100
 \OT1/cmr/m/n/10 1394
 []


Overfull \hbox (1.33342pt too wide) detected at line 1101
\OT1/cmr/m/n/10 36.58.2. 
 []


Overfull \hbox (4.50002pt too wide) detected at line 1101
 \OT1/cmr/m/n/10 1395
 []


Overfull \hbox (1.33342pt too wide) detected at line 1102
\OT1/cmr/m/n/10 36.58.3. 
 []


Overfull \hbox (4.50002pt too wide) detected at line 1102
 \OT1/cmr/m/n/10 1396
 []


Overfull \hbox (1.33342pt too wide) detected at line 1103
\OT1/cmr/m/n/10 36.58.4. 
 []


Overfull \hbox (4.50002pt too wide) detected at line 1103
 \OT1/cmr/m/n/10 1398
 []


Overfull \hbox (2.55557pt too wide) detected at line 1104
\OT1/cmr/m/n/10 36.59. 
 []


Overfull \hbox (4.50002pt too wide) detected at line 1104
 \OT1/cmr/m/n/10 1400
 []


Overfull \hbox (2.55557pt too wide) detected at line 1105
\OT1/cmr/m/n/10 36.60. 
 []


Overfull \hbox (4.50002pt too wide) detected at line 1105
 \OT1/cmr/m/n/10 1400
 []


Overfull \hbox (1.33342pt too wide) detected at line 1106
\OT1/cmr/m/n/10 36.60.1. 
 []


Overfull \hbox (4.50002pt too wide) detected at line 1106
 \OT1/cmr/m/n/10 1401
 []


Overfull \hbox (2.55557pt too wide) detected at line 1107
\OT1/cmr/m/n/10 36.61. 
 []


Overfull \hbox (4.50002pt too wide) detected at line 1107
 \OT1/cmr/m/n/10 1406
 []


Overfull \hbox (2.55557pt too wide) detected at line 1108
\OT1/cmr/m/n/10 36.62. 
 []


Overfull \hbox (4.50002pt too wide) detected at line 1108
 \OT1/cmr/m/n/10 1419
 []


Overfull \hbox (1.33342pt too wide) detected at line 1109
\OT1/cmr/m/n/10 36.62.1. 
 []


Overfull \hbox (4.50002pt too wide) detected at line 1109
 \OT1/cmr/m/n/10 1420
 []


Overfull \hbox (1.33342pt too wide) detected at line 1110
\OT1/cmr/m/n/10 36.62.2. 
 []


Overfull \hbox (4.50002pt too wide) detected at line 1110
 \OT1/cmr/m/n/10 1421
 []


Overfull \hbox (2.55557pt too wide) detected at line 1111
\OT1/cmr/m/n/10 36.63. 
 []


Overfull \hbox (4.50002pt too wide) detected at line 1111
 \OT1/cmr/m/n/10 1426
 []


Overfull \hbox (2.55557pt too wide) detected at line 1112
\OT1/cmr/m/n/10 36.64. 
 []


Overfull \hbox (4.50002pt too wide) detected at line 1112
 \OT1/cmr/m/n/10 1428
 []


Overfull \hbox (1.33342pt too wide) detected at line 1113
\OT1/cmr/m/n/10 36.64.1. 
 []


Overfull \hbox (4.50002pt too wide) detected at line 1113
 \OT1/cmr/m/n/10 1428
 []


Overfull \hbox (1.33342pt too wide) detected at line 1114
\OT1/cmr/m/n/10 36.64.2. 
 []


Overfull \hbox (4.50002pt too wide) detected at line 1114
 \OT1/cmr/m/n/10 1429
 []


Overfull \hbox (1.33342pt too wide) detected at line 1115
\OT1/cmr/m/n/10 36.64.3. 
 []


Overfull \hbox (4.50002pt too wide) detected at line 1115
 \OT1/cmr/m/n/10 1430
 []


Overfull \hbox (1.33342pt too wide) detected at line 1116
\OT1/cmr/m/n/10 36.64.4. 
 []


Overfull \hbox (4.50002pt too wide) detected at line 1116
 \OT1/cmr/m/n/10 1432
 []


Overfull \hbox (2.55557pt too wide) detected at line 1117
\OT1/cmr/m/n/10 36.65. 
 []


Overfull \hbox (4.50002pt too wide) detected at line 1117
 \OT1/cmr/m/n/10 1434
 []


Overfull \hbox (2.55557pt too wide) detected at line 1118
\OT1/cmr/m/n/10 36.66. 
 []


Overfull \hbox (4.50002pt too wide) detected at line 1118
 \OT1/cmr/m/n/10 1434
 []


Overfull \hbox (1.33342pt too wide) detected at line 1119
\OT1/cmr/m/n/10 36.66.1. 
 []


Overfull \hbox (4.50002pt too wide) detected at line 1119
 \OT1/cmr/m/n/10 1435
 []


Overfull \hbox (2.55557pt too wide) detected at line 1120
\OT1/cmr/m/n/10 36.67. 
 []


Overfull \hbox (4.50002pt too wide) detected at line 1120
 \OT1/cmr/m/n/10 1440
 []


Overfull \hbox (1.33342pt too wide) detected at line 1121
\OT1/cmr/m/n/10 36.67.1. 
 []


Overfull \hbox (4.50002pt too wide) detected at line 1121
 \OT1/cmr/m/n/10 1448
 []


Overfull \hbox (2.55557pt too wide) detected at line 1122
\OT1/cmr/m/n/10 36.68. 
 []


Overfull \hbox (4.50002pt too wide) detected at line 1122
 \OT1/cmr/m/n/10 1452
 []


Overfull \hbox (1.33342pt too wide) detected at line 1123
\OT1/cmr/m/n/10 36.68.1. 
 []


Overfull \hbox (4.50002pt too wide) detected at line 1123
 \OT1/cmr/m/n/10 1452
 []


Overfull \hbox (1.33342pt too wide) detected at line 1124
\OT1/cmr/m/n/10 36.68.2. 
 []


Overfull \hbox (4.50002pt too wide) detected at line 1124
 \OT1/cmr/m/n/10 1454
 []


Overfull \hbox (2.55557pt too wide) detected at line 1125
\OT1/cmr/m/n/10 36.69. 
 []


Overfull \hbox (4.50002pt too wide) detected at line 1125
 \OT1/cmr/m/n/10 1461
 []


Overfull \hbox (2.55557pt too wide) detected at line 1126
\OT1/cmr/m/n/10 36.70. 
 []


Overfull \hbox (4.50002pt too wide) detected at line 1126
 \OT1/cmr/m/n/10 1464
 []


Overfull \hbox (1.33342pt too wide) detected at line 1127
\OT1/cmr/m/n/10 36.70.1. 
 []


Overfull \hbox (4.50002pt too wide) detected at line 1127
 \OT1/cmr/m/n/10 1465
 []


Overfull \hbox (1.33342pt too wide) detected at line 1128
\OT1/cmr/m/n/10 36.70.2. 
 []


Overfull \hbox (4.50002pt too wide) detected at line 1128
 \OT1/cmr/m/n/10 1466
 []


Overfull \hbox (1.33342pt too wide) detected at line 1129
\OT1/cmr/m/n/10 36.70.3. 
 []


Overfull \hbox (4.50002pt too wide) detected at line 1129
 \OT1/cmr/m/n/10 1467
 []


Overfull \hbox (1.33342pt too wide) detected at line 1130
\OT1/cmr/m/n/10 36.70.4. 
 []


Overfull \hbox (4.50002pt too wide) detected at line 1130
 \OT1/cmr/m/n/10 1469
 []


Overfull \hbox (2.55557pt too wide) detected at line 1131
\OT1/cmr/m/n/10 36.71. 
 []


Overfull \hbox (4.50002pt too wide) detected at line 1131
 \OT1/cmr/m/n/10 1471
 []


Overfull \hbox (1.33342pt too wide) detected at line 1132
\OT1/cmr/m/n/10 36.71.1. 
 []


Overfull \hbox (4.50002pt too wide) detected at line 1132
 \OT1/cmr/m/n/10 1472
 []


Overfull \hbox (2.55557pt too wide) detected at line 1133
\OT1/cmr/m/n/10 36.72. 
 []


Overfull \hbox (4.50002pt too wide) detected at line 1133
 \OT1/cmr/m/n/10 1478
 []


Overfull \hbox (1.33342pt too wide) detected at line 1134
\OT1/cmr/m/n/10 36.72.1. 
 []


Overfull \hbox (4.50002pt too wide) detected at line 1134
 \OT1/cmr/m/n/10 1482
 []


Overfull \hbox (2.55557pt too wide) detected at line 1135
\OT1/cmr/m/n/10 36.73. 
 []


Overfull \hbox (4.50002pt too wide) detected at line 1135
 \OT1/cmr/m/n/10 1482
 []


Overfull \hbox (1.33342pt too wide) detected at line 1136
\OT1/cmr/m/n/10 36.73.1. 
 []


Overfull \hbox (4.50002pt too wide) detected at line 1136
 \OT1/cmr/m/n/10 1483
 []


Overfull \hbox (1.33342pt too wide) detected at line 1137
\OT1/cmr/m/n/10 36.73.2. 
 []


Overfull \hbox (4.50002pt too wide) detected at line 1137
 \OT1/cmr/m/n/10 1484
 []


Overfull \hbox (1.33342pt too wide) detected at line 1138
\OT1/cmr/m/n/10 36.73.3. 
 []


Overfull \hbox (4.50002pt too wide) detected at line 1138
 \OT1/cmr/m/n/10 1485
 []


Overfull \hbox (1.33342pt too wide) detected at line 1139
\OT1/cmr/m/n/10 36.73.4. 
 []


Overfull \hbox (4.50002pt too wide) detected at line 1139
 \OT1/cmr/m/n/10 1485
 []


Overfull \hbox (1.33342pt too wide) detected at line 1140
\OT1/cmr/m/n/10 36.73.5. 
 []


Overfull \hbox (4.50002pt too wide) detected at line 1140
 \OT1/cmr/m/n/10 1486
 []


Overfull \hbox (2.55557pt too wide) detected at line 1141
\OT1/cmr/m/n/10 36.74. 
 []


Overfull \hbox (4.50002pt too wide) detected at line 1141
 \OT1/cmr/m/n/10 1487
 []


Overfull \hbox (2.55557pt too wide) detected at line 1142
\OT1/cmr/m/n/10 36.75. 
 []


Overfull \hbox (4.50002pt too wide) detected at line 1142
 \OT1/cmr/m/n/10 1487
 []


Overfull \hbox (2.55557pt too wide) detected at line 1143
\OT1/cmr/m/n/10 36.76. 
 []


Overfull \hbox (4.50002pt too wide) detected at line 1143
 \OT1/cmr/m/n/10 1505
 []


Overfull \hbox (2.55557pt too wide) detected at line 1144
\OT1/cmr/m/n/10 36.77. 
 []


Overfull \hbox (4.50002pt too wide) detected at line 1144
 \OT1/cmr/m/n/10 1505
 []


Overfull \hbox (2.55557pt too wide) detected at line 1145
\OT1/cmr/m/n/10 36.78. 
 []


Overfull \hbox (4.50002pt too wide) detected at line 1145
 \OT1/cmr/m/n/10 1506
 []


Overfull \hbox (2.55557pt too wide) detected at line 1146
\OT1/cmr/m/n/10 36.79. 
 []


Overfull \hbox (4.50002pt too wide) detected at line 1146
 \OT1/cmr/m/n/10 1507
 []


Overfull \hbox (2.55557pt too wide) detected at line 1147
\OT1/cmr/m/n/10 36.80. 
 []


Overfull \hbox (4.50002pt too wide) detected at line 1147
 \OT1/cmr/m/n/10 1510
 []


Overfull \hbox (2.55557pt too wide) detected at line 1148
\OT1/cmr/m/n/10 36.81. 
 []


Overfull \hbox (4.50002pt too wide) detected at line 1148
 \OT1/cmr/m/n/10 1510
 []


Overfull \hbox (2.55557pt too wide) detected at line 1149
\OT1/cmr/m/n/10 36.82. 
 []


Overfull \hbox (4.50002pt too wide) detected at line 1149
 \OT1/cmr/m/n/10 1515
 []


Overfull \hbox (2.55557pt too wide) detected at line 1150
\OT1/cmr/m/n/10 36.83. 
 []


Overfull \hbox (4.50002pt too wide) detected at line 1150
 \OT1/cmr/m/n/10 1520
 []


Overfull \hbox (2.55557pt too wide) detected at line 1151
\OT1/cmr/m/n/10 36.84. 
 []


Overfull \hbox (4.50002pt too wide) detected at line 1151
 \OT1/cmr/m/n/10 1522
 []


Overfull \hbox (1.33342pt too wide) detected at line 1152
\OT1/cmr/m/n/10 36.84.1. 
 []


Overfull \hbox (4.50002pt too wide) detected at line 1152
 \OT1/cmr/m/n/10 1523
 []


Overfull \hbox (1.33342pt too wide) detected at line 1153
\OT1/cmr/m/n/10 36.84.2. 
 []


Overfull \hbox (4.50002pt too wide) detected at line 1153
 \OT1/cmr/m/n/10 1524
 []


Overfull \hbox (1.33342pt too wide) detected at line 1154
\OT1/cmr/m/n/10 36.84.3. 
 []


Overfull \hbox (4.50002pt too wide) detected at line 1154
 \OT1/cmr/m/n/10 1526
 []


Overfull \hbox (1.33342pt too wide) detected at line 1155
\OT1/cmr/m/n/10 36.84.4. 
 []


Overfull \hbox (4.50002pt too wide) detected at line 1155
 \OT1/cmr/m/n/10 1527
 []

LaTeX Info: Redefining \. on input line 1156.
LaTeX Info: Redefining \% on input line 1156.

Package fancyhdr Warning: \headheight is too small (12.0pt): 
(fancyhdr)                Make it at least 13.07225pt, for example:
(fancyhdr)                \setlength{\headheight}{13.07225pt}.
(fancyhdr)                You might also make \topmargin smaller to compensate:

(fancyhdr)                \addtolength{\topmargin}{-1.07225pt}.

LaTeX Info: Redefining \. on input line 1156.
LaTeX Info: Redefining \% on input line 1156.
[20]
Overfull \hbox (2.55557pt too wide) detected at line 1156
\OT1/cmr/m/n/10 36.85. 
 []


Overfull \hbox (4.50002pt too wide) detected at line 1156
 \OT1/cmr/m/n/10 1529
 []


Overfull \hbox (2.55557pt too wide) detected at line 1157
\OT1/cmr/m/n/10 36.86. 
 []


Overfull \hbox (4.50002pt too wide) detected at line 1157
 \OT1/cmr/m/n/10 1530
 []


Overfull \hbox (2.55557pt too wide) detected at line 1158
\OT1/cmr/m/n/10 36.87. 
 []


Overfull \hbox (4.50002pt too wide) detected at line 1158
 \OT1/cmr/m/n/10 1536
 []


Overfull \hbox (1.33342pt too wide) detected at line 1159
\OT1/cmr/m/n/10 36.87.1. 
 []


Overfull \hbox (4.50002pt too wide) detected at line 1159
 \OT1/cmr/m/n/10 1540
 []


Overfull \hbox (2.55557pt too wide) detected at line 1160
\OT1/cmr/m/n/10 36.88. 
 []


Overfull \hbox (4.50002pt too wide) detected at line 1160
 \OT1/cmr/m/n/10 1540
 []


Overfull \hbox (1.33342pt too wide) detected at line 1161
\OT1/cmr/m/n/10 36.88.1. 
 []


Overfull \hbox (4.50002pt too wide) detected at line 1161
 \OT1/cmr/m/n/10 1541
 []


Overfull \hbox (1.33342pt too wide) detected at line 1162
\OT1/cmr/m/n/10 36.88.2. 
 []


Overfull \hbox (4.50002pt too wide) detected at line 1162
 \OT1/cmr/m/n/10 1542
 []


Overfull \hbox (1.33342pt too wide) detected at line 1163
\OT1/cmr/m/n/10 36.88.3. 
 []


Overfull \hbox (4.50002pt too wide) detected at line 1163
 \OT1/cmr/m/n/10 1542
 []


Overfull \hbox (1.33342pt too wide) detected at line 1164
\OT1/cmr/m/n/10 36.88.4. 
 []


Overfull \hbox (4.50002pt too wide) detected at line 1164
 \OT1/cmr/m/n/10 1543
 []


Overfull \hbox (2.55557pt too wide) detected at line 1165
\OT1/cmr/m/n/10 36.89. 
 []


Overfull \hbox (4.50002pt too wide) detected at line 1165
 \OT1/cmr/m/n/10 1543
 []


Overfull \hbox (1.33342pt too wide) detected at line 1166
\OT1/cmr/m/n/10 36.89.1. 
 []


Overfull \hbox (4.50002pt too wide) detected at line 1166
 \OT1/cmr/m/n/10 1544
 []


Overfull \hbox (2.55557pt too wide) detected at line 1167
\OT1/cmr/m/n/10 36.90. 
 []


Overfull \hbox (4.50002pt too wide) detected at line 1167
 \OT1/cmr/m/n/10 1545
 []


Overfull \hbox (1.33342pt too wide) detected at line 1169
\OT1/cmr/m/n/10 36.90.1. 
 []


Overfull \hbox (4.50002pt too wide) detected at line 1169
 \OT1/cmr/m/n/10 1551
 []


Overfull \hbox (1.33342pt too wide) detected at line 1174
\OT1/cmr/m/n/10 36.90.2. 
 []


Overfull \hbox (4.50002pt too wide) detected at line 1174
 \OT1/cmr/m/n/10 1553
 []


Overfull \hbox (1.33342pt too wide) detected at line 1179
\OT1/cmr/m/n/10 36.90.3. 
 []


Overfull \hbox (4.50002pt too wide) detected at line 1179
 \OT1/cmr/m/n/10 1555
 []


Overfull \hbox (1.33342pt too wide) detected at line 1184
\OT1/cmr/m/n/10 36.90.4. 
 []


Overfull \hbox (4.50002pt too wide) detected at line 1184
 \OT1/cmr/m/n/10 1557
 []


Overfull \hbox (1.33342pt too wide) detected at line 1189
\OT1/cmr/m/n/10 36.90.5. 
 []


Overfull \hbox (4.50002pt too wide) detected at line 1189
 \OT1/cmr/m/n/10 1564
 []


Overfull \hbox (4.50002pt too wide) detected at line 1191
 \OT1/cmr/m/n/10 1565
 []


Overfull \hbox (4.50002pt too wide) detected at line 1192
 \OT1/cmr/m/n/10 1565
 []


Overfull \hbox (4.50002pt too wide) detected at line 1193
 \OT1/cmr/m/n/10 1578
 []


Overfull \hbox (4.50002pt too wide) detected at line 1194
 \OT1/cmr/m/n/10 1578
 []


Overfull \hbox (4.50002pt too wide) detected at line 1195
 \OT1/cmr/m/n/10 1579
 []


Overfull \hbox (4.50002pt too wide) detected at line 1202
 \OT1/cmr/m/n/10 1595
 []


Overfull \hbox (4.50002pt too wide) detected at line 1203
 \OT1/cmr/m/n/10 1596
 []


Overfull \hbox (4.50002pt too wide) detected at line 1204
 \OT1/cmr/m/n/10 1596
 []


Overfull \hbox (4.50002pt too wide) detected at line 1205
 \OT1/cmr/m/n/10 1597
 []


Overfull \hbox (4.50002pt too wide) detected at line 1206
 \OT1/cmr/m/n/10 1601
 []


Overfull \hbox (4.50002pt too wide) detected at line 1207
 \OT1/cmr/m/n/10 1602
 []


Overfull \hbox (4.50002pt too wide) detected at line 1208
 \OT1/cmr/m/n/10 1603
 []


Overfull \hbox (1.33342pt too wide) detected at line 1209
\OT1/cmr/m/n/10 37.2.10. 
 []


Overfull \hbox (4.50002pt too wide) detected at line 1209
 \OT1/cmr/m/n/10 1604
 []


Overfull \hbox (1.33342pt too wide) detected at line 1210
\OT1/cmr/m/n/10 37.2.11. 
 []


Overfull \hbox (4.50002pt too wide) detected at line 1210
 \OT1/cmr/m/n/10 1605
 []


Overfull \hbox (1.33342pt too wide) detected at line 1211
\OT1/cmr/m/n/10 37.2.12. 
 []


Overfull \hbox (4.50002pt too wide) detected at line 1211
 \OT1/cmr/m/n/10 1606
 []


Overfull \hbox (1.33342pt too wide) detected at line 1212
\OT1/cmr/m/n/10 37.2.13. 
 []


Overfull \hbox (4.50002pt too wide) detected at line 1212
 \OT1/cmr/m/n/10 1607
 []


Overfull \hbox (1.33342pt too wide) detected at line 1213
\OT1/cmr/m/n/10 37.2.14. 
 []


Overfull \hbox (4.50002pt too wide) detected at line 1213
 \OT1/cmr/m/n/10 1608
 []


Overfull \hbox (1.33342pt too wide) detected at line 1214
\OT1/cmr/m/n/10 37.2.15. 
 []


Overfull \hbox (4.50002pt too wide) detected at line 1214
 \OT1/cmr/m/n/10 1609
 []


Overfull \hbox (1.33342pt too wide) detected at line 1215
\OT1/cmr/m/n/10 37.2.16. 
 []


Overfull \hbox (4.50002pt too wide) detected at line 1215
 \OT1/cmr/m/n/10 1609
 []


Overfull \hbox (1.33342pt too wide) detected at line 1216
\OT1/cmr/m/n/10 37.2.17. 
 []


Overfull \hbox (4.50002pt too wide) detected at line 1216
 \OT1/cmr/m/n/10 1610
 []


Overfull \hbox (1.33342pt too wide) detected at line 1217
\OT1/cmr/m/n/10 37.2.18. 
 []


Overfull \hbox (4.50002pt too wide) detected at line 1217
 \OT1/cmr/m/n/10 1610
 []


Overfull \hbox (1.33342pt too wide) detected at line 1218
\OT1/cmr/m/n/10 37.2.19. 
 []


Overfull \hbox (4.50002pt too wide) detected at line 1218
 \OT1/cmr/m/n/10 1610
 []


Overfull \hbox (1.33342pt too wide) detected at line 1219
\OT1/cmr/m/n/10 37.2.20. 
 []


Overfull \hbox (4.50002pt too wide) detected at line 1219
 \OT1/cmr/m/n/10 1612
 []


Overfull \hbox (1.33342pt too wide) detected at line 1220
\OT1/cmr/m/n/10 37.2.21. 
 []


Overfull \hbox (4.50002pt too wide) detected at line 1220
 \OT1/cmr/m/n/10 1612
 []


Overfull \hbox (1.33342pt too wide) detected at line 1221
\OT1/cmr/m/n/10 37.2.22. 
 []


Overfull \hbox (4.50002pt too wide) detected at line 1221
 \OT1/cmr/m/n/10 1613
 []


Overfull \hbox (1.33342pt too wide) detected at line 1222
\OT1/cmr/m/n/10 37.2.23. 
 []


Overfull \hbox (4.50002pt too wide) detected at line 1222
 \OT1/cmr/m/n/10 1613
 []


Overfull \hbox (1.33342pt too wide) detected at line 1223
\OT1/cmr/m/n/10 37.2.24. 
 []


Overfull \hbox (4.50002pt too wide) detected at line 1223
 \OT1/cmr/m/n/10 1615
 []


Overfull \hbox (1.33342pt too wide) detected at line 1224
\OT1/cmr/m/n/10 37.2.25. 
 []


Overfull \hbox (4.50002pt too wide) detected at line 1224
 \OT1/cmr/m/n/10 1616
 []


Overfull \hbox (1.33342pt too wide) detected at line 1225
\OT1/cmr/m/n/10 37.2.26. 
 []


Overfull \hbox (4.50002pt too wide) detected at line 1225
 \OT1/cmr/m/n/10 1620
 []


Overfull \hbox (1.33342pt too wide) detected at line 1226
\OT1/cmr/m/n/10 37.2.27. 
 []


Overfull \hbox (4.50002pt too wide) detected at line 1226
 \OT1/cmr/m/n/10 1621
 []


Overfull \hbox (1.33342pt too wide) detected at line 1227
\OT1/cmr/m/n/10 37.2.28. 
 []


Overfull \hbox (4.50002pt too wide) detected at line 1227
 \OT1/cmr/m/n/10 1622
 []


Overfull \hbox (1.33342pt too wide) detected at line 1228
\OT1/cmr/m/n/10 37.2.29. 
 []


Overfull \hbox (4.50002pt too wide) detected at line 1228
 \OT1/cmr/m/n/10 1623
 []


Overfull \hbox (1.33342pt too wide) detected at line 1229
\OT1/cmr/m/n/10 37.2.30. 
 []


Overfull \hbox (4.50002pt too wide) detected at line 1229
 \OT1/cmr/m/n/10 1623
 []


Overfull \hbox (1.33342pt too wide) detected at line 1230
\OT1/cmr/m/n/10 37.2.31. 
 []


Overfull \hbox (4.50002pt too wide) detected at line 1230
 \OT1/cmr/m/n/10 1626
 []


Overfull \hbox (1.33342pt too wide) detected at line 1231
\OT1/cmr/m/n/10 37.2.32. 
 []


Overfull \hbox (4.50002pt too wide) detected at line 1231
 \OT1/cmr/m/n/10 1627
 []


Overfull \hbox (1.33342pt too wide) detected at line 1232
\OT1/cmr/m/n/10 37.2.33. 
 []


Overfull \hbox (4.50002pt too wide) detected at line 1232
 \OT1/cmr/m/n/10 1628
 []


Overfull \hbox (1.33342pt too wide) detected at line 1233
\OT1/cmr/m/n/10 37.2.34. 
 []


Overfull \hbox (4.50002pt too wide) detected at line 1233
 \OT1/cmr/m/n/10 1628
 []

LaTeX Info: Redefining \. on input line 1234.
LaTeX Info: Redefining \% on input line 1234.

Package fancyhdr Warning: \headheight is too small (12.0pt): 
(fancyhdr)                Make it at least 13.07225pt, for example:
(fancyhdr)                \setlength{\headheight}{13.07225pt}.
(fancyhdr)                You might also make \topmargin smaller to compensate:

(fancyhdr)                \addtolength{\topmargin}{-1.07225pt}.

LaTeX Info: Redefining \. on input line 1234.
LaTeX Info: Redefining \% on input line 1234.
[21]
Overfull \hbox (1.33342pt too wide) detected at line 1234
\OT1/cmr/m/n/10 37.2.35. 
 []


Overfull \hbox (4.50002pt too wide) detected at line 1234
 \OT1/cmr/m/n/10 1629
 []


Overfull \hbox (1.33342pt too wide) detected at line 1235
\OT1/cmr/m/n/10 37.2.36. 
 []


Overfull \hbox (4.50002pt too wide) detected at line 1235
 \OT1/cmr/m/n/10 1629
 []


Overfull \hbox (1.33342pt too wide) detected at line 1236
\OT1/cmr/m/n/10 37.2.37. 
 []


Overfull \hbox (4.50002pt too wide) detected at line 1236
 \OT1/cmr/m/n/10 1630
 []


Overfull \hbox (1.33342pt too wide) detected at line 1237
\OT1/cmr/m/n/10 37.2.38. 
 []


Overfull \hbox (4.50002pt too wide) detected at line 1237
 \OT1/cmr/m/n/10 1631
 []


Overfull \hbox (1.33342pt too wide) detected at line 1238
\OT1/cmr/m/n/10 37.2.39. 
 []


Overfull \hbox (4.50002pt too wide) detected at line 1238
 \OT1/cmr/m/n/10 1632
 []


Overfull \hbox (1.33342pt too wide) detected at line 1239
\OT1/cmr/m/n/10 37.2.40. 
 []


Overfull \hbox (4.50002pt too wide) detected at line 1239
 \OT1/cmr/m/n/10 1632
 []


Overfull \hbox (1.33342pt too wide) detected at line 1240
\OT1/cmr/m/n/10 37.2.41. 
 []


Overfull \hbox (4.50002pt too wide) detected at line 1240
 \OT1/cmr/m/n/10 1634
 []


Overfull \hbox (1.33342pt too wide) detected at line 1241
\OT1/cmr/m/n/10 37.2.42. 
 []


Overfull \hbox (4.50002pt too wide) detected at line 1241
 \OT1/cmr/m/n/10 1639
 []


Overfull \hbox (1.33342pt too wide) detected at line 1242
\OT1/cmr/m/n/10 37.2.43. 
 []


Overfull \hbox (4.50002pt too wide) detected at line 1242
 \OT1/cmr/m/n/10 1647
 []


Overfull \hbox (1.33342pt too wide) detected at line 1243
\OT1/cmr/m/n/10 37.2.44. 
 []


Overfull \hbox (4.50002pt too wide) detected at line 1243
 \OT1/cmr/m/n/10 1648
 []


Overfull \hbox (1.33342pt too wide) detected at line 1244
\OT1/cmr/m/n/10 37.2.45. 
 []


Overfull \hbox (4.50002pt too wide) detected at line 1244
 \OT1/cmr/m/n/10 1650
 []


Overfull \hbox (1.33342pt too wide) detected at line 1245
\OT1/cmr/m/n/10 37.2.46. 
 []


Overfull \hbox (4.50002pt too wide) detected at line 1245
 \OT1/cmr/m/n/10 1652
 []


Overfull \hbox (1.33342pt too wide) detected at line 1246
\OT1/cmr/m/n/10 37.2.47. 
 []


Overfull \hbox (4.50002pt too wide) detected at line 1246
 \OT1/cmr/m/n/10 1653
 []


Overfull \hbox (1.33342pt too wide) detected at line 1247
\OT1/cmr/m/n/10 37.2.48. 
 []


Overfull \hbox (4.50002pt too wide) detected at line 1247
 \OT1/cmr/m/n/10 1656
 []


Overfull \hbox (1.33342pt too wide) detected at line 1248
\OT1/cmr/m/n/10 37.2.49. 
 []


Overfull \hbox (4.50002pt too wide) detected at line 1248
 \OT1/cmr/m/n/10 1657
 []


Overfull \hbox (4.50002pt too wide) detected at line 1249
 \OT1/cmr/m/n/10 1713
 []


Overfull \hbox (4.50002pt too wide) detected at line 1250
 \OT1/cmr/m/n/10 1713
 []


Overfull \hbox (4.50002pt too wide) detected at line 1251
 \OT1/cmr/m/n/10 1715
 []


Overfull \hbox (4.50002pt too wide) detected at line 1252
 \OT1/cmr/m/n/10 1718
 []


Overfull \hbox (4.50002pt too wide) detected at line 1253
 \OT1/cmr/m/n/10 1725
 []


Overfull \hbox (4.50002pt too wide) detected at line 1254
 \OT1/cmr/m/n/10 1726
 []


Overfull \hbox (4.50002pt too wide) detected at line 1255
 \OT1/cmr/m/n/10 1729
 []


Overfull \hbox (4.50002pt too wide) detected at line 1256
 \OT1/cmr/m/n/10 1761
 []


Overfull \hbox (4.50002pt too wide) detected at line 1257
 \OT1/cmr/m/n/10 1770
 []


Overfull \hbox (2.55557pt too wide) detected at line 1258
\OT1/cmr/m/n/10 37.10. 
 []


Overfull \hbox (4.50002pt too wide) detected at line 1258
 \OT1/cmr/m/n/10 1773
 []


Overfull \hbox (4.50002pt too wide) detected at line 1261
 \OT1/cmr/m/n/10 1779
 []


Overfull \hbox (4.50002pt too wide) detected at line 1262
 \OT1/cmr/m/n/10 1779
 []


Overfull \hbox (4.50002pt too wide) detected at line 1263
 \OT1/cmr/m/n/10 1781
 []


Overfull \hbox (4.50002pt too wide) detected at line 1265
 \OT1/cmr/m/n/10 1784
 []


Overfull \hbox (4.50002pt too wide) detected at line 1266
 \OT1/cmr/m/n/10 1786
 []

)
\tf@toc=\write4
\openout4 = `NewLogRegressionSurvivalAnalysisNotes.toc'.

LaTeX Info: Redefining \. on input line 109.
LaTeX Info: Redefining \% on input line 109.


Package fancyhdr Warning: \headheight is too small (12.0pt): 
(fancyhdr)                Make it at least 13.07225pt, for example:
(fancyhdr)                \setlength{\headheight}{13.07225pt}.
(fancyhdr)                You might also make \topmargin smaller to compensate:

(fancyhdr)                \addtolength{\topmargin}{-1.07225pt}.

LaTeX Info: Redefining \. on input line 109.
LaTeX Info: Redefining \% on input line 109.
[22] [23

]
Cap\'{\i }tulo 1.
(./Introduccion.tex [24

]
LaTeX Info: Redefining \. on input line 25.
LaTeX Info: Redefining \% on input line 25.


Package fancyhdr Warning: \headheight is too small (12.0pt): 
(fancyhdr)                Make it at least 13.07225pt, for example:
(fancyhdr)                \setlength{\headheight}{13.07225pt}.
(fancyhdr)                You might also make \topmargin smaller to compensate:

(fancyhdr)                \addtolength{\topmargin}{-1.07225pt}.

LaTeX Info: Redefining \. on input line 25.
LaTeX Info: Redefining \% on input line 25.
[25]
LaTeX Info: Redefining \. on input line 59.
LaTeX Info: Redefining \% on input line 59.


Package fancyhdr Warning: \headheight is too small (12.0pt): 
(fancyhdr)                Make it at least 13.07225pt, for example:
(fancyhdr)                \setlength{\headheight}{13.07225pt}.
(fancyhdr)                You might also make \topmargin smaller to compensate:

(fancyhdr)                \addtolength{\topmargin}{-1.07225pt}.

LaTeX Info: Redefining \. on input line 59.
LaTeX Info: Redefining \% on input line 59.
[26]
LaTeX Info: Redefining \. on input line 91.
LaTeX Info: Redefining \% on input line 91.


Package fancyhdr Warning: \headheight is too small (12.0pt): 
(fancyhdr)                Make it at least 13.07225pt, for example:
(fancyhdr)                \setlength{\headheight}{13.07225pt}.
(fancyhdr)                You might also make \topmargin smaller to compensate:

(fancyhdr)                \addtolength{\topmargin}{-1.07225pt}.

LaTeX Info: Redefining \. on input line 91.
LaTeX Info: Redefining \% on input line 91.
[27]
LaTeX Info: Redefining \. on input line 144.
LaTeX Info: Redefining \% on input line 144.


Package fancyhdr Warning: \headheight is too small (12.0pt): 
(fancyhdr)                Make it at least 13.07225pt, for example:
(fancyhdr)                \setlength{\headheight}{13.07225pt}.
(fancyhdr)                You might also make \topmargin smaller to compensate:

(fancyhdr)                \addtolength{\topmargin}{-1.07225pt}.

LaTeX Info: Redefining \. on input line 144.
LaTeX Info: Redefining \% on input line 144.
[28{/usr/local/texlive/2024/texmf-dist/fonts/enc/dvips/cm-super/cm-super-ts1.en
c}]
LaTeX Info: Redefining \. on input line 166.
LaTeX Info: Redefining \% on input line 166.


Package fancyhdr Warning: \headheight is too small (12.0pt): 
(fancyhdr)                Make it at least 13.07225pt, for example:
(fancyhdr)                \setlength{\headheight}{13.07225pt}.
(fancyhdr)                You might also make \topmargin smaller to compensate:

(fancyhdr)                \addtolength{\topmargin}{-1.07225pt}.

LaTeX Info: Redefining \. on input line 166.
LaTeX Info: Redefining \% on input line 166.
[29]
LaTeX Info: Redefining \. on input line 199.
LaTeX Info: Redefining \% on input line 199.


Package fancyhdr Warning: \headheight is too small (12.0pt): 
(fancyhdr)                Make it at least 13.07225pt, for example:
(fancyhdr)                \setlength{\headheight}{13.07225pt}.
(fancyhdr)                You might also make \topmargin smaller to compensate:

(fancyhdr)                \addtolength{\topmargin}{-1.07225pt}.

LaTeX Info: Redefining \. on input line 199.
LaTeX Info: Redefining \% on input line 199.
[30])
LaTeX Info: Redefining \. on input line 118.
LaTeX Info: Redefining \% on input line 118.


Package fancyhdr Warning: \headheight is too small (12.0pt): 
(fancyhdr)                Make it at least 13.07225pt, for example:
(fancyhdr)                \setlength{\headheight}{13.07225pt}.
(fancyhdr)                You might also make \topmargin smaller to compensate:

(fancyhdr)                \addtolength{\topmargin}{-1.07225pt}.

LaTeX Info: Redefining \. on input line 118.
LaTeX Info: Redefining \% on input line 118.
[31]
Cap\'{\i }tulo 2.
(./Elementos.tex [32

]
LaTeX Info: Redefining \. on input line 113.
LaTeX Info: Redefining \% on input line 113.


Package fancyhdr Warning: \headheight is too small (12.0pt): 
(fancyhdr)                Make it at least 13.07225pt, for example:
(fancyhdr)                \setlength{\headheight}{13.07225pt}.
(fancyhdr)                You might also make \topmargin smaller to compensate:

(fancyhdr)                \addtolength{\topmargin}{-1.07225pt}.

LaTeX Info: Redefining \. on input line 113.
LaTeX Info: Redefining \% on input line 113.
[33]
LaTeX Info: Redefining \. on input line 166.
LaTeX Info: Redefining \% on input line 166.


Package fancyhdr Warning: \headheight is too small (12.0pt): 
(fancyhdr)                Make it at least 13.07225pt, for example:
(fancyhdr)                \setlength{\headheight}{13.07225pt}.
(fancyhdr)                You might also make \topmargin smaller to compensate:

(fancyhdr)                \addtolength{\topmargin}{-1.07225pt}.

LaTeX Info: Redefining \. on input line 166.
LaTeX Info: Redefining \% on input line 166.
[34]
Overfull \hbox (25.72557pt too wide) in paragraph at lines 210--217
[]\OT1/cmr/m/n/10 Regi^^Son de re-cha-zo: re-cha-zar $\OML/cmm/m/it/10 H[]$ \OT
1/cmr/m/n/10 cuan-do [] 
 []

LaTeX Info: Redefining \. on input line 217.
LaTeX Info: Redefining \% on input line 217.

Package fancyhdr Warning: \headheight is too small (12.0pt): 
(fancyhdr)                Make it at least 13.07225pt, for example:
(fancyhdr)                \setlength{\headheight}{13.07225pt}.
(fancyhdr)                You might also make \topmargin smaller to compensate:

(fancyhdr)                \addtolength{\topmargin}{-1.07225pt}.

LaTeX Info: Redefining \. on input line 217.
LaTeX Info: Redefining \% on input line 217.
[35]
LaTeX Info: Redefining \. on input line 274.
LaTeX Info: Redefining \% on input line 274.


Package fancyhdr Warning: \headheight is too small (12.0pt): 
(fancyhdr)                Make it at least 13.07225pt, for example:
(fancyhdr)                \setlength{\headheight}{13.07225pt}.
(fancyhdr)                You might also make \topmargin smaller to compensate:

(fancyhdr)                \addtolength{\topmargin}{-1.07225pt}.

LaTeX Info: Redefining \. on input line 274.
LaTeX Info: Redefining \% on input line 274.
[36]
Overfull \hbox (8.48575pt too wide) in paragraph at lines 302--309
[]\OT1/cmr/m/n/10 Regi^^Son de re-cha-zo: re-cha-zar $\OML/cmm/m/it/10 H[]$ \OT
1/cmr/m/n/10 cuan-do [] 
 []


Overfull \hbox (16.43488pt too wide) in paragraph at lines 332--339
[]\OT1/cmr/m/n/10 Regi^^Son de re-cha-zo: re-cha-zar $\OML/cmm/m/it/10 H[]$ \OT
1/cmr/m/n/10 cuan-do [] 
 []

LaTeX Info: Redefining \. on input line 343.
LaTeX Info: Redefining \% on input line 343.

Package fancyhdr Warning: \headheight is too small (12.0pt): 
(fancyhdr)                Make it at least 13.07225pt, for example:
(fancyhdr)                \setlength{\headheight}{13.07225pt}.
(fancyhdr)                You might also make \topmargin smaller to compensate:

(fancyhdr)                \addtolength{\topmargin}{-1.07225pt}.

LaTeX Info: Redefining \. on input line 343.
LaTeX Info: Redefining \% on input line 343.
[37]
Overfull \hbox (47.72557pt too wide) in paragraph at lines 364--372
[]\OT1/cmr/m/n/10 Regi^^Son de re-cha-zo: re-cha-zar $\OML/cmm/m/it/10 H[]$ \OT
1/cmr/m/n/10 cuan-do []
 []


Overfull \hbox (16.43488pt too wide) in paragraph at lines 390--397
[]\OT1/cmr/m/n/10 Regi^^Son de re-cha-zo: re-cha-zar $\OML/cmm/m/it/10 H[]$ \OT
1/cmr/m/n/10 cuan-do [] 
 []

LaTeX Info: Redefining \. on input line 414.
LaTeX Info: Redefining \% on input line 414.

Package fancyhdr Warning: \headheight is too small (12.0pt): 
(fancyhdr)                Make it at least 13.07225pt, for example:
(fancyhdr)                \setlength{\headheight}{13.07225pt}.
(fancyhdr)                You might also make \topmargin smaller to compensate:

(fancyhdr)                \addtolength{\topmargin}{-1.07225pt}.

LaTeX Info: Redefining \. on input line 414.
LaTeX Info: Redefining \% on input line 414.
[38]
Overfull \hbox (47.52197pt too wide) in paragraph at lines 415--422
[]\OT1/cmr/m/n/10 Regi^^Son de re-cha-zo: re-cha-zar $\OML/cmm/m/it/10 H[]$ \OT
1/cmr/m/n/10 cuan-do [] 
 []

)
LaTeX Info: Redefining \. on input line 121.
LaTeX Info: Redefining \% on input line 121.


Package fancyhdr Warning: \headheight is too small (12.0pt): 
(fancyhdr)                Make it at least 13.07225pt, for example:
(fancyhdr)                \setlength{\headheight}{13.07225pt}.
(fancyhdr)                You might also make \topmargin smaller to compensate:

(fancyhdr)                \addtolength{\topmargin}{-1.07225pt}.

LaTeX Info: Redefining \. on input line 121.
LaTeX Info: Redefining \% on input line 121.
[39]
Cap\'{\i }tulo 3.
(./Biostatistics.tex

Package hyperref Warning: Difference (2) between bookmark levels is greater 
(hyperref)                than one, level fixed on input line 3.

[40

]
LaTeX Info: Redefining \. on input line 133.
LaTeX Info: Redefining \% on input line 133.


Package fancyhdr Warning: \headheight is too small (12.0pt): 
(fancyhdr)                Make it at least 13.07225pt, for example:
(fancyhdr)                \setlength{\headheight}{13.07225pt}.
(fancyhdr)                You might also make \topmargin smaller to compensate:

(fancyhdr)                \addtolength{\topmargin}{-1.07225pt}.

LaTeX Info: Redefining \. on input line 133.
LaTeX Info: Redefining \% on input line 133.
[41]
LaTeX Info: Redefining \. on input line 185.
LaTeX Info: Redefining \% on input line 185.


Package fancyhdr Warning: \headheight is too small (12.0pt): 
(fancyhdr)                Make it at least 13.07225pt, for example:
(fancyhdr)                \setlength{\headheight}{13.07225pt}.
(fancyhdr)                You might also make \topmargin smaller to compensate:

(fancyhdr)                \addtolength{\topmargin}{-1.07225pt}.

LaTeX Info: Redefining \. on input line 185.
LaTeX Info: Redefining \% on input line 185.
[42]
LaTeX Info: Redefining \. on input line 240.
LaTeX Info: Redefining \% on input line 240.


Package fancyhdr Warning: \headheight is too small (12.0pt): 
(fancyhdr)                Make it at least 13.07225pt, for example:
(fancyhdr)                \setlength{\headheight}{13.07225pt}.
(fancyhdr)                You might also make \topmargin smaller to compensate:

(fancyhdr)                \addtolength{\topmargin}{-1.07225pt}.

LaTeX Info: Redefining \. on input line 240.
LaTeX Info: Redefining \% on input line 240.
[43]
LaTeX Info: Redefining \. on input line 304.
LaTeX Info: Redefining \% on input line 304.


Package fancyhdr Warning: \headheight is too small (12.0pt): 
(fancyhdr)                Make it at least 13.07225pt, for example:
(fancyhdr)                \setlength{\headheight}{13.07225pt}.
(fancyhdr)                You might also make \topmargin smaller to compensate:

(fancyhdr)                \addtolength{\topmargin}{-1.07225pt}.

LaTeX Info: Redefining \. on input line 304.
LaTeX Info: Redefining \% on input line 304.
[44]
LaTeX Info: Redefining \. on input line 364.
LaTeX Info: Redefining \% on input line 364.


Package fancyhdr Warning: \headheight is too small (12.0pt): 
(fancyhdr)                Make it at least 13.07225pt, for example:
(fancyhdr)                \setlength{\headheight}{13.07225pt}.
(fancyhdr)                You might also make \topmargin smaller to compensate:

(fancyhdr)                \addtolength{\topmargin}{-1.07225pt}.

LaTeX Info: Redefining \. on input line 364.
LaTeX Info: Redefining \% on input line 364.
[45]
LaTeX Info: Redefining \. on input line 417.
LaTeX Info: Redefining \% on input line 417.


Package fancyhdr Warning: \headheight is too small (12.0pt): 
(fancyhdr)                Make it at least 13.07225pt, for example:
(fancyhdr)                \setlength{\headheight}{13.07225pt}.
(fancyhdr)                You might also make \topmargin smaller to compensate:

(fancyhdr)                \addtolength{\topmargin}{-1.07225pt}.

LaTeX Info: Redefining \. on input line 417.
LaTeX Info: Redefining \% on input line 417.
[46]
LaTeX Info: Redefining \. on input line 500.
LaTeX Info: Redefining \% on input line 500.


Package fancyhdr Warning: \headheight is too small (12.0pt): 
(fancyhdr)                Make it at least 13.07225pt, for example:
(fancyhdr)                \setlength{\headheight}{13.07225pt}.
(fancyhdr)                You might also make \topmargin smaller to compensate:

(fancyhdr)                \addtolength{\topmargin}{-1.07225pt}.

LaTeX Info: Redefining \. on input line 500.
LaTeX Info: Redefining \% on input line 500.
[47]
LaTeX Info: Redefining \. on input line 556.
LaTeX Info: Redefining \% on input line 556.


Package fancyhdr Warning: \headheight is too small (12.0pt): 
(fancyhdr)                Make it at least 13.07225pt, for example:
(fancyhdr)                \setlength{\headheight}{13.07225pt}.
(fancyhdr)                You might also make \topmargin smaller to compensate:

(fancyhdr)                \addtolength{\topmargin}{-1.07225pt}.

LaTeX Info: Redefining \. on input line 556.
LaTeX Info: Redefining \% on input line 556.
[48]
LaTeX Info: Redefining \. on input line 609.
LaTeX Info: Redefining \% on input line 609.


Package fancyhdr Warning: \headheight is too small (12.0pt): 
(fancyhdr)                Make it at least 13.07225pt, for example:
(fancyhdr)                \setlength{\headheight}{13.07225pt}.
(fancyhdr)                You might also make \topmargin smaller to compensate:

(fancyhdr)                \addtolength{\topmargin}{-1.07225pt}.

LaTeX Info: Redefining \. on input line 609.
LaTeX Info: Redefining \% on input line 609.
[49]
LaTeX Info: Redefining \. on input line 675.
LaTeX Info: Redefining \% on input line 675.


Package fancyhdr Warning: \headheight is too small (12.0pt): 
(fancyhdr)                Make it at least 13.07225pt, for example:
(fancyhdr)                \setlength{\headheight}{13.07225pt}.
(fancyhdr)                You might also make \topmargin smaller to compensate:

(fancyhdr)                \addtolength{\topmargin}{-1.07225pt}.

LaTeX Info: Redefining \. on input line 675.
LaTeX Info: Redefining \% on input line 675.
[50]
LaTeX Info: Redefining \. on input line 739.
LaTeX Info: Redefining \% on input line 739.


Package fancyhdr Warning: \headheight is too small (12.0pt): 
(fancyhdr)                Make it at least 13.07225pt, for example:
(fancyhdr)                \setlength{\headheight}{13.07225pt}.
(fancyhdr)                You might also make \topmargin smaller to compensate:

(fancyhdr)                \addtolength{\topmargin}{-1.07225pt}.

LaTeX Info: Redefining \. on input line 739.
LaTeX Info: Redefining \% on input line 739.
[51]
LaTeX Info: Redefining \. on input line 843.
LaTeX Info: Redefining \% on input line 843.


Package fancyhdr Warning: \headheight is too small (12.0pt): 
(fancyhdr)                Make it at least 13.07225pt, for example:
(fancyhdr)                \setlength{\headheight}{13.07225pt}.
(fancyhdr)                You might also make \topmargin smaller to compensate:

(fancyhdr)                \addtolength{\topmargin}{-1.07225pt}.

LaTeX Info: Redefining \. on input line 843.
LaTeX Info: Redefining \% on input line 843.
[52]
LaTeX Info: Redefining \. on input line 955.
LaTeX Info: Redefining \% on input line 955.


Package fancyhdr Warning: \headheight is too small (12.0pt): 
(fancyhdr)                Make it at least 13.07225pt, for example:
(fancyhdr)                \setlength{\headheight}{13.07225pt}.
(fancyhdr)                You might also make \topmargin smaller to compensate:

(fancyhdr)                \addtolength{\topmargin}{-1.07225pt}.

LaTeX Info: Redefining \. on input line 955.
LaTeX Info: Redefining \% on input line 955.
[53]
LaTeX Info: Redefining \. on input line 1045.
LaTeX Info: Redefining \% on input line 1045.


Package fancyhdr Warning: \headheight is too small (12.0pt): 
(fancyhdr)                Make it at least 13.07225pt, for example:
(fancyhdr)                \setlength{\headheight}{13.07225pt}.
(fancyhdr)                You might also make \topmargin smaller to compensate:

(fancyhdr)                \addtolength{\topmargin}{-1.07225pt}.

LaTeX Info: Redefining \. on input line 1045.
LaTeX Info: Redefining \% on input line 1045.
[54]
LaTeX Info: Redefining \. on input line 1130.
LaTeX Info: Redefining \% on input line 1130.


Package fancyhdr Warning: \headheight is too small (12.0pt): 
(fancyhdr)                Make it at least 13.07225pt, for example:
(fancyhdr)                \setlength{\headheight}{13.07225pt}.
(fancyhdr)                You might also make \topmargin smaller to compensate:

(fancyhdr)                \addtolength{\topmargin}{-1.07225pt}.

LaTeX Info: Redefining \. on input line 1130.
LaTeX Info: Redefining \% on input line 1130.
[55]

Package hyperref Warning: Token not allowed in a PDF string (Unicode):
(hyperref)                removing `math shift' on input line 1201.


Package hyperref Warning: Token not allowed in a PDF string (Unicode):
(hyperref)                removing `math shift' on input line 1201.

LaTeX Info: Redefining \. on input line 1206.
LaTeX Info: Redefining \% on input line 1206.

Package fancyhdr Warning: \headheight is too small (12.0pt): 
(fancyhdr)                Make it at least 13.07225pt, for example:
(fancyhdr)                \setlength{\headheight}{13.07225pt}.
(fancyhdr)                You might also make \topmargin smaller to compensate:

(fancyhdr)                \addtolength{\topmargin}{-1.07225pt}.

LaTeX Info: Redefining \. on input line 1206.
LaTeX Info: Redefining \% on input line 1206.
[56]
LaTeX Info: Redefining \. on input line 1290.
LaTeX Info: Redefining \% on input line 1290.


Package fancyhdr Warning: \headheight is too small (12.0pt): 
(fancyhdr)                Make it at least 13.07225pt, for example:
(fancyhdr)                \setlength{\headheight}{13.07225pt}.
(fancyhdr)                You might also make \topmargin smaller to compensate:

(fancyhdr)                \addtolength{\topmargin}{-1.07225pt}.

LaTeX Info: Redefining \. on input line 1290.
LaTeX Info: Redefining \% on input line 1290.
[57]
LaTeX Info: Redefining \. on input line 1370.
LaTeX Info: Redefining \% on input line 1370.


Package fancyhdr Warning: \headheight is too small (12.0pt): 
(fancyhdr)                Make it at least 13.07225pt, for example:
(fancyhdr)                \setlength{\headheight}{13.07225pt}.
(fancyhdr)                You might also make \topmargin smaller to compensate:

(fancyhdr)                \addtolength{\topmargin}{-1.07225pt}.

LaTeX Info: Redefining \. on input line 1370.
LaTeX Info: Redefining \% on input line 1370.
[58]
LaTeX Info: Redefining \. on input line 1438.
LaTeX Info: Redefining \% on input line 1438.


Package fancyhdr Warning: \headheight is too small (12.0pt): 
(fancyhdr)                Make it at least 13.07225pt, for example:
(fancyhdr)                \setlength{\headheight}{13.07225pt}.
(fancyhdr)                You might also make \topmargin smaller to compensate:

(fancyhdr)                \addtolength{\topmargin}{-1.07225pt}.

LaTeX Info: Redefining \. on input line 1438.
LaTeX Info: Redefining \% on input line 1438.
[59]
Overfull \hbox (47.72557pt too wide) in paragraph at lines 1456--1463
[]\OT1/cmr/m/n/10 Regi^^Son de re-cha-zo: re-cha-zar $\OML/cmm/m/it/10 H[]$ \OT
1/cmr/m/n/10 cuan-do [] 
 []

LaTeX Info: Redefining \. on input line 1518.
LaTeX Info: Redefining \% on input line 1518.

Package fancyhdr Warning: \headheight is too small (12.0pt): 
(fancyhdr)                Make it at least 13.07225pt, for example:
(fancyhdr)                \setlength{\headheight}{13.07225pt}.
(fancyhdr)                You might also make \topmargin smaller to compensate:

(fancyhdr)                \addtolength{\topmargin}{-1.07225pt}.

LaTeX Info: Redefining \. on input line 1518.
LaTeX Info: Redefining \% on input line 1518.
[60]
Overfull \hbox (8.48575pt too wide) in paragraph at lines 1535--1542
[]\OT1/cmr/m/n/10 Regi^^Son de re-cha-zo: re-cha-zar $\OML/cmm/m/it/10 H[]$ \OT
1/cmr/m/n/10 cuan-do [] 
 []

LaTeX Info: Redefining \. on input line 1601.
LaTeX Info: Redefining \% on input line 1601.

Package fancyhdr Warning: \headheight is too small (12.0pt): 
(fancyhdr)                Make it at least 13.07225pt, for example:
(fancyhdr)                \setlength{\headheight}{13.07225pt}.
(fancyhdr)                You might also make \topmargin smaller to compensate:

(fancyhdr)                \addtolength{\topmargin}{-1.07225pt}.

LaTeX Info: Redefining \. on input line 1601.
LaTeX Info: Redefining \% on input line 1601.
[61]
Overfull \hbox (8.48575pt too wide) in paragraph at lines 1610--1617
[]\OT1/cmr/m/n/10 Regi^^Son de re-cha-zo: re-cha-zar $\OML/cmm/m/it/10 H[]$ \OT
1/cmr/m/n/10 cuan-do [] 
 []


Overfull \hbox (16.43488pt too wide) in paragraph at lines 1653--1660
[]\OT1/cmr/m/n/10 Regi^^Son de re-cha-zo: re-cha-zar $\OML/cmm/m/it/10 H[]$ \OT
1/cmr/m/n/10 cuan-do [] 
 []

LaTeX Info: Redefining \. on input line 1684.
LaTeX Info: Redefining \% on input line 1684.

Package fancyhdr Warning: \headheight is too small (12.0pt): 
(fancyhdr)                Make it at least 13.07225pt, for example:
(fancyhdr)                \setlength{\headheight}{13.07225pt}.
(fancyhdr)                You might also make \topmargin smaller to compensate:

(fancyhdr)                \addtolength{\topmargin}{-1.07225pt}.

LaTeX Info: Redefining \. on input line 1684.
LaTeX Info: Redefining \% on input line 1684.
[62]
Overfull \hbox (47.72557pt too wide) in paragraph at lines 1720--1728
[]\OT1/cmr/m/n/10 Regi^^Son de re-cha-zo: re-cha-zar $\OML/cmm/m/it/10 H[]$ \OT
1/cmr/m/n/10 cuan-do []
 []


Overfull \hbox (16.43488pt too wide) in paragraph at lines 1758--1765
[]\OT1/cmr/m/n/10 Regi^^Son de re-cha-zo: re-cha-zar $\OML/cmm/m/it/10 H[]$ \OT
1/cmr/m/n/10 cuan-do [] 
 []

LaTeX Info: Redefining \. on input line 1775.
LaTeX Info: Redefining \% on input line 1775.

Package fancyhdr Warning: \headheight is too small (12.0pt): 
(fancyhdr)                Make it at least 13.07225pt, for example:
(fancyhdr)                \setlength{\headheight}{13.07225pt}.
(fancyhdr)                You might also make \topmargin smaller to compensate:

(fancyhdr)                \addtolength{\topmargin}{-1.07225pt}.

LaTeX Info: Redefining \. on input line 1775.
LaTeX Info: Redefining \% on input line 1775.
[63]
Overfull \hbox (47.52197pt too wide) in paragraph at lines 1791--1798
[]\OT1/cmr/m/n/10 Regi^^Son de re-cha-zo: re-cha-zar $\OML/cmm/m/it/10 H[]$ \OT
1/cmr/m/n/10 cuan-do [] 
 []

LaTeX Info: Redefining \. on input line 1872.
LaTeX Info: Redefining \% on input line 1872.

Package fancyhdr Warning: \headheight is too small (12.0pt): 
(fancyhdr)                Make it at least 13.07225pt, for example:
(fancyhdr)                \setlength{\headheight}{13.07225pt}.
(fancyhdr)                You might also make \topmargin smaller to compensate:

(fancyhdr)                \addtolength{\topmargin}{-1.07225pt}.

LaTeX Info: Redefining \. on input line 1872.
LaTeX Info: Redefining \% on input line 1872.
[64]
LaTeX Info: Redefining \. on input line 1927.
LaTeX Info: Redefining \% on input line 1927.


Package fancyhdr Warning: \headheight is too small (12.0pt): 
(fancyhdr)                Make it at least 13.07225pt, for example:
(fancyhdr)                \setlength{\headheight}{13.07225pt}.
(fancyhdr)                You might also make \topmargin smaller to compensate:

(fancyhdr)                \addtolength{\topmargin}{-1.07225pt}.

LaTeX Info: Redefining \. on input line 1927.
LaTeX Info: Redefining \% on input line 1927.
[65]

Package hyperref Warning: Token not allowed in a PDF string (Unicode):
(hyperref)                removing `math shift' on input line 1940.


Package hyperref Warning: Token not allowed in a PDF string (Unicode):
(hyperref)                removing `subscript' on input line 1940.


Package hyperref Warning: Token not allowed in a PDF string (Unicode):
(hyperref)                removing `math shift' on input line 1940.


Package hyperref Warning: Token not allowed in a PDF string (Unicode):
(hyperref)                removing `math shift' on input line 1940.


Package hyperref Warning: Token not allowed in a PDF string (Unicode):
(hyperref)                removing `subscript' on input line 1940.


Package hyperref Warning: Token not allowed in a PDF string (Unicode):
(hyperref)                removing `math shift' on input line 1940.

LaTeX Info: Redefining \. on input line 1985.
LaTeX Info: Redefining \% on input line 1985.

Package fancyhdr Warning: \headheight is too small (12.0pt): 
(fancyhdr)                Make it at least 13.07225pt, for example:
(fancyhdr)                \setlength{\headheight}{13.07225pt}.
(fancyhdr)                You might also make \topmargin smaller to compensate:

(fancyhdr)                \addtolength{\topmargin}{-1.07225pt}.

LaTeX Info: Redefining \. on input line 1985.
LaTeX Info: Redefining \% on input line 1985.
[66]
Overfull \hbox (3.1485pt too wide) in paragraph at lines 2036--2040
\OT1/cmr/m/n/10 donde da-do que las $\OML/cmm/m/it/10 ^^O[] \OMS/cmsy/m/n/10 ^^
X \OML/cmm/m/it/10 N []$\OT1/cmr/m/n/10 , se tie-ne que $\OML/cmm/m/it/10 y[]$ 
\OT1/cmr/m/n/10 son va-ria-bles alea-to-rias nor-ma-les $\OML/cmm/m/it/10 N []$
\OT1/cmr/m/n/10 .
 []

LaTeX Info: Redefining \. on input line 2058.
LaTeX Info: Redefining \% on input line 2058.

Package fancyhdr Warning: \headheight is too small (12.0pt): 
(fancyhdr)                Make it at least 13.07225pt, for example:
(fancyhdr)                \setlength{\headheight}{13.07225pt}.
(fancyhdr)                You might also make \topmargin smaller to compensate:

(fancyhdr)                \addtolength{\topmargin}{-1.07225pt}.

LaTeX Info: Redefining \. on input line 2058.
LaTeX Info: Redefining \% on input line 2058.
[67]
LaTeX Info: Redefining \. on input line 2120.
LaTeX Info: Redefining \% on input line 2120.


Package fancyhdr Warning: \headheight is too small (12.0pt): 
(fancyhdr)                Make it at least 13.07225pt, for example:
(fancyhdr)                \setlength{\headheight}{13.07225pt}.
(fancyhdr)                You might also make \topmargin smaller to compensate:

(fancyhdr)                \addtolength{\topmargin}{-1.07225pt}.

LaTeX Info: Redefining \. on input line 2120.
LaTeX Info: Redefining \% on input line 2120.
[68]
LaTeX Info: Redefining \. on input line 2194.
LaTeX Info: Redefining \% on input line 2194.


Package fancyhdr Warning: \headheight is too small (12.0pt): 
(fancyhdr)                Make it at least 13.07225pt, for example:
(fancyhdr)                \setlength{\headheight}{13.07225pt}.
(fancyhdr)                You might also make \topmargin smaller to compensate:

(fancyhdr)                \addtolength{\topmargin}{-1.07225pt}.

LaTeX Info: Redefining \. on input line 2194.
LaTeX Info: Redefining \% on input line 2194.
[69]
Underfull \hbox (badness 10000) in paragraph at lines 2216--2217

 []

LaTeX Info: Redefining \. on input line 2273.
LaTeX Info: Redefining \% on input line 2273.

Package fancyhdr Warning: \headheight is too small (12.0pt): 
(fancyhdr)                Make it at least 13.07225pt, for example:
(fancyhdr)                \setlength{\headheight}{13.07225pt}.
(fancyhdr)                You might also make \topmargin smaller to compensate:

(fancyhdr)                \addtolength{\topmargin}{-1.07225pt}.

LaTeX Info: Redefining \. on input line 2273.
LaTeX Info: Redefining \% on input line 2273.
[70]
LaTeX Info: Redefining \. on input line 2347.
LaTeX Info: Redefining \% on input line 2347.


Package fancyhdr Warning: \headheight is too small (12.0pt): 
(fancyhdr)                Make it at least 13.07225pt, for example:
(fancyhdr)                \setlength{\headheight}{13.07225pt}.
(fancyhdr)                You might also make \topmargin smaller to compensate:

(fancyhdr)                \addtolength{\topmargin}{-1.07225pt}.

LaTeX Info: Redefining \. on input line 2347.
LaTeX Info: Redefining \% on input line 2347.
[71]
Overfull \hbox (20.12112pt too wide) in paragraph at lines 2347--2348
[]\OT1/cmr/m/it/9 Supongamos que se tie-ne una ^^Suni-ca va-ria-ble de-pen-dien
-te, $\OML/cmm/m/it/9 y$\OT1/cmr/m/it/9 , y va-rias va-ria-bles in-de-pen-dien-
tes, $\OML/cmm/m/it/9 x[]; x[]; [] ; x[]$\OT1/cmr/m/it/9 . 
 []

LaTeX Info: Redefining \. on input line 2417.
LaTeX Info: Redefining \% on input line 2417.

Package fancyhdr Warning: \headheight is too small (12.0pt): 
(fancyhdr)                Make it at least 13.07225pt, for example:
(fancyhdr)                \setlength{\headheight}{13.07225pt}.
(fancyhdr)                You might also make \topmargin smaller to compensate:

(fancyhdr)                \addtolength{\topmargin}{-1.07225pt}.

LaTeX Info: Redefining \. on input line 2417.
LaTeX Info: Redefining \% on input line 2417.
[72]

Package hyperref Warning: Token not allowed in a PDF string (Unicode):
(hyperref)                removing `math shift' on input line 2442.


Package hyperref Warning: Token not allowed in a PDF string (Unicode):
(hyperref)                removing `subscript' on input line 2442.


Package hyperref Warning: Token not allowed in a PDF string (Unicode):
(hyperref)                removing `math shift' on input line 2442.


Package hyperref Warning: Token not allowed in a PDF string (Unicode):
(hyperref)                removing `math shift' on input line 2442.


Package hyperref Warning: Token not allowed in a PDF string (Unicode):
(hyperref)                removing `subscript' on input line 2442.


Package hyperref Warning: Token not allowed in a PDF string (Unicode):
(hyperref)                removing `math shift' on input line 2442.

LaTeX Info: Redefining \. on input line 2479.
LaTeX Info: Redefining \% on input line 2479.

Package fancyhdr Warning: \headheight is too small (12.0pt): 
(fancyhdr)                Make it at least 13.07225pt, for example:
(fancyhdr)                \setlength{\headheight}{13.07225pt}.
(fancyhdr)                You might also make \topmargin smaller to compensate:

(fancyhdr)                \addtolength{\topmargin}{-1.07225pt}.

LaTeX Info: Redefining \. on input line 2479.
LaTeX Info: Redefining \% on input line 2479.
[73]
LaTeX Info: Redefining \. on input line 2558.
LaTeX Info: Redefining \% on input line 2558.


Package fancyhdr Warning: \headheight is too small (12.0pt): 
(fancyhdr)                Make it at least 13.07225pt, for example:
(fancyhdr)                \setlength{\headheight}{13.07225pt}.
(fancyhdr)                You might also make \topmargin smaller to compensate:

(fancyhdr)                \addtolength{\topmargin}{-1.07225pt}.

LaTeX Info: Redefining \. on input line 2558.
LaTeX Info: Redefining \% on input line 2558.
[74]
LaTeX Info: Redefining \. on input line 2622.
LaTeX Info: Redefining \% on input line 2622.


Package fancyhdr Warning: \headheight is too small (12.0pt): 
(fancyhdr)                Make it at least 13.07225pt, for example:
(fancyhdr)                \setlength{\headheight}{13.07225pt}.
(fancyhdr)                You might also make \topmargin smaller to compensate:

(fancyhdr)                \addtolength{\topmargin}{-1.07225pt}.

LaTeX Info: Redefining \. on input line 2622.
LaTeX Info: Redefining \% on input line 2622.
[75]
LaTeX Info: Redefining \. on input line 2702.
LaTeX Info: Redefining \% on input line 2702.


Package fancyhdr Warning: \headheight is too small (12.0pt): 
(fancyhdr)                Make it at least 13.07225pt, for example:
(fancyhdr)                \setlength{\headheight}{13.07225pt}.
(fancyhdr)                You might also make \topmargin smaller to compensate:

(fancyhdr)                \addtolength{\topmargin}{-1.07225pt}.

LaTeX Info: Redefining \. on input line 2702.
LaTeX Info: Redefining \% on input line 2702.
[76]
Underfull \hbox (badness 10000) in paragraph at lines 2718--2719

 []

LaTeX Info: Redefining \. on input line 2787.
LaTeX Info: Redefining \% on input line 2787.

Package fancyhdr Warning: \headheight is too small (12.0pt): 
(fancyhdr)                Make it at least 13.07225pt, for example:
(fancyhdr)                \setlength{\headheight}{13.07225pt}.
(fancyhdr)                You might also make \topmargin smaller to compensate:

(fancyhdr)                \addtolength{\topmargin}{-1.07225pt}.

LaTeX Info: Redefining \. on input line 2787.
LaTeX Info: Redefining \% on input line 2787.
[77]
LaTeX Info: Redefining \. on input line 2879.
LaTeX Info: Redefining \% on input line 2879.


Package fancyhdr Warning: \headheight is too small (12.0pt): 
(fancyhdr)                Make it at least 13.07225pt, for example:
(fancyhdr)                \setlength{\headheight}{13.07225pt}.
(fancyhdr)                You might also make \topmargin smaller to compensate:

(fancyhdr)                \addtolength{\topmargin}{-1.07225pt}.

LaTeX Info: Redefining \. on input line 2879.
LaTeX Info: Redefining \% on input line 2879.
[78]
Overfull \hbox (8.17386pt too wide) in paragraph at lines 2889--2890
\OML/cmm/m/it/9 y[]; y[]; [] ; y[]$ \OT1/cmr/m/n/9 va-lo-res ob-ser-va-dos pa-r
a la va-ria-ble alea-to-ria $\OML/cmm/m/it/9 Y[]$\OT1/cmr/m/n/9 , y as^^S^^P su
-ce-si-va-men-te pa-ra $\OML/cmm/m/it/9 y[]; y[]; [] ; y[]$
 []

LaTeX Info: Redefining \. on input line 2952.
LaTeX Info: Redefining \% on input line 2952.

Package fancyhdr Warning: \headheight is too small (12.0pt): 
(fancyhdr)                Make it at least 13.07225pt, for example:
(fancyhdr)                \setlength{\headheight}{13.07225pt}.
(fancyhdr)                You might also make \topmargin smaller to compensate:

(fancyhdr)                \addtolength{\topmargin}{-1.07225pt}.

LaTeX Info: Redefining \. on input line 2952.
LaTeX Info: Redefining \% on input line 2952.
[79]
LaTeX Info: Redefining \. on input line 3053.
LaTeX Info: Redefining \% on input line 3053.


Package fancyhdr Warning: \headheight is too small (12.0pt): 
(fancyhdr)                Make it at least 13.07225pt, for example:
(fancyhdr)                \setlength{\headheight}{13.07225pt}.
(fancyhdr)                You might also make \topmargin smaller to compensate:

(fancyhdr)                \addtolength{\topmargin}{-1.07225pt}.

LaTeX Info: Redefining \. on input line 3053.
LaTeX Info: Redefining \% on input line 3053.
[80]

Package hyperref Warning: Token not allowed in a PDF string (Unicode):
(hyperref)                removing `math shift' on input line 3109.


Package hyperref Warning: Token not allowed in a PDF string (Unicode):
(hyperref)                removing `math shift' on input line 3109.

LaTeX Info: Redefining \. on input line 3139.
LaTeX Info: Redefining \% on input line 3139.

Package fancyhdr Warning: \headheight is too small (12.0pt): 
(fancyhdr)                Make it at least 13.07225pt, for example:
(fancyhdr)                \setlength{\headheight}{13.07225pt}.
(fancyhdr)                You might also make \topmargin smaller to compensate:

(fancyhdr)                \addtolength{\topmargin}{-1.07225pt}.

LaTeX Info: Redefining \. on input line 3139.
LaTeX Info: Redefining \% on input line 3139.
[81]
LaTeX Info: Redefining \. on input line 3233.
LaTeX Info: Redefining \% on input line 3233.


Package fancyhdr Warning: \headheight is too small (12.0pt): 
(fancyhdr)                Make it at least 13.07225pt, for example:
(fancyhdr)                \setlength{\headheight}{13.07225pt}.
(fancyhdr)                You might also make \topmargin smaller to compensate:

(fancyhdr)                \addtolength{\topmargin}{-1.07225pt}.

LaTeX Info: Redefining \. on input line 3233.
LaTeX Info: Redefining \% on input line 3233.
[82]
LaTeX Info: Redefining \. on input line 3345.
LaTeX Info: Redefining \% on input line 3345.


Package fancyhdr Warning: \headheight is too small (12.0pt): 
(fancyhdr)                Make it at least 13.07225pt, for example:
(fancyhdr)                \setlength{\headheight}{13.07225pt}.
(fancyhdr)                You might also make \topmargin smaller to compensate:

(fancyhdr)                \addtolength{\topmargin}{-1.07225pt}.

LaTeX Info: Redefining \. on input line 3345.
LaTeX Info: Redefining \% on input line 3345.
[83]

Package hyperref Warning: Token not allowed in a PDF string (Unicode):
(hyperref)                removing `math shift' on input line 3409.


Package hyperref Warning: Token not allowed in a PDF string (Unicode):
(hyperref)                removing `math shift' on input line 3409.

LaTeX Info: Redefining \. on input line 3441.
LaTeX Info: Redefining \% on input line 3441.

Package fancyhdr Warning: \headheight is too small (12.0pt): 
(fancyhdr)                Make it at least 13.07225pt, for example:
(fancyhdr)                \setlength{\headheight}{13.07225pt}.
(fancyhdr)                You might also make \topmargin smaller to compensate:

(fancyhdr)                \addtolength{\topmargin}{-1.07225pt}.

LaTeX Info: Redefining \. on input line 3441.
LaTeX Info: Redefining \% on input line 3441.
[84]
LaTeX Info: Redefining \. on input line 3549.
LaTeX Info: Redefining \% on input line 3549.


Package fancyhdr Warning: \headheight is too small (12.0pt): 
(fancyhdr)                Make it at least 13.07225pt, for example:
(fancyhdr)                \setlength{\headheight}{13.07225pt}.
(fancyhdr)                You might also make \topmargin smaller to compensate:

(fancyhdr)                \addtolength{\topmargin}{-1.07225pt}.

LaTeX Info: Redefining \. on input line 3549.
LaTeX Info: Redefining \% on input line 3549.
[85]
Overfull \hbox (6.81123pt too wide) in paragraph at lines 3560--3563
[]\OT1/cmr/m/n/9 Para $\OML/cmm/m/it/9 Z[]$ \OT1/cmr/m/n/9 se tie-ne $\OML/cmm/
m/it/9 P [] \OT1/cmr/m/n/9 = 1 \OMS/cmsy/m/n/9 ^^@ \OML/cmm/m/it/9 $\OT1/cmr/m
/n/9 , don-de $\OML/cmm/m/it/9 Z \OT1/cmr/m/n/9 = []$. En-ton-ces $\OML/cmm/m/i
t/9 P [] \OT1/cmr/m/n/9 =
 []

LaTeX Info: Redefining \. on input line 3632.
LaTeX Info: Redefining \% on input line 3632.

Package fancyhdr Warning: \headheight is too small (12.0pt): 
(fancyhdr)                Make it at least 13.07225pt, for example:
(fancyhdr)                \setlength{\headheight}{13.07225pt}.
(fancyhdr)                You might also make \topmargin smaller to compensate:

(fancyhdr)                \addtolength{\topmargin}{-1.07225pt}.

LaTeX Info: Redefining \. on input line 3632.
LaTeX Info: Redefining \% on input line 3632.
[86]
LaTeX Info: Redefining \. on input line 3709.
LaTeX Info: Redefining \% on input line 3709.


Package fancyhdr Warning: \headheight is too small (12.0pt): 
(fancyhdr)                Make it at least 13.07225pt, for example:
(fancyhdr)                \setlength{\headheight}{13.07225pt}.
(fancyhdr)                You might also make \topmargin smaller to compensate:

(fancyhdr)                \addtolength{\topmargin}{-1.07225pt}.

LaTeX Info: Redefining \. on input line 3709.
LaTeX Info: Redefining \% on input line 3709.
[87]
LaTeX Info: Redefining \. on input line 3781.
LaTeX Info: Redefining \% on input line 3781.


Package fancyhdr Warning: \headheight is too small (12.0pt): 
(fancyhdr)                Make it at least 13.07225pt, for example:
(fancyhdr)                \setlength{\headheight}{13.07225pt}.
(fancyhdr)                You might also make \topmargin smaller to compensate:

(fancyhdr)                \addtolength{\topmargin}{-1.07225pt}.

LaTeX Info: Redefining \. on input line 3781.
LaTeX Info: Redefining \% on input line 3781.
[88]
LaTeX Info: Redefining \. on input line 3867.
LaTeX Info: Redefining \% on input line 3867.


Package fancyhdr Warning: \headheight is too small (12.0pt): 
(fancyhdr)                Make it at least 13.07225pt, for example:
(fancyhdr)                \setlength{\headheight}{13.07225pt}.
(fancyhdr)                You might also make \topmargin smaller to compensate:

(fancyhdr)                \addtolength{\topmargin}{-1.07225pt}.

LaTeX Info: Redefining \. on input line 3867.
LaTeX Info: Redefining \% on input line 3867.
[89]
LaTeX Info: Redefining \. on input line 3938.
LaTeX Info: Redefining \% on input line 3938.


Package fancyhdr Warning: \headheight is too small (12.0pt): 
(fancyhdr)                Make it at least 13.07225pt, for example:
(fancyhdr)                \setlength{\headheight}{13.07225pt}.
(fancyhdr)                You might also make \topmargin smaller to compensate:

(fancyhdr)                \addtolength{\topmargin}{-1.07225pt}.

LaTeX Info: Redefining \. on input line 3938.
LaTeX Info: Redefining \% on input line 3938.
[90]
LaTeX Info: Redefining \. on input line 4013.
LaTeX Info: Redefining \% on input line 4013.


Package fancyhdr Warning: \headheight is too small (12.0pt): 
(fancyhdr)                Make it at least 13.07225pt, for example:
(fancyhdr)                \setlength{\headheight}{13.07225pt}.
(fancyhdr)                You might also make \topmargin smaller to compensate:

(fancyhdr)                \addtolength{\topmargin}{-1.07225pt}.

LaTeX Info: Redefining \. on input line 4013.
LaTeX Info: Redefining \% on input line 4013.
[91]

Package hyperref Warning: Token not allowed in a PDF string (Unicode):
(hyperref)                removing `math shift' on input line 4071.


Package hyperref Warning: Token not allowed in a PDF string (Unicode):
(hyperref)                removing `math shift' on input line 4071.

LaTeX Info: Redefining \. on input line 4097.
LaTeX Info: Redefining \% on input line 4097.

Package fancyhdr Warning: \headheight is too small (12.0pt): 
(fancyhdr)                Make it at least 13.07225pt, for example:
(fancyhdr)                \setlength{\headheight}{13.07225pt}.
(fancyhdr)                You might also make \topmargin smaller to compensate:

(fancyhdr)                \addtolength{\topmargin}{-1.07225pt}.

LaTeX Info: Redefining \. on input line 4097.
LaTeX Info: Redefining \% on input line 4097.
[92]
LaTeX Info: Redefining \. on input line 4175.
LaTeX Info: Redefining \% on input line 4175.


Package fancyhdr Warning: \headheight is too small (12.0pt): 
(fancyhdr)                Make it at least 13.07225pt, for example:
(fancyhdr)                \setlength{\headheight}{13.07225pt}.
(fancyhdr)                You might also make \topmargin smaller to compensate:

(fancyhdr)                \addtolength{\topmargin}{-1.07225pt}.

LaTeX Info: Redefining \. on input line 4175.
LaTeX Info: Redefining \% on input line 4175.
[93]
LaTeX Info: Redefining \. on input line 4263.
LaTeX Info: Redefining \% on input line 4263.


Package fancyhdr Warning: \headheight is too small (12.0pt): 
(fancyhdr)                Make it at least 13.07225pt, for example:
(fancyhdr)                \setlength{\headheight}{13.07225pt}.
(fancyhdr)                You might also make \topmargin smaller to compensate:

(fancyhdr)                \addtolength{\topmargin}{-1.07225pt}.

LaTeX Info: Redefining \. on input line 4263.
LaTeX Info: Redefining \% on input line 4263.
[94]
Overfull \hbox (15.45929pt too wide) in paragraph at lines 4313--4320
[]\OT1/cmr/m/n/9 Regi^^Son de re-cha-zo: re-cha-zar $\OML/cmm/m/it/9 H[]$ \OT1/
cmr/m/n/9 cuan-do [] 
 []

LaTeX Info: Redefining \. on input line 4340.
LaTeX Info: Redefining \% on input line 4340.

Package fancyhdr Warning: \headheight is too small (12.0pt): 
(fancyhdr)                Make it at least 13.07225pt, for example:
(fancyhdr)                \setlength{\headheight}{13.07225pt}.
(fancyhdr)                You might also make \topmargin smaller to compensate:

(fancyhdr)                \addtolength{\topmargin}{-1.07225pt}.

LaTeX Info: Redefining \. on input line 4340.
LaTeX Info: Redefining \% on input line 4340.
[95]
LaTeX Info: Redefining \. on input line 4420.
LaTeX Info: Redefining \% on input line 4420.


Package fancyhdr Warning: \headheight is too small (12.0pt): 
(fancyhdr)                Make it at least 13.07225pt, for example:
(fancyhdr)                \setlength{\headheight}{13.07225pt}.
(fancyhdr)                You might also make \topmargin smaller to compensate:

(fancyhdr)                \addtolength{\topmargin}{-1.07225pt}.

LaTeX Info: Redefining \. on input line 4420.
LaTeX Info: Redefining \% on input line 4420.
[96]
LaTeX Info: Redefining \. on input line 4514.
LaTeX Info: Redefining \% on input line 4514.


Package fancyhdr Warning: \headheight is too small (12.0pt): 
(fancyhdr)                Make it at least 13.07225pt, for example:
(fancyhdr)                \setlength{\headheight}{13.07225pt}.
(fancyhdr)                You might also make \topmargin smaller to compensate:

(fancyhdr)                \addtolength{\topmargin}{-1.07225pt}.

LaTeX Info: Redefining \. on input line 4514.
LaTeX Info: Redefining \% on input line 4514.
[97]
Overfull \hbox (15.45929pt too wide) in paragraph at lines 4589--4597
[]\OT1/cmr/m/n/9 Regi^^Son de re-cha-zo: re-cha-zar $\OML/cmm/m/it/9 H[]$ \OT1/
cmr/m/n/9 cuan-do []
 []

LaTeX Info: Redefining \. on input line 4613.
LaTeX Info: Redefining \% on input line 4613.

Package fancyhdr Warning: \headheight is too small (12.0pt): 
(fancyhdr)                Make it at least 13.07225pt, for example:
(fancyhdr)                \setlength{\headheight}{13.07225pt}.
(fancyhdr)                You might also make \topmargin smaller to compensate:

(fancyhdr)                \addtolength{\topmargin}{-1.07225pt}.

LaTeX Info: Redefining \. on input line 4613.
LaTeX Info: Redefining \% on input line 4613.
[98]
Overfull \hbox (15.17471pt too wide) in paragraph at lines 4676--4683
[]\OT1/cmr/m/n/9 Regi^^Son de re-cha-zo: re-cha-zar $\OML/cmm/m/it/9 H[]$ \OT1/
cmr/m/n/9 cuan-do [] 
 []

LaTeX Info: Redefining \. on input line 4747.
LaTeX Info: Redefining \% on input line 4747.

Package fancyhdr Warning: \headheight is too small (12.0pt): 
(fancyhdr)                Make it at least 13.07225pt, for example:
(fancyhdr)                \setlength{\headheight}{13.07225pt}.
(fancyhdr)                You might also make \topmargin smaller to compensate:

(fancyhdr)                \addtolength{\topmargin}{-1.07225pt}.

LaTeX Info: Redefining \. on input line 4747.
LaTeX Info: Redefining \% on input line 4747.
[99]
LaTeX Info: Redefining \. on input line 4843.
LaTeX Info: Redefining \% on input line 4843.


Package fancyhdr Warning: \headheight is too small (12.0pt): 
(fancyhdr)                Make it at least 13.07225pt, for example:
(fancyhdr)                \setlength{\headheight}{13.07225pt}.
(fancyhdr)                You might also make \topmargin smaller to compensate:

(fancyhdr)                \addtolength{\topmargin}{-1.07225pt}.

LaTeX Info: Redefining \. on input line 4843.
LaTeX Info: Redefining \% on input line 4843.
[100]

Package hyperref Warning: Token not allowed in a PDF string (Unicode):
(hyperref)                removing `math shift' on input line 4865.


Package hyperref Warning: Token not allowed in a PDF string (Unicode):
(hyperref)                removing `math shift' on input line 4865.

LaTeX Info: Redefining \. on input line 4936.
LaTeX Info: Redefining \% on input line 4936.

Package fancyhdr Warning: \headheight is too small (12.0pt): 
(fancyhdr)                Make it at least 13.07225pt, for example:
(fancyhdr)                \setlength{\headheight}{13.07225pt}.
(fancyhdr)                You might also make \topmargin smaller to compensate:

(fancyhdr)                \addtolength{\topmargin}{-1.07225pt}.

LaTeX Info: Redefining \. on input line 4936.
LaTeX Info: Redefining \% on input line 4936.
[101]
LaTeX Info: Redefining \. on input line 5029.
LaTeX Info: Redefining \% on input line 5029.


Package fancyhdr Warning: \headheight is too small (12.0pt): 
(fancyhdr)                Make it at least 13.07225pt, for example:
(fancyhdr)                \setlength{\headheight}{13.07225pt}.
(fancyhdr)                You might also make \topmargin smaller to compensate:

(fancyhdr)                \addtolength{\topmargin}{-1.07225pt}.

LaTeX Info: Redefining \. on input line 5029.
LaTeX Info: Redefining \% on input line 5029.
[102]
LaTeX Info: Redefining \. on input line 5126.
LaTeX Info: Redefining \% on input line 5126.


Package fancyhdr Warning: \headheight is too small (12.0pt): 
(fancyhdr)                Make it at least 13.07225pt, for example:
(fancyhdr)                \setlength{\headheight}{13.07225pt}.
(fancyhdr)                You might also make \topmargin smaller to compensate:

(fancyhdr)                \addtolength{\topmargin}{-1.07225pt}.

LaTeX Info: Redefining \. on input line 5126.
LaTeX Info: Redefining \% on input line 5126.
[103]
Overfull \hbox (15.45929pt too wide) in paragraph at lines 5155--5162
[]\OT1/cmr/m/n/9 Regi^^Son de re-cha-zo: re-cha-zar $\OML/cmm/m/it/9 H[]$ \OT1/
cmr/m/n/9 cuan-do [] 
 []

LaTeX Info: Redefining \. on input line 5229.
LaTeX Info: Redefining \% on input line 5229.

Package fancyhdr Warning: \headheight is too small (12.0pt): 
(fancyhdr)                Make it at least 13.07225pt, for example:
(fancyhdr)                \setlength{\headheight}{13.07225pt}.
(fancyhdr)                You might also make \topmargin smaller to compensate:

(fancyhdr)                \addtolength{\topmargin}{-1.07225pt}.

LaTeX Info: Redefining \. on input line 5229.
LaTeX Info: Redefining \% on input line 5229.
[104]
LaTeX Info: Redefining \. on input line 5327.
LaTeX Info: Redefining \% on input line 5327.


Package fancyhdr Warning: \headheight is too small (12.0pt): 
(fancyhdr)                Make it at least 13.07225pt, for example:
(fancyhdr)                \setlength{\headheight}{13.07225pt}.
(fancyhdr)                You might also make \topmargin smaller to compensate:

(fancyhdr)                \addtolength{\topmargin}{-1.07225pt}.

LaTeX Info: Redefining \. on input line 5327.
LaTeX Info: Redefining \% on input line 5327.
[105]
LaTeX Info: Redefining \. on input line 5434.
LaTeX Info: Redefining \% on input line 5434.


Package fancyhdr Warning: \headheight is too small (12.0pt): 
(fancyhdr)                Make it at least 13.07225pt, for example:
(fancyhdr)                \setlength{\headheight}{13.07225pt}.
(fancyhdr)                You might also make \topmargin smaller to compensate:

(fancyhdr)                \addtolength{\topmargin}{-1.07225pt}.

LaTeX Info: Redefining \. on input line 5434.
LaTeX Info: Redefining \% on input line 5434.
[106]
Overfull \hbox (15.45929pt too wide) in paragraph at lines 5474--5482
[]\OT1/cmr/m/n/9 Regi^^Son de re-cha-zo: re-cha-zar $\OML/cmm/m/it/9 H[]$ \OT1/
cmr/m/n/9 cuan-do []
 []

LaTeX Info: Redefining \. on input line 5549.
LaTeX Info: Redefining \% on input line 5549.

Package fancyhdr Warning: \headheight is too small (12.0pt): 
(fancyhdr)                Make it at least 13.07225pt, for example:
(fancyhdr)                \setlength{\headheight}{13.07225pt}.
(fancyhdr)                You might also make \topmargin smaller to compensate:

(fancyhdr)                \addtolength{\topmargin}{-1.07225pt}.

LaTeX Info: Redefining \. on input line 5549.
LaTeX Info: Redefining \% on input line 5549.
[107]
Overfull \hbox (15.17471pt too wide) in paragraph at lines 5563--5570
[]\OT1/cmr/m/n/9 Regi^^Son de re-cha-zo: re-cha-zar $\OML/cmm/m/it/9 H[]$ \OT1/
cmr/m/n/9 cuan-do [] 
 []


Overfull \hbox (20.12112pt too wide) in paragraph at lines 5643--5644
[]\OT1/cmr/m/it/9 Supongamos que se tie-ne una ^^Suni-ca va-ria-ble de-pen-dien
-te, $\OML/cmm/m/it/9 y$\OT1/cmr/m/it/9 , y va-rias va-ria-bles in-de-pen-dien-
tes, $\OML/cmm/m/it/9 x[]; x[]; [] ; x[]$\OT1/cmr/m/it/9 . 
 []

LaTeX Info: Redefining \. on input line 5663.
LaTeX Info: Redefining \% on input line 5663.

Package fancyhdr Warning: \headheight is too small (12.0pt): 
(fancyhdr)                Make it at least 13.07225pt, for example:
(fancyhdr)                \setlength{\headheight}{13.07225pt}.
(fancyhdr)                You might also make \topmargin smaller to compensate:

(fancyhdr)                \addtolength{\topmargin}{-1.07225pt}.

LaTeX Info: Redefining \. on input line 5663.
LaTeX Info: Redefining \% on input line 5663.
[108]
Overfull \hbox (20.12112pt too wide) in paragraph at lines 5663--5664
[]\OT1/cmr/m/it/9 Supongamos que se tie-ne una ^^Suni-ca va-ria-ble de-pen-dien
-te, $\OML/cmm/m/it/9 y$\OT1/cmr/m/it/9 , y va-rias va-ria-bles in-de-pen-dien-
tes, $\OML/cmm/m/it/9 x[]; x[]; [] ; x[]$\OT1/cmr/m/it/9 . 
 []

LaTeX Info: Redefining \. on input line 5742.
LaTeX Info: Redefining \% on input line 5742.

Package fancyhdr Warning: \headheight is too small (12.0pt): 
(fancyhdr)                Make it at least 13.07225pt, for example:
(fancyhdr)                \setlength{\headheight}{13.07225pt}.
(fancyhdr)                You might also make \topmargin smaller to compensate:

(fancyhdr)                \addtolength{\topmargin}{-1.07225pt}.

LaTeX Info: Redefining \. on input line 5742.
LaTeX Info: Redefining \% on input line 5742.
[109]
LaTeX Info: Redefining \. on input line 5815.
LaTeX Info: Redefining \% on input line 5815.


Package fancyhdr Warning: \headheight is too small (12.0pt): 
(fancyhdr)                Make it at least 13.07225pt, for example:
(fancyhdr)                \setlength{\headheight}{13.07225pt}.
(fancyhdr)                You might also make \topmargin smaller to compensate:

(fancyhdr)                \addtolength{\topmargin}{-1.07225pt}.

LaTeX Info: Redefining \. on input line 5815.
LaTeX Info: Redefining \% on input line 5815.
[110]
Overfull \hbox (20.12112pt too wide) in paragraph at lines 5862--5863
[]\OT1/cmr/m/it/9 Supongamos que se tie-ne una ^^Suni-ca va-ria-ble de-pen-dien
-te, $\OML/cmm/m/it/9 y$\OT1/cmr/m/it/9 , y va-rias va-ria-bles in-de-pen-dien-
tes, $\OML/cmm/m/it/9 x[]; x[]; [] ; x[]$\OT1/cmr/m/it/9 . 
 []

LaTeX Info: Redefining \. on input line 5890.
LaTeX Info: Redefining \% on input line 5890.

Package fancyhdr Warning: \headheight is too small (12.0pt): 
(fancyhdr)                Make it at least 13.07225pt, for example:
(fancyhdr)                \setlength{\headheight}{13.07225pt}.
(fancyhdr)                You might also make \topmargin smaller to compensate:

(fancyhdr)                \addtolength{\topmargin}{-1.07225pt}.

LaTeX Info: Redefining \. on input line 5890.
LaTeX Info: Redefining \% on input line 5890.
[111]
LaTeX Info: Redefining \. on input line 5960.
LaTeX Info: Redefining \% on input line 5960.


Package fancyhdr Warning: \headheight is too small (12.0pt): 
(fancyhdr)                Make it at least 13.07225pt, for example:
(fancyhdr)                \setlength{\headheight}{13.07225pt}.
(fancyhdr)                You might also make \topmargin smaller to compensate:

(fancyhdr)                \addtolength{\topmargin}{-1.07225pt}.

LaTeX Info: Redefining \. on input line 5960.
LaTeX Info: Redefining \% on input line 5960.
[112]

Package hyperref Warning: Token not allowed in a PDF string (Unicode):
(hyperref)                removing `math shift' on input line 5974.


Package hyperref Warning: Token not allowed in a PDF string (Unicode):
(hyperref)                removing `subscript' on input line 5974.


Package hyperref Warning: Token not allowed in a PDF string (Unicode):
(hyperref)                removing `math shift' on input line 5974.


Package hyperref Warning: Token not allowed in a PDF string (Unicode):
(hyperref)                removing `math shift' on input line 5974.


Package hyperref Warning: Token not allowed in a PDF string (Unicode):
(hyperref)                removing `subscript' on input line 5974.


Package hyperref Warning: Token not allowed in a PDF string (Unicode):
(hyperref)                removing `math shift' on input line 5974.

LaTeX Info: Redefining \. on input line 6027.
LaTeX Info: Redefining \% on input line 6027.

Package fancyhdr Warning: \headheight is too small (12.0pt): 
(fancyhdr)                Make it at least 13.07225pt, for example:
(fancyhdr)                \setlength{\headheight}{13.07225pt}.
(fancyhdr)                You might also make \topmargin smaller to compensate:

(fancyhdr)                \addtolength{\topmargin}{-1.07225pt}.

LaTeX Info: Redefining \. on input line 6027.
LaTeX Info: Redefining \% on input line 6027.
[113]
LaTeX Info: Redefining \. on input line 6122.
LaTeX Info: Redefining \% on input line 6122.


Package fancyhdr Warning: \headheight is too small (12.0pt): 
(fancyhdr)                Make it at least 13.07225pt, for example:
(fancyhdr)                \setlength{\headheight}{13.07225pt}.
(fancyhdr)                You might also make \topmargin smaller to compensate:

(fancyhdr)                \addtolength{\topmargin}{-1.07225pt}.

LaTeX Info: Redefining \. on input line 6122.
LaTeX Info: Redefining \% on input line 6122.
[114]
LaTeX Info: Redefining \. on input line 6184.
LaTeX Info: Redefining \% on input line 6184.


Package fancyhdr Warning: \headheight is too small (12.0pt): 
(fancyhdr)                Make it at least 13.07225pt, for example:
(fancyhdr)                \setlength{\headheight}{13.07225pt}.
(fancyhdr)                You might also make \topmargin smaller to compensate:

(fancyhdr)                \addtolength{\topmargin}{-1.07225pt}.

LaTeX Info: Redefining \. on input line 6184.
LaTeX Info: Redefining \% on input line 6184.
[115]
Overfull \hbox (20.12112pt too wide) in paragraph at lines 6274--6275
[]\OT1/cmr/m/it/9 Supongamos que se tie-ne una ^^Suni-ca va-ria-ble de-pen-dien
-te, $\OML/cmm/m/it/9 y$\OT1/cmr/m/it/9 , y va-rias va-ria-bles in-de-pen-dien-
tes, $\OML/cmm/m/it/9 x[]; x[]; [] ; x[]$\OT1/cmr/m/it/9 . 
 []

LaTeX Info: Redefining \. on input line 6280.
LaTeX Info: Redefining \% on input line 6280.

Package fancyhdr Warning: \headheight is too small (12.0pt): 
(fancyhdr)                Make it at least 13.07225pt, for example:
(fancyhdr)                \setlength{\headheight}{13.07225pt}.
(fancyhdr)                You might also make \topmargin smaller to compensate:

(fancyhdr)                \addtolength{\topmargin}{-1.07225pt}.

LaTeX Info: Redefining \. on input line 6280.
LaTeX Info: Redefining \% on input line 6280.
[116]
LaTeX Info: Redefining \. on input line 6358.
LaTeX Info: Redefining \% on input line 6358.


Package fancyhdr Warning: \headheight is too small (12.0pt): 
(fancyhdr)                Make it at least 13.07225pt, for example:
(fancyhdr)                \setlength{\headheight}{13.07225pt}.
(fancyhdr)                You might also make \topmargin smaller to compensate:

(fancyhdr)                \addtolength{\topmargin}{-1.07225pt}.

LaTeX Info: Redefining \. on input line 6358.
LaTeX Info: Redefining \% on input line 6358.
[117]

Package hyperref Warning: Token not allowed in a PDF string (Unicode):
(hyperref)                removing `math shift' on input line 6387.


Package hyperref Warning: Token not allowed in a PDF string (Unicode):
(hyperref)                removing `subscript' on input line 6387.


Package hyperref Warning: Token not allowed in a PDF string (Unicode):
(hyperref)                removing `math shift' on input line 6387.


Package hyperref Warning: Token not allowed in a PDF string (Unicode):
(hyperref)                removing `math shift' on input line 6387.


Package hyperref Warning: Token not allowed in a PDF string (Unicode):
(hyperref)                removing `subscript' on input line 6387.


Package hyperref Warning: Token not allowed in a PDF string (Unicode):
(hyperref)                removing `math shift' on input line 6387.

LaTeX Info: Redefining \. on input line 6433.
LaTeX Info: Redefining \% on input line 6433.

Package fancyhdr Warning: \headheight is too small (12.0pt): 
(fancyhdr)                Make it at least 13.07225pt, for example:
(fancyhdr)                \setlength{\headheight}{13.07225pt}.
(fancyhdr)                You might also make \topmargin smaller to compensate:

(fancyhdr)                \addtolength{\topmargin}{-1.07225pt}.

LaTeX Info: Redefining \. on input line 6433.
LaTeX Info: Redefining \% on input line 6433.
[118]
LaTeX Info: Redefining \. on input line 6527.
LaTeX Info: Redefining \% on input line 6527.


Package fancyhdr Warning: \headheight is too small (12.0pt): 
(fancyhdr)                Make it at least 13.07225pt, for example:
(fancyhdr)                \setlength{\headheight}{13.07225pt}.
(fancyhdr)                You might also make \topmargin smaller to compensate:

(fancyhdr)                \addtolength{\topmargin}{-1.07225pt}.

LaTeX Info: Redefining \. on input line 6527.
LaTeX Info: Redefining \% on input line 6527.
[119]
LaTeX Info: Redefining \. on input line 6587.
LaTeX Info: Redefining \% on input line 6587.


Package fancyhdr Warning: \headheight is too small (12.0pt): 
(fancyhdr)                Make it at least 13.07225pt, for example:
(fancyhdr)                \setlength{\headheight}{13.07225pt}.
(fancyhdr)                You might also make \topmargin smaller to compensate:

(fancyhdr)                \addtolength{\topmargin}{-1.07225pt}.

LaTeX Info: Redefining \. on input line 6587.
LaTeX Info: Redefining \% on input line 6587.
[120]
LaTeX Info: Redefining \. on input line 6677.
LaTeX Info: Redefining \% on input line 6677.


Package fancyhdr Warning: \headheight is too small (12.0pt): 
(fancyhdr)                Make it at least 13.07225pt, for example:
(fancyhdr)                \setlength{\headheight}{13.07225pt}.
(fancyhdr)                You might also make \topmargin smaller to compensate:

(fancyhdr)                \addtolength{\topmargin}{-1.07225pt}.

LaTeX Info: Redefining \. on input line 6677.
LaTeX Info: Redefining \% on input line 6677.
[121]
Underfull \hbox (badness 10000) in paragraph at lines 6696--6697

 []

LaTeX Info: Redefining \. on input line 6748.
LaTeX Info: Redefining \% on input line 6748.

Package fancyhdr Warning: \headheight is too small (12.0pt): 
(fancyhdr)                Make it at least 13.07225pt, for example:
(fancyhdr)                \setlength{\headheight}{13.07225pt}.
(fancyhdr)                You might also make \topmargin smaller to compensate:

(fancyhdr)                \addtolength{\topmargin}{-1.07225pt}.

LaTeX Info: Redefining \. on input line 6748.
LaTeX Info: Redefining \% on input line 6748.
[122])
LaTeX Info: Redefining \. on input line 124.
LaTeX Info: Redefining \% on input line 124.


Package fancyhdr Warning: \headheight is too small (12.0pt): 
(fancyhdr)                Make it at least 13.07225pt, for example:
(fancyhdr)                \setlength{\headheight}{13.07225pt}.
(fancyhdr)                You might also make \topmargin smaller to compensate:

(fancyhdr)                \addtolength{\topmargin}{-1.07225pt}.

LaTeX Info: Redefining \. on input line 124.
LaTeX Info: Redefining \% on input line 124.
[123]
Cap\'{\i }tulo 4.
(./Requisitos.tex [124

]

Package hyperref Warning: Token not allowed in a PDF string (Unicode):
(hyperref)                removing `math shift' on input line 133.


Package hyperref Warning: Token not allowed in a PDF string (Unicode):
(hyperref)                removing `math shift' on input line 133.

LaTeX Info: Redefining \. on input line 176.
LaTeX Info: Redefining \% on input line 176.

Package fancyhdr Warning: \headheight is too small (12.0pt): 
(fancyhdr)                Make it at least 13.07225pt, for example:
(fancyhdr)                \setlength{\headheight}{13.07225pt}.
(fancyhdr)                You might also make \topmargin smaller to compensate:

(fancyhdr)                \addtolength{\topmargin}{-1.07225pt}.

LaTeX Info: Redefining \. on input line 176.
LaTeX Info: Redefining \% on input line 176.
[125]
LaTeX Info: Redefining \. on input line 275.
LaTeX Info: Redefining \% on input line 275.


Package fancyhdr Warning: \headheight is too small (12.0pt): 
(fancyhdr)                Make it at least 13.07225pt, for example:
(fancyhdr)                \setlength{\headheight}{13.07225pt}.
(fancyhdr)                You might also make \topmargin smaller to compensate:

(fancyhdr)                \addtolength{\topmargin}{-1.07225pt}.

LaTeX Info: Redefining \. on input line 275.
LaTeX Info: Redefining \% on input line 275.
[126]
LaTeX Info: Redefining \. on input line 369.
LaTeX Info: Redefining \% on input line 369.


Package fancyhdr Warning: \headheight is too small (12.0pt): 
(fancyhdr)                Make it at least 13.07225pt, for example:
(fancyhdr)                \setlength{\headheight}{13.07225pt}.
(fancyhdr)                You might also make \topmargin smaller to compensate:

(fancyhdr)                \addtolength{\topmargin}{-1.07225pt}.

LaTeX Info: Redefining \. on input line 369.
LaTeX Info: Redefining \% on input line 369.
[127]

Package hyperref Warning: Token not allowed in a PDF string (Unicode):
(hyperref)                removing `math shift' on input line 433.


Package hyperref Warning: Token not allowed in a PDF string (Unicode):
(hyperref)                removing `math shift' on input line 433.

LaTeX Info: Redefining \. on input line 479.
LaTeX Info: Redefining \% on input line 479.

Package fancyhdr Warning: \headheight is too small (12.0pt): 
(fancyhdr)                Make it at least 13.07225pt, for example:
(fancyhdr)                \setlength{\headheight}{13.07225pt}.
(fancyhdr)                You might also make \topmargin smaller to compensate:

(fancyhdr)                \addtolength{\topmargin}{-1.07225pt}.

LaTeX Info: Redefining \. on input line 479.
LaTeX Info: Redefining \% on input line 479.
[128]
LaTeX Info: Redefining \. on input line 574.
LaTeX Info: Redefining \% on input line 574.


Package fancyhdr Warning: \headheight is too small (12.0pt): 
(fancyhdr)                Make it at least 13.07225pt, for example:
(fancyhdr)                \setlength{\headheight}{13.07225pt}.
(fancyhdr)                You might also make \topmargin smaller to compensate:

(fancyhdr)                \addtolength{\topmargin}{-1.07225pt}.

LaTeX Info: Redefining \. on input line 574.
LaTeX Info: Redefining \% on input line 574.
[129]
Overfull \hbox (6.81123pt too wide) in paragraph at lines 584--587
[]\OT1/cmr/m/n/9 Para $\OML/cmm/m/it/9 Z[]$ \OT1/cmr/m/n/9 se tie-ne $\OML/cmm/
m/it/9 P [] \OT1/cmr/m/n/9 = 1 \OMS/cmsy/m/n/9 ^^@ \OML/cmm/m/it/9 $\OT1/cmr/m
/n/9 , don-de $\OML/cmm/m/it/9 Z \OT1/cmr/m/n/9 = []$. En-ton-ces $\OML/cmm/m/i
t/9 P [] \OT1/cmr/m/n/9 =
 []

LaTeX Info: Redefining \. on input line 672.
LaTeX Info: Redefining \% on input line 672.

Package fancyhdr Warning: \headheight is too small (12.0pt): 
(fancyhdr)                Make it at least 13.07225pt, for example:
(fancyhdr)                \setlength{\headheight}{13.07225pt}.
(fancyhdr)                You might also make \topmargin smaller to compensate:

(fancyhdr)                \addtolength{\topmargin}{-1.07225pt}.

LaTeX Info: Redefining \. on input line 672.
LaTeX Info: Redefining \% on input line 672.
[130]
LaTeX Info: Redefining \. on input line 744.
LaTeX Info: Redefining \% on input line 744.


Package fancyhdr Warning: \headheight is too small (12.0pt): 
(fancyhdr)                Make it at least 13.07225pt, for example:
(fancyhdr)                \setlength{\headheight}{13.07225pt}.
(fancyhdr)                You might also make \topmargin smaller to compensate:

(fancyhdr)                \addtolength{\topmargin}{-1.07225pt}.

LaTeX Info: Redefining \. on input line 744.
LaTeX Info: Redefining \% on input line 744.
[131]
LaTeX Info: Redefining \. on input line 826.
LaTeX Info: Redefining \% on input line 826.


Package fancyhdr Warning: \headheight is too small (12.0pt): 
(fancyhdr)                Make it at least 13.07225pt, for example:
(fancyhdr)                \setlength{\headheight}{13.07225pt}.
(fancyhdr)                You might also make \topmargin smaller to compensate:

(fancyhdr)                \addtolength{\topmargin}{-1.07225pt}.

LaTeX Info: Redefining \. on input line 826.
LaTeX Info: Redefining \% on input line 826.
[132]
LaTeX Info: Redefining \. on input line 900.
LaTeX Info: Redefining \% on input line 900.


Package fancyhdr Warning: \headheight is too small (12.0pt): 
(fancyhdr)                Make it at least 13.07225pt, for example:
(fancyhdr)                \setlength{\headheight}{13.07225pt}.
(fancyhdr)                You might also make \topmargin smaller to compensate:

(fancyhdr)                \addtolength{\topmargin}{-1.07225pt}.

LaTeX Info: Redefining \. on input line 900.
LaTeX Info: Redefining \% on input line 900.
[133]
LaTeX Info: Redefining \. on input line 974.
LaTeX Info: Redefining \% on input line 974.


Package fancyhdr Warning: \headheight is too small (12.0pt): 
(fancyhdr)                Make it at least 13.07225pt, for example:
(fancyhdr)                \setlength{\headheight}{13.07225pt}.
(fancyhdr)                You might also make \topmargin smaller to compensate:

(fancyhdr)                \addtolength{\topmargin}{-1.07225pt}.

LaTeX Info: Redefining \. on input line 974.
LaTeX Info: Redefining \% on input line 974.
[134])
LaTeX Info: Redefining \. on input line 127.
LaTeX Info: Redefining \% on input line 127.


Package fancyhdr Warning: \headheight is too small (12.0pt): 
(fancyhdr)                Make it at least 13.07225pt, for example:
(fancyhdr)                \setlength{\headheight}{13.07225pt}.
(fancyhdr)                You might also make \topmargin smaller to compensate:

(fancyhdr)                \addtolength{\topmargin}{-1.07225pt}.

LaTeX Info: Redefining \. on input line 127.
LaTeX Info: Redefining \% on input line 127.
[135]
Cap\'{\i }tulo 5.
(./Bases.tex
Overfull \hbox (20.12112pt too wide) in paragraph at lines 11--12
[]\OT1/cmr/m/it/9 Supongamos que se tie-ne una ^^Suni-ca va-ria-ble de-pen-dien
-te, $\OML/cmm/m/it/9 y$\OT1/cmr/m/it/9 , y va-rias va-ria-bles in-de-pen-dien-
tes, $\OML/cmm/m/it/9 x[]; x[]; [] ; x[]$\OT1/cmr/m/it/9 . 
 []


Overfull \hbox (20.12112pt too wide) in paragraph at lines 31--32
[]\OT1/cmr/m/it/9 Supongamos que se tie-ne una ^^Suni-ca va-ria-ble de-pen-dien
-te, $\OML/cmm/m/it/9 y$\OT1/cmr/m/it/9 , y va-rias va-ria-bles in-de-pen-dien-
tes, $\OML/cmm/m/it/9 x[]; x[]; [] ; x[]$\OT1/cmr/m/it/9 . 
 []

[136

]
LaTeX Info: Redefining \. on input line 148.
LaTeX Info: Redefining \% on input line 148.


Package fancyhdr Warning: \headheight is too small (12.0pt): 
(fancyhdr)                Make it at least 13.07225pt, for example:
(fancyhdr)                \setlength{\headheight}{13.07225pt}.
(fancyhdr)                You might also make \topmargin smaller to compensate:

(fancyhdr)                \addtolength{\topmargin}{-1.07225pt}.

LaTeX Info: Redefining \. on input line 148.
LaTeX Info: Redefining \% on input line 148.
[137]
LaTeX Info: Redefining \. on input line 211.
LaTeX Info: Redefining \% on input line 211.


Package fancyhdr Warning: \headheight is too small (12.0pt): 
(fancyhdr)                Make it at least 13.07225pt, for example:
(fancyhdr)                \setlength{\headheight}{13.07225pt}.
(fancyhdr)                You might also make \topmargin smaller to compensate:

(fancyhdr)                \addtolength{\topmargin}{-1.07225pt}.

LaTeX Info: Redefining \. on input line 211.
LaTeX Info: Redefining \% on input line 211.
[138]
Overfull \hbox (20.12112pt too wide) in paragraph at lines 230--231
[]\OT1/cmr/m/it/9 Supongamos que se tie-ne una ^^Suni-ca va-ria-ble de-pen-dien
-te, $\OML/cmm/m/it/9 y$\OT1/cmr/m/it/9 , y va-rias va-ria-bles in-de-pen-dien-
tes, $\OML/cmm/m/it/9 x[]; x[]; [] ; x[]$\OT1/cmr/m/it/9 . 
 []

LaTeX Info: Redefining \. on input line 309.
LaTeX Info: Redefining \% on input line 309.

Package fancyhdr Warning: \headheight is too small (12.0pt): 
(fancyhdr)                Make it at least 13.07225pt, for example:
(fancyhdr)                \setlength{\headheight}{13.07225pt}.
(fancyhdr)                You might also make \topmargin smaller to compensate:

(fancyhdr)                \addtolength{\topmargin}{-1.07225pt}.

LaTeX Info: Redefining \. on input line 309.
LaTeX Info: Redefining \% on input line 309.
[139]

Package hyperref Warning: Token not allowed in a PDF string (Unicode):
(hyperref)                removing `math shift' on input line 342.


Package hyperref Warning: Token not allowed in a PDF string (Unicode):
(hyperref)                removing `subscript' on input line 342.


Package hyperref Warning: Token not allowed in a PDF string (Unicode):
(hyperref)                removing `math shift' on input line 342.


Package hyperref Warning: Token not allowed in a PDF string (Unicode):
(hyperref)                removing `math shift' on input line 342.


Package hyperref Warning: Token not allowed in a PDF string (Unicode):
(hyperref)                removing `subscript' on input line 342.


Package hyperref Warning: Token not allowed in a PDF string (Unicode):
(hyperref)                removing `math shift' on input line 342.

LaTeX Info: Redefining \. on input line 360.
LaTeX Info: Redefining \% on input line 360.

Package fancyhdr Warning: \headheight is too small (12.0pt): 
(fancyhdr)                Make it at least 13.07225pt, for example:
(fancyhdr)                \setlength{\headheight}{13.07225pt}.
(fancyhdr)                You might also make \topmargin smaller to compensate:

(fancyhdr)                \addtolength{\topmargin}{-1.07225pt}.

LaTeX Info: Redefining \. on input line 360.
LaTeX Info: Redefining \% on input line 360.
[140]
LaTeX Info: Redefining \. on input line 442.
LaTeX Info: Redefining \% on input line 442.


Package fancyhdr Warning: \headheight is too small (12.0pt): 
(fancyhdr)                Make it at least 13.07225pt, for example:
(fancyhdr)                \setlength{\headheight}{13.07225pt}.
(fancyhdr)                You might also make \topmargin smaller to compensate:

(fancyhdr)                \addtolength{\topmargin}{-1.07225pt}.

LaTeX Info: Redefining \. on input line 442.
LaTeX Info: Redefining \% on input line 442.
[141]
LaTeX Info: Redefining \. on input line 512.
LaTeX Info: Redefining \% on input line 512.


Package fancyhdr Warning: \headheight is too small (12.0pt): 
(fancyhdr)                Make it at least 13.07225pt, for example:
(fancyhdr)                \setlength{\headheight}{13.07225pt}.
(fancyhdr)                You might also make \topmargin smaller to compensate:

(fancyhdr)                \addtolength{\topmargin}{-1.07225pt}.

LaTeX Info: Redefining \. on input line 512.
LaTeX Info: Redefining \% on input line 512.
[142]
LaTeX Info: Redefining \. on input line 581.
LaTeX Info: Redefining \% on input line 581.


Package fancyhdr Warning: \headheight is too small (12.0pt): 
(fancyhdr)                Make it at least 13.07225pt, for example:
(fancyhdr)                \setlength{\headheight}{13.07225pt}.
(fancyhdr)                You might also make \topmargin smaller to compensate:

(fancyhdr)                \addtolength{\topmargin}{-1.07225pt}.

LaTeX Info: Redefining \. on input line 581.
LaTeX Info: Redefining \% on input line 581.
[143]
Overfull \hbox (20.12112pt too wide) in paragraph at lines 642--643
[]\OT1/cmr/m/it/9 Supongamos que se tie-ne una ^^Suni-ca va-ria-ble de-pen-dien
-te, $\OML/cmm/m/it/9 y$\OT1/cmr/m/it/9 , y va-rias va-ria-bles in-de-pen-dien-
tes, $\OML/cmm/m/it/9 x[]; x[]; [] ; x[]$\OT1/cmr/m/it/9 . 
 []

LaTeX Info: Redefining \. on input line 685.
LaTeX Info: Redefining \% on input line 685.

Package fancyhdr Warning: \headheight is too small (12.0pt): 
(fancyhdr)                Make it at least 13.07225pt, for example:
(fancyhdr)                \setlength{\headheight}{13.07225pt}.
(fancyhdr)                You might also make \topmargin smaller to compensate:

(fancyhdr)                \addtolength{\topmargin}{-1.07225pt}.

LaTeX Info: Redefining \. on input line 685.
LaTeX Info: Redefining \% on input line 685.
[144]

Package hyperref Warning: Token not allowed in a PDF string (Unicode):
(hyperref)                removing `math shift' on input line 755.


Package hyperref Warning: Token not allowed in a PDF string (Unicode):
(hyperref)                removing `subscript' on input line 755.


Package hyperref Warning: Token not allowed in a PDF string (Unicode):
(hyperref)                removing `math shift' on input line 755.


Package hyperref Warning: Token not allowed in a PDF string (Unicode):
(hyperref)                removing `math shift' on input line 755.


Package hyperref Warning: Token not allowed in a PDF string (Unicode):
(hyperref)                removing `subscript' on input line 755.


Package hyperref Warning: Token not allowed in a PDF string (Unicode):
(hyperref)                removing `math shift' on input line 755.

LaTeX Info: Redefining \. on input line 765.
LaTeX Info: Redefining \% on input line 765.

Package fancyhdr Warning: \headheight is too small (12.0pt): 
(fancyhdr)                Make it at least 13.07225pt, for example:
(fancyhdr)                \setlength{\headheight}{13.07225pt}.
(fancyhdr)                You might also make \topmargin smaller to compensate:

(fancyhdr)                \addtolength{\topmargin}{-1.07225pt}.

LaTeX Info: Redefining \. on input line 765.
LaTeX Info: Redefining \% on input line 765.
[145]
LaTeX Info: Redefining \. on input line 856.
LaTeX Info: Redefining \% on input line 856.


Package fancyhdr Warning: \headheight is too small (12.0pt): 
(fancyhdr)                Make it at least 13.07225pt, for example:
(fancyhdr)                \setlength{\headheight}{13.07225pt}.
(fancyhdr)                You might also make \topmargin smaller to compensate:

(fancyhdr)                \addtolength{\topmargin}{-1.07225pt}.

LaTeX Info: Redefining \. on input line 856.
LaTeX Info: Redefining \% on input line 856.
[146]
LaTeX Info: Redefining \. on input line 939.
LaTeX Info: Redefining \% on input line 939.


Package fancyhdr Warning: \headheight is too small (12.0pt): 
(fancyhdr)                Make it at least 13.07225pt, for example:
(fancyhdr)                \setlength{\headheight}{13.07225pt}.
(fancyhdr)                You might also make \topmargin smaller to compensate:

(fancyhdr)                \addtolength{\topmargin}{-1.07225pt}.

LaTeX Info: Redefining \. on input line 939.
LaTeX Info: Redefining \% on input line 939.
[147]
LaTeX Info: Redefining \. on input line 1010.
LaTeX Info: Redefining \% on input line 1010.


Package fancyhdr Warning: \headheight is too small (12.0pt): 
(fancyhdr)                Make it at least 13.07225pt, for example:
(fancyhdr)                \setlength{\headheight}{13.07225pt}.
(fancyhdr)                You might also make \topmargin smaller to compensate:

(fancyhdr)                \addtolength{\topmargin}{-1.07225pt}.

LaTeX Info: Redefining \. on input line 1010.
LaTeX Info: Redefining \% on input line 1010.
[148]
Underfull \hbox (badness 10000) in paragraph at lines 1064--1065

 []

LaTeX Info: Redefining \. on input line 1081.
LaTeX Info: Redefining \% on input line 1081.

Package fancyhdr Warning: \headheight is too small (12.0pt): 
(fancyhdr)                Make it at least 13.07225pt, for example:
(fancyhdr)                \setlength{\headheight}{13.07225pt}.
(fancyhdr)                You might also make \topmargin smaller to compensate:

(fancyhdr)                \addtolength{\topmargin}{-1.07225pt}.

LaTeX Info: Redefining \. on input line 1081.
LaTeX Info: Redefining \% on input line 1081.
[149])
LaTeX Info: Redefining \. on input line 131.
LaTeX Info: Redefining \% on input line 131.


Package fancyhdr Warning: \headheight is too small (12.0pt): 
(fancyhdr)                Make it at least 13.07225pt, for example:
(fancyhdr)                \setlength{\headheight}{13.07225pt}.
(fancyhdr)                You might also make \topmargin smaller to compensate:

(fancyhdr)                \addtolength{\topmargin}{-1.07225pt}.

LaTeX Info: Redefining \. on input line 131.
LaTeX Info: Redefining \% on input line 131.
[150] [151

]
Cap\'{\i }tulo 6.
(./Capitulo1.tex [152

]
LaTeX Info: Redefining \. on input line 87.
LaTeX Info: Redefining \% on input line 87.


Package fancyhdr Warning: \headheight is too small (12.0pt): 
(fancyhdr)                Make it at least 13.07225pt, for example:
(fancyhdr)                \setlength{\headheight}{13.07225pt}.
(fancyhdr)                You might also make \topmargin smaller to compensate:

(fancyhdr)                \addtolength{\topmargin}{-1.07225pt}.

LaTeX Info: Redefining \. on input line 87.
LaTeX Info: Redefining \% on input line 87.
[153]
Overfull \hbox (53.327pt too wide) in alignment at lines 126--129
 [][][] []
 []

LaTeX Info: Redefining \. on input line 140.
LaTeX Info: Redefining \% on input line 140.

Package fancyhdr Warning: \headheight is too small (12.0pt): 
(fancyhdr)                Make it at least 13.07225pt, for example:
(fancyhdr)                \setlength{\headheight}{13.07225pt}.
(fancyhdr)                You might also make \topmargin smaller to compensate:

(fancyhdr)                \addtolength{\topmargin}{-1.07225pt}.

LaTeX Info: Redefining \. on input line 140.
LaTeX Info: Redefining \% on input line 140.
[154]
LaTeX Info: Redefining \. on input line 202.
LaTeX Info: Redefining \% on input line 202.


Package fancyhdr Warning: \headheight is too small (12.0pt): 
(fancyhdr)                Make it at least 13.07225pt, for example:
(fancyhdr)                \setlength{\headheight}{13.07225pt}.
(fancyhdr)                You might also make \topmargin smaller to compensate:

(fancyhdr)                \addtolength{\topmargin}{-1.07225pt}.

LaTeX Info: Redefining \. on input line 202.
LaTeX Info: Redefining \% on input line 202.
[155]
LaTeX Info: Redefining \. on input line 259.
LaTeX Info: Redefining \% on input line 259.


Package fancyhdr Warning: \headheight is too small (12.0pt): 
(fancyhdr)                Make it at least 13.07225pt, for example:
(fancyhdr)                \setlength{\headheight}{13.07225pt}.
(fancyhdr)                You might also make \topmargin smaller to compensate:

(fancyhdr)                \addtolength{\topmargin}{-1.07225pt}.

LaTeX Info: Redefining \. on input line 259.
LaTeX Info: Redefining \% on input line 259.
[156]
LaTeX Info: Redefining \. on input line 312.
LaTeX Info: Redefining \% on input line 312.


Package fancyhdr Warning: \headheight is too small (12.0pt): 
(fancyhdr)                Make it at least 13.07225pt, for example:
(fancyhdr)                \setlength{\headheight}{13.07225pt}.
(fancyhdr)                You might also make \topmargin smaller to compensate:

(fancyhdr)                \addtolength{\topmargin}{-1.07225pt}.

LaTeX Info: Redefining \. on input line 312.
LaTeX Info: Redefining \% on input line 312.
[157]
LaTeX Info: Redefining \. on input line 379.
LaTeX Info: Redefining \% on input line 379.


Package fancyhdr Warning: \headheight is too small (12.0pt): 
(fancyhdr)                Make it at least 13.07225pt, for example:
(fancyhdr)                \setlength{\headheight}{13.07225pt}.
(fancyhdr)                You might also make \topmargin smaller to compensate:

(fancyhdr)                \addtolength{\topmargin}{-1.07225pt}.

LaTeX Info: Redefining \. on input line 379.
LaTeX Info: Redefining \% on input line 379.
[158])
LaTeX Info: Redefining \. on input line 137.
LaTeX Info: Redefining \% on input line 137.


Package fancyhdr Warning: \headheight is too small (12.0pt): 
(fancyhdr)                Make it at least 13.07225pt, for example:
(fancyhdr)                \setlength{\headheight}{13.07225pt}.
(fancyhdr)                You might also make \topmargin smaller to compensate:

(fancyhdr)                \addtolength{\topmargin}{-1.07225pt}.

LaTeX Info: Redefining \. on input line 137.
LaTeX Info: Redefining \% on input line 137.
[159]
Cap\'{\i }tulo 7.
(./Capitulo2.tex [160

]
LaTeX Info: Redefining \. on input line 87.
LaTeX Info: Redefining \% on input line 87.


Package fancyhdr Warning: \headheight is too small (12.0pt): 
(fancyhdr)                Make it at least 13.07225pt, for example:
(fancyhdr)                \setlength{\headheight}{13.07225pt}.
(fancyhdr)                You might also make \topmargin smaller to compensate:

(fancyhdr)                \addtolength{\topmargin}{-1.07225pt}.

LaTeX Info: Redefining \. on input line 87.
LaTeX Info: Redefining \% on input line 87.
[161]
LaTeX Info: Redefining \. on input line 144.
LaTeX Info: Redefining \% on input line 144.


Package fancyhdr Warning: \headheight is too small (12.0pt): 
(fancyhdr)                Make it at least 13.07225pt, for example:
(fancyhdr)                \setlength{\headheight}{13.07225pt}.
(fancyhdr)                You might also make \topmargin smaller to compensate:

(fancyhdr)                \addtolength{\topmargin}{-1.07225pt}.

LaTeX Info: Redefining \. on input line 144.
LaTeX Info: Redefining \% on input line 144.
[162]
LaTeX Info: Redefining \. on input line 195.
LaTeX Info: Redefining \% on input line 195.


Package fancyhdr Warning: \headheight is too small (12.0pt): 
(fancyhdr)                Make it at least 13.07225pt, for example:
(fancyhdr)                \setlength{\headheight}{13.07225pt}.
(fancyhdr)                You might also make \topmargin smaller to compensate:

(fancyhdr)                \addtolength{\topmargin}{-1.07225pt}.

LaTeX Info: Redefining \. on input line 195.
LaTeX Info: Redefining \% on input line 195.
[163]
LaTeX Info: Redefining \. on input line 252.
LaTeX Info: Redefining \% on input line 252.


Package fancyhdr Warning: \headheight is too small (12.0pt): 
(fancyhdr)                Make it at least 13.07225pt, for example:
(fancyhdr)                \setlength{\headheight}{13.07225pt}.
(fancyhdr)                You might also make \topmargin smaller to compensate:

(fancyhdr)                \addtolength{\topmargin}{-1.07225pt}.

LaTeX Info: Redefining \. on input line 252.
LaTeX Info: Redefining \% on input line 252.
[164]
LaTeX Info: Redefining \. on input line 299.
LaTeX Info: Redefining \% on input line 299.


Package fancyhdr Warning: \headheight is too small (12.0pt): 
(fancyhdr)                Make it at least 13.07225pt, for example:
(fancyhdr)                \setlength{\headheight}{13.07225pt}.
(fancyhdr)                You might also make \topmargin smaller to compensate:

(fancyhdr)                \addtolength{\topmargin}{-1.07225pt}.

LaTeX Info: Redefining \. on input line 299.
LaTeX Info: Redefining \% on input line 299.
[165])
LaTeX Info: Redefining \. on input line 140.
LaTeX Info: Redefining \% on input line 140.


Package fancyhdr Warning: \headheight is too small (12.0pt): 
(fancyhdr)                Make it at least 13.07225pt, for example:
(fancyhdr)                \setlength{\headheight}{13.07225pt}.
(fancyhdr)                You might also make \topmargin smaller to compensate:

(fancyhdr)                \addtolength{\topmargin}{-1.07225pt}.

LaTeX Info: Redefining \. on input line 140.
LaTeX Info: Redefining \% on input line 140.
[166]
Cap\'{\i }tulo 8.

Overfull \hbox (2.22464pt too wide) in paragraph at lines 140--140
|\OT1/cmr/bx/n/24.88 Matem^^Sati-cas Detr^^Sas de la Re-gre-si^^Son
 []

(./Capitulo3.tex [167

]
Overfull \hbox (12.8218pt too wide) in alignment at lines 46--48
 [][][] []
 []

LaTeX Info: Redefining \. on input line 84.
LaTeX Info: Redefining \% on input line 84.

Package fancyhdr Warning: \headheight is too small (12.0pt): 
(fancyhdr)                Make it at least 13.07225pt, for example:
(fancyhdr)                \setlength{\headheight}{13.07225pt}.
(fancyhdr)                You might also make \topmargin smaller to compensate:

(fancyhdr)                \addtolength{\topmargin}{-1.07225pt}.

LaTeX Info: Redefining \. on input line 84.
LaTeX Info: Redefining \% on input line 84.
[168])
LaTeX Info: Redefining \. on input line 143.
LaTeX Info: Redefining \% on input line 143.


Package fancyhdr Warning: \headheight is too small (12.0pt): 
(fancyhdr)                Make it at least 13.07225pt, for example:
(fancyhdr)                \setlength{\headheight}{13.07225pt}.
(fancyhdr)                You might also make \topmargin smaller to compensate:

(fancyhdr)                \addtolength{\topmargin}{-1.07225pt}.

LaTeX Info: Redefining \. on input line 143.
LaTeX Info: Redefining \% on input line 143.
[169]
Cap\'{\i }tulo 9.
(./Capitulo4.tex [170

]
LaTeX Info: Redefining \. on input line 86.
LaTeX Info: Redefining \% on input line 86.


Package fancyhdr Warning: \headheight is too small (12.0pt): 
(fancyhdr)                Make it at least 13.07225pt, for example:
(fancyhdr)                \setlength{\headheight}{13.07225pt}.
(fancyhdr)                You might also make \topmargin smaller to compensate:

(fancyhdr)                \addtolength{\topmargin}{-1.07225pt}.

LaTeX Info: Redefining \. on input line 86.
LaTeX Info: Redefining \% on input line 86.
[171]
LaTeX Info: Redefining \. on input line 140.
LaTeX Info: Redefining \% on input line 140.


Package fancyhdr Warning: \headheight is too small (12.0pt): 
(fancyhdr)                Make it at least 13.07225pt, for example:
(fancyhdr)                \setlength{\headheight}{13.07225pt}.
(fancyhdr)                You might also make \topmargin smaller to compensate:

(fancyhdr)                \addtolength{\topmargin}{-1.07225pt}.

LaTeX Info: Redefining \. on input line 140.
LaTeX Info: Redefining \% on input line 140.
[172])
LaTeX Info: Redefining \. on input line 146.
LaTeX Info: Redefining \% on input line 146.


Package fancyhdr Warning: \headheight is too small (12.0pt): 
(fancyhdr)                Make it at least 13.07225pt, for example:
(fancyhdr)                \setlength{\headheight}{13.07225pt}.
(fancyhdr)                You might also make \topmargin smaller to compensate:

(fancyhdr)                \addtolength{\topmargin}{-1.07225pt}.

LaTeX Info: Redefining \. on input line 146.
LaTeX Info: Redefining \% on input line 146.
[173]
Cap\'{\i }tulo 10.
(./Capitulo5.tex

LaTeX Warning: `h' float specifier changed to `ht'.

[174

]
LaTeX Info: Redefining \. on input line 89.
LaTeX Info: Redefining \% on input line 89.


Package fancyhdr Warning: \headheight is too small (12.0pt): 
(fancyhdr)                Make it at least 13.07225pt, for example:
(fancyhdr)                \setlength{\headheight}{13.07225pt}.
(fancyhdr)                You might also make \topmargin smaller to compensate:

(fancyhdr)                \addtolength{\topmargin}{-1.07225pt}.

LaTeX Info: Redefining \. on input line 89.
LaTeX Info: Redefining \% on input line 89.
[175])
LaTeX Info: Redefining \. on input line 149.
LaTeX Info: Redefining \% on input line 149.


Package fancyhdr Warning: \headheight is too small (12.0pt): 
(fancyhdr)                Make it at least 13.07225pt, for example:
(fancyhdr)                \setlength{\headheight}{13.07225pt}.
(fancyhdr)                You might also make \topmargin smaller to compensate:

(fancyhdr)                \addtolength{\topmargin}{-1.07225pt}.

LaTeX Info: Redefining \. on input line 149.
LaTeX Info: Redefining \% on input line 149.
[176]
Cap\'{\i }tulo 11.
(./Capitulo6.tex [177

]
LaTeX Info: Redefining \. on input line 89.
LaTeX Info: Redefining \% on input line 89.


Package fancyhdr Warning: \headheight is too small (12.0pt): 
(fancyhdr)                Make it at least 13.07225pt, for example:
(fancyhdr)                \setlength{\headheight}{13.07225pt}.
(fancyhdr)                You might also make \topmargin smaller to compensate:

(fancyhdr)                \addtolength{\topmargin}{-1.07225pt}.

LaTeX Info: Redefining \. on input line 89.
LaTeX Info: Redefining \% on input line 89.
[178])
LaTeX Info: Redefining \. on input line 152.
LaTeX Info: Redefining \% on input line 152.


Package fancyhdr Warning: \headheight is too small (12.0pt): 
(fancyhdr)                Make it at least 13.07225pt, for example:
(fancyhdr)                \setlength{\headheight}{13.07225pt}.
(fancyhdr)                You might also make \topmargin smaller to compensate:

(fancyhdr)                \addtolength{\topmargin}{-1.07225pt}.

LaTeX Info: Redefining \. on input line 152.
LaTeX Info: Redefining \% on input line 152.
[179]
Cap\'{\i }tulo 12.
(./Capitulo7.tex [180

]
LaTeX Info: Redefining \. on input line 93.
LaTeX Info: Redefining \% on input line 93.


Package fancyhdr Warning: \headheight is too small (12.0pt): 
(fancyhdr)                Make it at least 13.07225pt, for example:
(fancyhdr)                \setlength{\headheight}{13.07225pt}.
(fancyhdr)                You might also make \topmargin smaller to compensate:

(fancyhdr)                \addtolength{\topmargin}{-1.07225pt}.

LaTeX Info: Redefining \. on input line 93.
LaTeX Info: Redefining \% on input line 93.
[181])
LaTeX Info: Redefining \. on input line 155.
LaTeX Info: Redefining \% on input line 155.


Package fancyhdr Warning: \headheight is too small (12.0pt): 
(fancyhdr)                Make it at least 13.07225pt, for example:
(fancyhdr)                \setlength{\headheight}{13.07225pt}.
(fancyhdr)                You might also make \topmargin smaller to compensate:

(fancyhdr)                \addtolength{\topmargin}{-1.07225pt}.

LaTeX Info: Redefining \. on input line 155.
LaTeX Info: Redefining \% on input line 155.
[182]
Cap\'{\i }tulo 13.
(./Capitulo8.tex [183

])
LaTeX Info: Redefining \. on input line 158.
LaTeX Info: Redefining \% on input line 158.


Package fancyhdr Warning: \headheight is too small (12.0pt): 
(fancyhdr)                Make it at least 13.07225pt, for example:
(fancyhdr)                \setlength{\headheight}{13.07225pt}.
(fancyhdr)                You might also make \topmargin smaller to compensate:

(fancyhdr)                \addtolength{\topmargin}{-1.07225pt}.

LaTeX Info: Redefining \. on input line 158.
LaTeX Info: Redefining \% on input line 158.
[184]
Cap\'{\i }tulo 14.

Overfull \hbox (23.52231pt too wide) in paragraph at lines 158--158
|\OT1/cmr/bx/n/24.88 Implementaci^^Son de Re-gre-si^^Son Log^^S^^Psti-
 []

(./Capitulo9.tex [185

])
LaTeX Info: Redefining \. on input line 161.
LaTeX Info: Redefining \% on input line 161.


Package fancyhdr Warning: \headheight is too small (12.0pt): 
(fancyhdr)                Make it at least 13.07225pt, for example:
(fancyhdr)                \setlength{\headheight}{13.07225pt}.
(fancyhdr)                You might also make \topmargin smaller to compensate:

(fancyhdr)                \addtolength{\topmargin}{-1.07225pt}.

LaTeX Info: Redefining \. on input line 161.
LaTeX Info: Redefining \% on input line 161.
[186]
Cap\'{\i }tulo 15.
(./Capitulo10.tex [187

])
LaTeX Info: Redefining \. on input line 165.
LaTeX Info: Redefining \% on input line 165.


Package fancyhdr Warning: \headheight is too small (12.0pt): 
(fancyhdr)                Make it at least 13.07225pt, for example:
(fancyhdr)                \setlength{\headheight}{13.07225pt}.
(fancyhdr)                You might also make \topmargin smaller to compensate:

(fancyhdr)                \addtolength{\topmargin}{-1.07225pt}.

LaTeX Info: Redefining \. on input line 165.
LaTeX Info: Redefining \% on input line 165.
[188] [189

]
Cap\'{\i }tulo 16.
(./Capitulo11.tex [190

]
LaTeX Info: Redefining \. on input line 67.
LaTeX Info: Redefining \% on input line 67.


Package fancyhdr Warning: \headheight is too small (12.0pt): 
(fancyhdr)                Make it at least 13.07225pt, for example:
(fancyhdr)                \setlength{\headheight}{13.07225pt}.
(fancyhdr)                You might also make \topmargin smaller to compensate:

(fancyhdr)                \addtolength{\topmargin}{-1.07225pt}.

LaTeX Info: Redefining \. on input line 67.
LaTeX Info: Redefining \% on input line 67.
[191])
LaTeX Info: Redefining \. on input line 171.
LaTeX Info: Redefining \% on input line 171.


Package fancyhdr Warning: \headheight is too small (12.0pt): 
(fancyhdr)                Make it at least 13.07225pt, for example:
(fancyhdr)                \setlength{\headheight}{13.07225pt}.
(fancyhdr)                You might also make \topmargin smaller to compensate:

(fancyhdr)                \addtolength{\topmargin}{-1.07225pt}.

LaTeX Info: Redefining \. on input line 171.
LaTeX Info: Redefining \% on input line 171.
[192]
Cap\'{\i }tulo 17.

Overfull \hbox (0.28935pt too wide) in paragraph at lines 171--171
|\OT1/cmr/bx/n/24.88 Funci^^Son de Su-per-vi-ven-cia y Fun-ci^^Son
 []

(./Capitulo12.tex

Package hyperref Warning: Token not allowed in a PDF string (Unicode):
(hyperref)                removing `math shift' on input line 19.


Package hyperref Warning: Token not allowed in a PDF string (Unicode):
(hyperref)                removing `math shift' on input line 19.


Package hyperref Warning: Token not allowed in a PDF string (Unicode):
(hyperref)                removing `math shift' on input line 29.


Package hyperref Warning: Token not allowed in a PDF string (Unicode):
(hyperref)                removing `math shift' on input line 29.

[193

]

Package hyperref Warning: Token not allowed in a PDF string (Unicode):
(hyperref)                removing `math shift' on input line 49.


Package hyperref Warning: Token not allowed in a PDF string (Unicode):
(hyperref)                removing `\lambda' on input line 49.


Package hyperref Warning: Token not allowed in a PDF string (Unicode):
(hyperref)                removing `math shift' on input line 49.


Package hyperref Warning: Token not allowed in a PDF string (Unicode):
(hyperref)                removing `math shift' on input line 49.


Package hyperref Warning: Token not allowed in a PDF string (Unicode):
(hyperref)                removing `math shift' on input line 49.


Package hyperref Warning: Token not allowed in a PDF string (Unicode):
(hyperref)                removing `math shift' on input line 55.


Package hyperref Warning: Token not allowed in a PDF string (Unicode):
(hyperref)                removing `\lambda' on input line 55.


Package hyperref Warning: Token not allowed in a PDF string (Unicode):
(hyperref)                removing `math shift' on input line 55.

LaTeX Info: Redefining \. on input line 77.
LaTeX Info: Redefining \% on input line 77.

Package fancyhdr Warning: \headheight is too small (12.0pt): 
(fancyhdr)                Make it at least 13.07225pt, for example:
(fancyhdr)                \setlength{\headheight}{13.07225pt}.
(fancyhdr)                You might also make \topmargin smaller to compensate:

(fancyhdr)                \addtolength{\topmargin}{-1.07225pt}.

LaTeX Info: Redefining \. on input line 77.
LaTeX Info: Redefining \% on input line 77.
[194]

Package hyperref Warning: Token not allowed in a PDF string (Unicode):
(hyperref)                removing `math shift' on input line 82.


Package hyperref Warning: Token not allowed in a PDF string (Unicode):
(hyperref)                removing `\lambda' on input line 82.


Package hyperref Warning: Token not allowed in a PDF string (Unicode):
(hyperref)                removing `math shift' on input line 82.

LaTeX Info: Redefining \. on input line 116.
LaTeX Info: Redefining \% on input line 116.

Package fancyhdr Warning: \headheight is too small (12.0pt): 
(fancyhdr)                Make it at least 13.07225pt, for example:
(fancyhdr)                \setlength{\headheight}{13.07225pt}.
(fancyhdr)                You might also make \topmargin smaller to compensate:

(fancyhdr)                \addtolength{\topmargin}{-1.07225pt}.

LaTeX Info: Redefining \. on input line 116.
LaTeX Info: Redefining \% on input line 116.
[195])
LaTeX Info: Redefining \. on input line 174.
LaTeX Info: Redefining \% on input line 174.


Package fancyhdr Warning: \headheight is too small (12.0pt): 
(fancyhdr)                Make it at least 13.07225pt, for example:
(fancyhdr)                \setlength{\headheight}{13.07225pt}.
(fancyhdr)                You might also make \topmargin smaller to compensate:

(fancyhdr)                \addtolength{\topmargin}{-1.07225pt}.

LaTeX Info: Redefining \. on input line 174.
LaTeX Info: Redefining \% on input line 174.
[196]
Cap\'{\i }tulo 18.
(./Capitulo13.tex [197

]
LaTeX Info: Redefining \. on input line 79.
LaTeX Info: Redefining \% on input line 79.


Package fancyhdr Warning: \headheight is too small (12.0pt): 
(fancyhdr)                Make it at least 13.07225pt, for example:
(fancyhdr)                \setlength{\headheight}{13.07225pt}.
(fancyhdr)                You might also make \topmargin smaller to compensate:

(fancyhdr)                \addtolength{\topmargin}{-1.07225pt}.

LaTeX Info: Redefining \. on input line 79.
LaTeX Info: Redefining \% on input line 79.
[198]
LaTeX Info: Redefining \. on input line 112.
LaTeX Info: Redefining \% on input line 112.


Package fancyhdr Warning: \headheight is too small (12.0pt): 
(fancyhdr)                Make it at least 13.07225pt, for example:
(fancyhdr)                \setlength{\headheight}{13.07225pt}.
(fancyhdr)                You might also make \topmargin smaller to compensate:

(fancyhdr)                \addtolength{\topmargin}{-1.07225pt}.

LaTeX Info: Redefining \. on input line 112.
LaTeX Info: Redefining \% on input line 112.
[199])
LaTeX Info: Redefining \. on input line 177.
LaTeX Info: Redefining \% on input line 177.


Package fancyhdr Warning: \headheight is too small (12.0pt): 
(fancyhdr)                Make it at least 13.07225pt, for example:
(fancyhdr)                \setlength{\headheight}{13.07225pt}.
(fancyhdr)                You might also make \topmargin smaller to compensate:

(fancyhdr)                \addtolength{\topmargin}{-1.07225pt}.

LaTeX Info: Redefining \. on input line 177.
LaTeX Info: Redefining \% on input line 177.
[200]
Cap\'{\i }tulo 19.
(./Capitulo14.tex

Package hyperref Warning: Token not allowed in a PDF string (Unicode):
(hyperref)                removing `math shift' on input line 20.


Package hyperref Warning: Token not allowed in a PDF string (Unicode):
(hyperref)                removing `subscript' on input line 20.


Package hyperref Warning: Token not allowed in a PDF string (Unicode):
(hyperref)                removing `math shift' on input line 20.


Package hyperref Warning: Token not allowed in a PDF string (Unicode):
(hyperref)                removing `math shift' on input line 20.


Package hyperref Warning: Token not allowed in a PDF string (Unicode):
(hyperref)                removing `subscript' on input line 20.


Package hyperref Warning: Token not allowed in a PDF string (Unicode):
(hyperref)                removing `math shift' on input line 20.

[201

])
LaTeX Info: Redefining \. on input line 180.
LaTeX Info: Redefining \% on input line 180.


Package fancyhdr Warning: \headheight is too small (12.0pt): 
(fancyhdr)                Make it at least 13.07225pt, for example:
(fancyhdr)                \setlength{\headheight}{13.07225pt}.
(fancyhdr)                You might also make \topmargin smaller to compensate:

(fancyhdr)                \addtolength{\topmargin}{-1.07225pt}.

LaTeX Info: Redefining \. on input line 180.
LaTeX Info: Redefining \% on input line 180.
[202]
Cap\'{\i }tulo 20.
(./Capitulo15.tex [203

]
LaTeX Info: Redefining \. on input line 76.
LaTeX Info: Redefining \% on input line 76.


Package fancyhdr Warning: \headheight is too small (12.0pt): 
(fancyhdr)                Make it at least 13.07225pt, for example:
(fancyhdr)                \setlength{\headheight}{13.07225pt}.
(fancyhdr)                You might also make \topmargin smaller to compensate:

(fancyhdr)                \addtolength{\topmargin}{-1.07225pt}.

LaTeX Info: Redefining \. on input line 76.
LaTeX Info: Redefining \% on input line 76.
[204])
LaTeX Info: Redefining \. on input line 183.
LaTeX Info: Redefining \% on input line 183.


Package fancyhdr Warning: \headheight is too small (12.0pt): 
(fancyhdr)                Make it at least 13.07225pt, for example:
(fancyhdr)                \setlength{\headheight}{13.07225pt}.
(fancyhdr)                You might also make \topmargin smaller to compensate:

(fancyhdr)                \addtolength{\topmargin}{-1.07225pt}.

LaTeX Info: Redefining \. on input line 183.
LaTeX Info: Redefining \% on input line 183.
[205]
Cap\'{\i }tulo 21.
(./Capitulo16.tex [206

])
LaTeX Info: Redefining \. on input line 186.
LaTeX Info: Redefining \% on input line 186.


Package fancyhdr Warning: \headheight is too small (12.0pt): 
(fancyhdr)                Make it at least 13.07225pt, for example:
(fancyhdr)                \setlength{\headheight}{13.07225pt}.
(fancyhdr)                You might also make \topmargin smaller to compensate:

(fancyhdr)                \addtolength{\topmargin}{-1.07225pt}.

LaTeX Info: Redefining \. on input line 186.
LaTeX Info: Redefining \% on input line 186.
[207]
Cap\'{\i }tulo 22.
(./Capitulo17.tex [208

]
LaTeX Info: Redefining \. on input line 80.
LaTeX Info: Redefining \% on input line 80.


Package fancyhdr Warning: \headheight is too small (12.0pt): 
(fancyhdr)                Make it at least 13.07225pt, for example:
(fancyhdr)                \setlength{\headheight}{13.07225pt}.
(fancyhdr)                You might also make \topmargin smaller to compensate:

(fancyhdr)                \addtolength{\topmargin}{-1.07225pt}.

LaTeX Info: Redefining \. on input line 80.
LaTeX Info: Redefining \% on input line 80.
[209])
LaTeX Info: Redefining \. on input line 189.
LaTeX Info: Redefining \% on input line 189.


Package fancyhdr Warning: \headheight is too small (12.0pt): 
(fancyhdr)                Make it at least 13.07225pt, for example:
(fancyhdr)                \setlength{\headheight}{13.07225pt}.
(fancyhdr)                You might also make \topmargin smaller to compensate:

(fancyhdr)                \addtolength{\topmargin}{-1.07225pt}.

LaTeX Info: Redefining \. on input line 189.
LaTeX Info: Redefining \% on input line 189.
[210]
Cap\'{\i }tulo 23.
(./Capitulo18.tex [211

])
LaTeX Info: Redefining \. on input line 192.
LaTeX Info: Redefining \% on input line 192.


Package fancyhdr Warning: \headheight is too small (12.0pt): 
(fancyhdr)                Make it at least 13.07225pt, for example:
(fancyhdr)                \setlength{\headheight}{13.07225pt}.
(fancyhdr)                You might also make \topmargin smaller to compensate:

(fancyhdr)                \addtolength{\topmargin}{-1.07225pt}.

LaTeX Info: Redefining \. on input line 192.
LaTeX Info: Redefining \% on input line 192.
[212]
LaTeX Info: Redefining \. on input line 192.
LaTeX Info: Redefining \% on input line 192.


Package fancyhdr Warning: \headheight is too small (12.0pt): 
(fancyhdr)                Make it at least 13.07225pt, for example:
(fancyhdr)                \setlength{\headheight}{13.07225pt}.
(fancyhdr)                You might also make \topmargin smaller to compensate:

(fancyhdr)                \addtolength{\topmargin}{-1.07225pt}.

LaTeX Info: Redefining \. on input line 192.
LaTeX Info: Redefining \% on input line 192.
[213]
Cap\'{\i }tulo 24.
(./Capitulo19.tex [214

])
LaTeX Info: Redefining \. on input line 194.
LaTeX Info: Redefining \% on input line 194.


Package fancyhdr Warning: \headheight is too small (12.0pt): 
(fancyhdr)                Make it at least 13.07225pt, for example:
(fancyhdr)                \setlength{\headheight}{13.07225pt}.
(fancyhdr)                You might also make \topmargin smaller to compensate:

(fancyhdr)                \addtolength{\topmargin}{-1.07225pt}.

LaTeX Info: Redefining \. on input line 194.
LaTeX Info: Redefining \% on input line 194.
[215]
Cap\'{\i }tulo 25.
(./Capitulo20.tex [216

])
LaTeX Info: Redefining \. on input line 198.
LaTeX Info: Redefining \% on input line 198.


Package fancyhdr Warning: \headheight is too small (12.0pt): 
(fancyhdr)                Make it at least 13.07225pt, for example:
(fancyhdr)                \setlength{\headheight}{13.07225pt}.
(fancyhdr)                You might also make \topmargin smaller to compensate:

(fancyhdr)                \addtolength{\topmargin}{-1.07225pt}.

LaTeX Info: Redefining \. on input line 198.
LaTeX Info: Redefining \% on input line 198.
[217] [218

]
Cap\'{\i }tulo 26.
[219

]
Cap\'{\i }tulo 27.
(./Takagi.tex [220

]
LaTeX Info: Redefining \. on input line 98.
LaTeX Info: Redefining \% on input line 98.


Package fancyhdr Warning: \headheight is too small (12.0pt): 
(fancyhdr)                Make it at least 13.07225pt, for example:
(fancyhdr)                \setlength{\headheight}{13.07225pt}.
(fancyhdr)                You might also make \topmargin smaller to compensate:

(fancyhdr)                \addtolength{\topmargin}{-1.07225pt}.

LaTeX Info: Redefining \. on input line 98.
LaTeX Info: Redefining \% on input line 98.
[221]
LaTeX Info: Redefining \. on input line 154.
LaTeX Info: Redefining \% on input line 154.


Package fancyhdr Warning: \headheight is too small (12.0pt): 
(fancyhdr)                Make it at least 13.07225pt, for example:
(fancyhdr)                \setlength{\headheight}{13.07225pt}.
(fancyhdr)                You might also make \topmargin smaller to compensate:

(fancyhdr)                \addtolength{\topmargin}{-1.07225pt}.

LaTeX Info: Redefining \. on input line 154.
LaTeX Info: Redefining \% on input line 154.
[222]
LaTeX Info: Redefining \. on input line 238.
LaTeX Info: Redefining \% on input line 238.


Package fancyhdr Warning: \headheight is too small (12.0pt): 
(fancyhdr)                Make it at least 13.07225pt, for example:
(fancyhdr)                \setlength{\headheight}{13.07225pt}.
(fancyhdr)                You might also make \topmargin smaller to compensate:

(fancyhdr)                \addtolength{\topmargin}{-1.07225pt}.

LaTeX Info: Redefining \. on input line 238.
LaTeX Info: Redefining \% on input line 238.
[223]
LaTeX Info: Redefining \. on input line 302.
LaTeX Info: Redefining \% on input line 302.


Package fancyhdr Warning: \headheight is too small (12.0pt): 
(fancyhdr)                Make it at least 13.07225pt, for example:
(fancyhdr)                \setlength{\headheight}{13.07225pt}.
(fancyhdr)                You might also make \topmargin smaller to compensate:

(fancyhdr)                \addtolength{\topmargin}{-1.07225pt}.

LaTeX Info: Redefining \. on input line 302.
LaTeX Info: Redefining \% on input line 302.
[224]
LaTeX Info: Redefining \. on input line 367.
LaTeX Info: Redefining \% on input line 367.


Package fancyhdr Warning: \headheight is too small (12.0pt): 
(fancyhdr)                Make it at least 13.07225pt, for example:
(fancyhdr)                \setlength{\headheight}{13.07225pt}.
(fancyhdr)                You might also make \topmargin smaller to compensate:

(fancyhdr)                \addtolength{\topmargin}{-1.07225pt}.

LaTeX Info: Redefining \. on input line 367.
LaTeX Info: Redefining \% on input line 367.
[225]
LaTeX Info: Redefining \. on input line 411.
LaTeX Info: Redefining \% on input line 411.


Package fancyhdr Warning: \headheight is too small (12.0pt): 
(fancyhdr)                Make it at least 13.07225pt, for example:
(fancyhdr)                \setlength{\headheight}{13.07225pt}.
(fancyhdr)                You might also make \topmargin smaller to compensate:

(fancyhdr)                \addtolength{\topmargin}{-1.07225pt}.

LaTeX Info: Redefining \. on input line 411.
LaTeX Info: Redefining \% on input line 411.
[226]
LaTeX Info: Redefining \. on input line 451.
LaTeX Info: Redefining \% on input line 451.


Package fancyhdr Warning: \headheight is too small (12.0pt): 
(fancyhdr)                Make it at least 13.07225pt, for example:
(fancyhdr)                \setlength{\headheight}{13.07225pt}.
(fancyhdr)                You might also make \topmargin smaller to compensate:

(fancyhdr)                \addtolength{\topmargin}{-1.07225pt}.

LaTeX Info: Redefining \. on input line 451.
LaTeX Info: Redefining \% on input line 451.
[227]
LaTeX Info: Redefining \. on input line 500.
LaTeX Info: Redefining \% on input line 500.


Package fancyhdr Warning: \headheight is too small (12.0pt): 
(fancyhdr)                Make it at least 13.07225pt, for example:
(fancyhdr)                \setlength{\headheight}{13.07225pt}.
(fancyhdr)                You might also make \topmargin smaller to compensate:

(fancyhdr)                \addtolength{\topmargin}{-1.07225pt}.

LaTeX Info: Redefining \. on input line 500.
LaTeX Info: Redefining \% on input line 500.
[228]
LaTeX Info: Redefining \. on input line 555.
LaTeX Info: Redefining \% on input line 555.


Package fancyhdr Warning: \headheight is too small (12.0pt): 
(fancyhdr)                Make it at least 13.07225pt, for example:
(fancyhdr)                \setlength{\headheight}{13.07225pt}.
(fancyhdr)                You might also make \topmargin smaller to compensate:

(fancyhdr)                \addtolength{\topmargin}{-1.07225pt}.

LaTeX Info: Redefining \. on input line 555.
LaTeX Info: Redefining \% on input line 555.
[229]
Underfull \hbox (badness 10000) in paragraph at lines 575--579

 []


Underfull \hbox (badness 10000) in paragraph at lines 580--581

 []


LaTeX Warning: Reference `Eq.7.5.1' on page 230 undefined on input line 583.


LaTeX Warning: Reference `Eq.7.5.2' on page 230 undefined on input line 584.


Underfull \hbox (badness 10000) in paragraph at lines 582--585

 []


LaTeX Warning: Reference `Eq.7.5.1' on page 230 undefined on input line 593.


LaTeX Warning: Reference `Eq.7.5.4' on page 230 undefined on input line 616.


Underfull \hbox (badness 10000) in paragraph at lines 616--617

 []


LaTeX Warning: Reference `Eq.7.5.4' on page 230 undefined on input line 618.

LaTeX Info: Redefining \. on input line 619.
LaTeX Info: Redefining \% on input line 619.

Package fancyhdr Warning: \headheight is too small (12.0pt): 
(fancyhdr)                Make it at least 13.07225pt, for example:
(fancyhdr)                \setlength{\headheight}{13.07225pt}.
(fancyhdr)                You might also make \topmargin smaller to compensate:

(fancyhdr)                \addtolength{\topmargin}{-1.07225pt}.

LaTeX Info: Redefining \. on input line 619.
LaTeX Info: Redefining \% on input line 619.
[230])
LaTeX Info: Redefining \. on input line 207.
LaTeX Info: Redefining \% on input line 207.


Package fancyhdr Warning: \headheight is too small (12.0pt): 
(fancyhdr)                Make it at least 13.07225pt, for example:
(fancyhdr)                \setlength{\headheight}{13.07225pt}.
(fancyhdr)                You might also make \topmargin smaller to compensate:

(fancyhdr)                \addtolength{\topmargin}{-1.07225pt}.

LaTeX Info: Redefining \. on input line 207.
LaTeX Info: Redefining \% on input line 207.
[231]
Cap\'{\i }tulo 28.

! LaTeX Error: File `CadenasMarkov.tex' not found.

Type X to quit or <RETURN> to proceed,
or enter new name. (Default extension: tex)

Enter file name: 
(/usr/local/texlive/2024/texmf-dist/tex/latex/tools/.tex File ignored) [232

]
Cap\'{\i }tulo 29.
(./ProcesosEstocasticos.tex [233

]
LaTeX Info: Redefining \. on input line 147.
LaTeX Info: Redefining \% on input line 147.


Package fancyhdr Warning: \headheight is too small (12.0pt): 
(fancyhdr)                Make it at least 13.07225pt, for example:
(fancyhdr)                \setlength{\headheight}{13.07225pt}.
(fancyhdr)                You might also make \topmargin smaller to compensate:

(fancyhdr)                \addtolength{\topmargin}{-1.07225pt}.

LaTeX Info: Redefining \. on input line 147.
LaTeX Info: Redefining \% on input line 147.
[234]
LaTeX Info: Redefining \. on input line 235.
LaTeX Info: Redefining \% on input line 235.


Package fancyhdr Warning: \headheight is too small (12.0pt): 
(fancyhdr)                Make it at least 13.07225pt, for example:
(fancyhdr)                \setlength{\headheight}{13.07225pt}.
(fancyhdr)                You might also make \topmargin smaller to compensate:

(fancyhdr)                \addtolength{\topmargin}{-1.07225pt}.

LaTeX Info: Redefining \. on input line 235.
LaTeX Info: Redefining \% on input line 235.
[235]
LaTeX Info: Redefining \. on input line 293.
LaTeX Info: Redefining \% on input line 293.


Package fancyhdr Warning: \headheight is too small (12.0pt): 
(fancyhdr)                Make it at least 13.07225pt, for example:
(fancyhdr)                \setlength{\headheight}{13.07225pt}.
(fancyhdr)                You might also make \topmargin smaller to compensate:

(fancyhdr)                \addtolength{\topmargin}{-1.07225pt}.

LaTeX Info: Redefining \. on input line 293.
LaTeX Info: Redefining \% on input line 293.
[236]
LaTeX Info: Redefining \. on input line 371.
LaTeX Info: Redefining \% on input line 371.


Package fancyhdr Warning: \headheight is too small (12.0pt): 
(fancyhdr)                Make it at least 13.07225pt, for example:
(fancyhdr)                \setlength{\headheight}{13.07225pt}.
(fancyhdr)                You might also make \topmargin smaller to compensate:

(fancyhdr)                \addtolength{\topmargin}{-1.07225pt}.

LaTeX Info: Redefining \. on input line 371.
LaTeX Info: Redefining \% on input line 371.
[237]
LaTeX Info: Redefining \. on input line 438.
LaTeX Info: Redefining \% on input line 438.


Package fancyhdr Warning: \headheight is too small (12.0pt): 
(fancyhdr)                Make it at least 13.07225pt, for example:
(fancyhdr)                \setlength{\headheight}{13.07225pt}.
(fancyhdr)                You might also make \topmargin smaller to compensate:

(fancyhdr)                \addtolength{\topmargin}{-1.07225pt}.

LaTeX Info: Redefining \. on input line 438.
LaTeX Info: Redefining \% on input line 438.
[238]

Package hyperref Warning: Token not allowed in a PDF string (Unicode):
(hyperref)                removing `\@ifnextchar' on input line 442.

LaTeX Info: Redefining \. on input line 501.
LaTeX Info: Redefining \% on input line 501.

Package fancyhdr Warning: \headheight is too small (12.0pt): 
(fancyhdr)                Make it at least 13.07225pt, for example:
(fancyhdr)                \setlength{\headheight}{13.07225pt}.
(fancyhdr)                You might also make \topmargin smaller to compensate:

(fancyhdr)                \addtolength{\topmargin}{-1.07225pt}.

LaTeX Info: Redefining \. on input line 501.
LaTeX Info: Redefining \% on input line 501.
[239]
LaTeX Info: Redefining \. on input line 575.
LaTeX Info: Redefining \% on input line 575.


Package fancyhdr Warning: \headheight is too small (12.0pt): 
(fancyhdr)                Make it at least 13.07225pt, for example:
(fancyhdr)                \setlength{\headheight}{13.07225pt}.
(fancyhdr)                You might also make \topmargin smaller to compensate:

(fancyhdr)                \addtolength{\topmargin}{-1.07225pt}.

LaTeX Info: Redefining \. on input line 575.
LaTeX Info: Redefining \% on input line 575.
[240]
LaTeX Info: Redefining \. on input line 657.
LaTeX Info: Redefining \% on input line 657.


Package fancyhdr Warning: \headheight is too small (12.0pt): 
(fancyhdr)                Make it at least 13.07225pt, for example:
(fancyhdr)                \setlength{\headheight}{13.07225pt}.
(fancyhdr)                You might also make \topmargin smaller to compensate:

(fancyhdr)                \addtolength{\topmargin}{-1.07225pt}.

LaTeX Info: Redefining \. on input line 657.
LaTeX Info: Redefining \% on input line 657.
[241]
LaTeX Info: Redefining \. on input line 730.
LaTeX Info: Redefining \% on input line 730.


Package fancyhdr Warning: \headheight is too small (12.0pt): 
(fancyhdr)                Make it at least 13.07225pt, for example:
(fancyhdr)                \setlength{\headheight}{13.07225pt}.
(fancyhdr)                You might also make \topmargin smaller to compensate:

(fancyhdr)                \addtolength{\topmargin}{-1.07225pt}.

LaTeX Info: Redefining \. on input line 730.
LaTeX Info: Redefining \% on input line 730.
[242]
LaTeX Info: Redefining \. on input line 798.
LaTeX Info: Redefining \% on input line 798.


Package fancyhdr Warning: \headheight is too small (12.0pt): 
(fancyhdr)                Make it at least 13.07225pt, for example:
(fancyhdr)                \setlength{\headheight}{13.07225pt}.
(fancyhdr)                You might also make \topmargin smaller to compensate:

(fancyhdr)                \addtolength{\topmargin}{-1.07225pt}.

LaTeX Info: Redefining \. on input line 798.
LaTeX Info: Redefining \% on input line 798.
[243]
LaTeX Info: Redefining \. on input line 870.
LaTeX Info: Redefining \% on input line 870.


Package fancyhdr Warning: \headheight is too small (12.0pt): 
(fancyhdr)                Make it at least 13.07225pt, for example:
(fancyhdr)                \setlength{\headheight}{13.07225pt}.
(fancyhdr)                You might also make \topmargin smaller to compensate:

(fancyhdr)                \addtolength{\topmargin}{-1.07225pt}.

LaTeX Info: Redefining \. on input line 870.
LaTeX Info: Redefining \% on input line 870.
[244]
LaTeX Info: Redefining \. on input line 971.
LaTeX Info: Redefining \% on input line 971.


Package fancyhdr Warning: \headheight is too small (12.0pt): 
(fancyhdr)                Make it at least 13.07225pt, for example:
(fancyhdr)                \setlength{\headheight}{13.07225pt}.
(fancyhdr)                You might also make \topmargin smaller to compensate:

(fancyhdr)                \addtolength{\topmargin}{-1.07225pt}.

LaTeX Info: Redefining \. on input line 971.
LaTeX Info: Redefining \% on input line 971.
[245]
LaTeX Info: Redefining \. on input line 1035.
LaTeX Info: Redefining \% on input line 1035.


Package fancyhdr Warning: \headheight is too small (12.0pt): 
(fancyhdr)                Make it at least 13.07225pt, for example:
(fancyhdr)                \setlength{\headheight}{13.07225pt}.
(fancyhdr)                You might also make \topmargin smaller to compensate:

(fancyhdr)                \addtolength{\topmargin}{-1.07225pt}.

LaTeX Info: Redefining \. on input line 1035.
LaTeX Info: Redefining \% on input line 1035.
[246]
Overfull \hbox (6.8931pt too wide) in paragraph at lines 1093--1094
[][]\OT1/cmr/m/it/9 Una mo-di-fi-ca-ci^^Son me-di-ble de un pro-ce-so $[]$, es 
una ver-si^^Son de es-te, $[]$
 []

LaTeX Info: Redefining \. on input line 1099.
LaTeX Info: Redefining \% on input line 1099.

Package fancyhdr Warning: \headheight is too small (12.0pt): 
(fancyhdr)                Make it at least 13.07225pt, for example:
(fancyhdr)                \setlength{\headheight}{13.07225pt}.
(fancyhdr)                You might also make \topmargin smaller to compensate:

(fancyhdr)                \addtolength{\topmargin}{-1.07225pt}.

LaTeX Info: Redefining \. on input line 1099.
LaTeX Info: Redefining \% on input line 1099.
[247]
Overfull \hbox (6.8931pt too wide) in paragraph at lines 1145--1146
[][]\OT1/cmr/m/it/9 Una mo-di-fi-ca-ci^^Son me-di-ble de un pro-ce-so $[]$, es 
una ver-si^^Son de es-te, $[]$
 []

LaTeX Info: Redefining \. on input line 1166.
LaTeX Info: Redefining \% on input line 1166.

Package fancyhdr Warning: \headheight is too small (12.0pt): 
(fancyhdr)                Make it at least 13.07225pt, for example:
(fancyhdr)                \setlength{\headheight}{13.07225pt}.
(fancyhdr)                You might also make \topmargin smaller to compensate:

(fancyhdr)                \addtolength{\topmargin}{-1.07225pt}.

LaTeX Info: Redefining \. on input line 1166.
LaTeX Info: Redefining \% on input line 1166.
[248]

Package hyperref Warning: Token not allowed in a PDF string (Unicode):
(hyperref)                removing `\@ifnextchar' on input line 1208.

LaTeX Info: Redefining \. on input line 1223.
LaTeX Info: Redefining \% on input line 1223.

Package fancyhdr Warning: \headheight is too small (12.0pt): 
(fancyhdr)                Make it at least 13.07225pt, for example:
(fancyhdr)                \setlength{\headheight}{13.07225pt}.
(fancyhdr)                You might also make \topmargin smaller to compensate:

(fancyhdr)                \addtolength{\topmargin}{-1.07225pt}.

LaTeX Info: Redefining \. on input line 1223.
LaTeX Info: Redefining \% on input line 1223.
[249]
LaTeX Info: Redefining \. on input line 1295.
LaTeX Info: Redefining \% on input line 1295.


Package fancyhdr Warning: \headheight is too small (12.0pt): 
(fancyhdr)                Make it at least 13.07225pt, for example:
(fancyhdr)                \setlength{\headheight}{13.07225pt}.
(fancyhdr)                You might also make \topmargin smaller to compensate:

(fancyhdr)                \addtolength{\topmargin}{-1.07225pt}.

LaTeX Info: Redefining \. on input line 1295.
LaTeX Info: Redefining \% on input line 1295.
[250]

Package hyperref Warning: Token not allowed in a PDF string (Unicode):
(hyperref)                removing `\@ifnextchar' on input line 1331.

LaTeX Info: Redefining \. on input line 1352.
LaTeX Info: Redefining \% on input line 1352.

Package fancyhdr Warning: \headheight is too small (12.0pt): 
(fancyhdr)                Make it at least 13.07225pt, for example:
(fancyhdr)                \setlength{\headheight}{13.07225pt}.
(fancyhdr)                You might also make \topmargin smaller to compensate:

(fancyhdr)                \addtolength{\topmargin}{-1.07225pt}.

LaTeX Info: Redefining \. on input line 1352.
LaTeX Info: Redefining \% on input line 1352.
[251]
Overfull \hbox (6.8931pt too wide) in paragraph at lines 1360--1361
[][]\OT1/cmr/m/it/9 Una mo-di-fi-ca-ci^^Son me-di-ble de un pro-ce-so $[]$, es 
una ver-si^^Son de es-te, $[]$
 []


Overfull \hbox (0.95804pt too wide) in paragraph at lines 1394--1395
[][]\OT1/cmr/m/it/9 Si $[] []$ con es-pa-cio de es-ta-dos $[]$ es re-ge-ne-ra-t
i-vo so-bre $\OML/cmm/m/it/9 T[]$\OT1/cmr/m/it/9 , en-ton-ces $\OML/cmm/m/it/9 
X [] \OT1/cmr/m/n/9 = \OML/cmm/m/it/9 f []$
 []

LaTeX Info: Redefining \. on input line 1423.
LaTeX Info: Redefining \% on input line 1423.

Package fancyhdr Warning: \headheight is too small (12.0pt): 
(fancyhdr)                Make it at least 13.07225pt, for example:
(fancyhdr)                \setlength{\headheight}{13.07225pt}.
(fancyhdr)                You might also make \topmargin smaller to compensate:

(fancyhdr)                \addtolength{\topmargin}{-1.07225pt}.

LaTeX Info: Redefining \. on input line 1423.
LaTeX Info: Redefining \% on input line 1423.
[252]
Overfull \hbox (5.79419pt too wide) in paragraph at lines 1445--1447
[]$ \OT1/cmr/m/it/9 a $[]$, es de-cir, pa-ra $\OML/cmm/m/it/9 A \OMS/cmsy/m/n/9
 2 E$\OT1/cmr/m/it/9 , se tie-ne que $[] \OMS/cmsy/m/n/9 2 F$\OT1/cmr/m/it/9 , 
don-de $[] \OT1/cmr/m/n/9 := [] =:
 []

LaTeX Info: Redefining \. on input line 1476.
LaTeX Info: Redefining \% on input line 1476.

Package fancyhdr Warning: \headheight is too small (12.0pt): 
(fancyhdr)                Make it at least 13.07225pt, for example:
(fancyhdr)                \setlength{\headheight}{13.07225pt}.
(fancyhdr)                You might also make \topmargin smaller to compensate:

(fancyhdr)                \addtolength{\topmargin}{-1.07225pt}.

LaTeX Info: Redefining \. on input line 1476.
LaTeX Info: Redefining \% on input line 1476.
[253]
LaTeX Info: Redefining \. on input line 1554.
LaTeX Info: Redefining \% on input line 1554.


Package fancyhdr Warning: \headheight is too small (12.0pt): 
(fancyhdr)                Make it at least 13.07225pt, for example:
(fancyhdr)                \setlength{\headheight}{13.07225pt}.
(fancyhdr)                You might also make \topmargin smaller to compensate:

(fancyhdr)                \addtolength{\topmargin}{-1.07225pt}.

LaTeX Info: Redefining \. on input line 1554.
LaTeX Info: Redefining \% on input line 1554.
[254]
LaTeX Info: Redefining \. on input line 1633.
LaTeX Info: Redefining \% on input line 1633.


Package fancyhdr Warning: \headheight is too small (12.0pt): 
(fancyhdr)                Make it at least 13.07225pt, for example:
(fancyhdr)                \setlength{\headheight}{13.07225pt}.
(fancyhdr)                You might also make \topmargin smaller to compensate:

(fancyhdr)                \addtolength{\topmargin}{-1.07225pt}.

LaTeX Info: Redefining \. on input line 1633.
LaTeX Info: Redefining \% on input line 1633.
[255]
LaTeX Info: Redefining \. on input line 1702.
LaTeX Info: Redefining \% on input line 1702.


Package fancyhdr Warning: \headheight is too small (12.0pt): 
(fancyhdr)                Make it at least 13.07225pt, for example:
(fancyhdr)                \setlength{\headheight}{13.07225pt}.
(fancyhdr)                You might also make \topmargin smaller to compensate:

(fancyhdr)                \addtolength{\topmargin}{-1.07225pt}.

LaTeX Info: Redefining \. on input line 1702.
LaTeX Info: Redefining \% on input line 1702.
[256]

LaTeX Warning: Citation `RBA' on page 257 undefined on input line 1781.


LaTeX Warning: Citation `RBA' on page 257 undefined on input line 1794.

LaTeX Info: Redefining \. on input line 1835.
LaTeX Info: Redefining \% on input line 1835.

Package fancyhdr Warning: \headheight is too small (12.0pt): 
(fancyhdr)                Make it at least 13.07225pt, for example:
(fancyhdr)                \setlength{\headheight}{13.07225pt}.
(fancyhdr)                You might also make \topmargin smaller to compensate:

(fancyhdr)                \addtolength{\topmargin}{-1.07225pt}.

LaTeX Info: Redefining \. on input line 1835.
LaTeX Info: Redefining \% on input line 1835.
[257]

LaTeX Warning: Citation `RBA' on page 258 undefined on input line 1909.


LaTeX Warning: Citation `RBA' on page 258 undefined on input line 1922.

LaTeX Info: Redefining \. on input line 1988.
LaTeX Info: Redefining \% on input line 1988.

Package fancyhdr Warning: \headheight is too small (12.0pt): 
(fancyhdr)                Make it at least 13.07225pt, for example:
(fancyhdr)                \setlength{\headheight}{13.07225pt}.
(fancyhdr)                You might also make \topmargin smaller to compensate:

(fancyhdr)                \addtolength{\topmargin}{-1.07225pt}.

LaTeX Info: Redefining \. on input line 1988.
LaTeX Info: Redefining \% on input line 1988.
[258]
LaTeX Info: Redefining \. on input line 2088.
LaTeX Info: Redefining \% on input line 2088.


Package fancyhdr Warning: \headheight is too small (12.0pt): 
(fancyhdr)                Make it at least 13.07225pt, for example:
(fancyhdr)                \setlength{\headheight}{13.07225pt}.
(fancyhdr)                You might also make \topmargin smaller to compensate:

(fancyhdr)                \addtolength{\topmargin}{-1.07225pt}.

LaTeX Info: Redefining \. on input line 2088.
LaTeX Info: Redefining \% on input line 2088.
[259]
LaTeX Info: Redefining \. on input line 2187.
LaTeX Info: Redefining \% on input line 2187.


Package fancyhdr Warning: \headheight is too small (12.0pt): 
(fancyhdr)                Make it at least 13.07225pt, for example:
(fancyhdr)                \setlength{\headheight}{13.07225pt}.
(fancyhdr)                You might also make \topmargin smaller to compensate:

(fancyhdr)                \addtolength{\topmargin}{-1.07225pt}.

LaTeX Info: Redefining \. on input line 2187.
LaTeX Info: Redefining \% on input line 2187.
[260]
LaTeX Info: Redefining \. on input line 2280.
LaTeX Info: Redefining \% on input line 2280.


Package fancyhdr Warning: \headheight is too small (12.0pt): 
(fancyhdr)                Make it at least 13.07225pt, for example:
(fancyhdr)                \setlength{\headheight}{13.07225pt}.
(fancyhdr)                You might also make \topmargin smaller to compensate:

(fancyhdr)                \addtolength{\topmargin}{-1.07225pt}.

LaTeX Info: Redefining \. on input line 2280.
LaTeX Info: Redefining \% on input line 2280.
[261]
Overfull \hbox (9.70418pt too wide) in paragraph at lines 2309--2314
[][]\OT1/cmr/m/it/9 Sea $[]$ una su-ce-si^^Son in-de-pen-dien-te e id^^Senti-
 []

LaTeX Info: Redefining \. on input line 2386.
LaTeX Info: Redefining \% on input line 2386.

Package fancyhdr Warning: \headheight is too small (12.0pt): 
(fancyhdr)                Make it at least 13.07225pt, for example:
(fancyhdr)                \setlength{\headheight}{13.07225pt}.
(fancyhdr)                You might also make \topmargin smaller to compensate:

(fancyhdr)                \addtolength{\topmargin}{-1.07225pt}.

LaTeX Info: Redefining \. on input line 2386.
LaTeX Info: Redefining \% on input line 2386.
[262])
LaTeX Info: Redefining \. on input line 213.
LaTeX Info: Redefining \% on input line 213.


Package fancyhdr Warning: \headheight is too small (12.0pt): 
(fancyhdr)                Make it at least 13.07225pt, for example:
(fancyhdr)                \setlength{\headheight}{13.07225pt}.
(fancyhdr)                You might also make \topmargin smaller to compensate:

(fancyhdr)                \addtolength{\topmargin}{-1.07225pt}.

LaTeX Info: Redefining \. on input line 213.
LaTeX Info: Redefining \% on input line 213.
[263]
Cap\'{\i }tulo 30.
(./ProcesosRegenerativos.tex

LaTeX Warning: Citation `RBA' on page 264 undefined on input line 57.


LaTeX Warning: Citation `RBA' on page 264 undefined on input line 70.

[264

]

LaTeX Warning: Citation `RBA' on page 265 undefined on input line 185.


LaTeX Warning: Citation `RBA' on page 265 undefined on input line 198.

LaTeX Info: Redefining \. on input line 244.
LaTeX Info: Redefining \% on input line 244.

Package fancyhdr Warning: \headheight is too small (12.0pt): 
(fancyhdr)                Make it at least 13.07225pt, for example:
(fancyhdr)                \setlength{\headheight}{13.07225pt}.
(fancyhdr)                You might also make \topmargin smaller to compensate:

(fancyhdr)                \addtolength{\topmargin}{-1.07225pt}.

LaTeX Info: Redefining \. on input line 244.
LaTeX Info: Redefining \% on input line 244.
[265]
LaTeX Info: Redefining \. on input line 349.
LaTeX Info: Redefining \% on input line 349.


Package fancyhdr Warning: \headheight is too small (12.0pt): 
(fancyhdr)                Make it at least 13.07225pt, for example:
(fancyhdr)                \setlength{\headheight}{13.07225pt}.
(fancyhdr)                You might also make \topmargin smaller to compensate:

(fancyhdr)                \addtolength{\topmargin}{-1.07225pt}.

LaTeX Info: Redefining \. on input line 349.
LaTeX Info: Redefining \% on input line 349.
[266]
LaTeX Info: Redefining \. on input line 448.
LaTeX Info: Redefining \% on input line 448.


Package fancyhdr Warning: \headheight is too small (12.0pt): 
(fancyhdr)                Make it at least 13.07225pt, for example:
(fancyhdr)                \setlength{\headheight}{13.07225pt}.
(fancyhdr)                You might also make \topmargin smaller to compensate:

(fancyhdr)                \addtolength{\topmargin}{-1.07225pt}.

LaTeX Info: Redefining \. on input line 448.
LaTeX Info: Redefining \% on input line 448.
[267]

Package hyperref Warning: Token not allowed in a PDF string (Unicode):
(hyperref)                removing `\@ifnextchar' on input line 519.

LaTeX Info: Redefining \. on input line 544.
LaTeX Info: Redefining \% on input line 544.

Package fancyhdr Warning: \headheight is too small (12.0pt): 
(fancyhdr)                Make it at least 13.07225pt, for example:
(fancyhdr)                \setlength{\headheight}{13.07225pt}.
(fancyhdr)                You might also make \topmargin smaller to compensate:

(fancyhdr)                \addtolength{\topmargin}{-1.07225pt}.

LaTeX Info: Redefining \. on input line 544.
LaTeX Info: Redefining \% on input line 544.
[268]
LaTeX Info: Redefining \. on input line 606.
LaTeX Info: Redefining \% on input line 606.


Package fancyhdr Warning: \headheight is too small (12.0pt): 
(fancyhdr)                Make it at least 13.07225pt, for example:
(fancyhdr)                \setlength{\headheight}{13.07225pt}.
(fancyhdr)                You might also make \topmargin smaller to compensate:

(fancyhdr)                \addtolength{\topmargin}{-1.07225pt}.

LaTeX Info: Redefining \. on input line 606.
LaTeX Info: Redefining \% on input line 606.
[269]
LaTeX Info: Redefining \. on input line 693.
LaTeX Info: Redefining \% on input line 693.


Package fancyhdr Warning: \headheight is too small (12.0pt): 
(fancyhdr)                Make it at least 13.07225pt, for example:
(fancyhdr)                \setlength{\headheight}{13.07225pt}.
(fancyhdr)                You might also make \topmargin smaller to compensate:

(fancyhdr)                \addtolength{\topmargin}{-1.07225pt}.

LaTeX Info: Redefining \. on input line 693.
LaTeX Info: Redefining \% on input line 693.
[270]
Overfull \hbox (21.73314pt too wide) in paragraph at lines 710--711
[][]\OT1/cmr/m/it/9 Si $\OML/cmm/m/it/9 N []$
 []

LaTeX Info: Redefining \. on input line 781.
LaTeX Info: Redefining \% on input line 781.

Package fancyhdr Warning: \headheight is too small (12.0pt): 
(fancyhdr)                Make it at least 13.07225pt, for example:
(fancyhdr)                \setlength{\headheight}{13.07225pt}.
(fancyhdr)                You might also make \topmargin smaller to compensate:

(fancyhdr)                \addtolength{\topmargin}{-1.07225pt}.

LaTeX Info: Redefining \. on input line 781.
LaTeX Info: Redefining \% on input line 781.
[271]
Overfull \hbox (21.73314pt too wide) in paragraph at lines 807--808
[][]\OT1/cmr/m/it/9 Si $\OML/cmm/m/it/9 N []$
 []

LaTeX Info: Redefining \. on input line 862.
LaTeX Info: Redefining \% on input line 862.

Package fancyhdr Warning: \headheight is too small (12.0pt): 
(fancyhdr)                Make it at least 13.07225pt, for example:
(fancyhdr)                \setlength{\headheight}{13.07225pt}.
(fancyhdr)                You might also make \topmargin smaller to compensate:

(fancyhdr)                \addtolength{\topmargin}{-1.07225pt}.

LaTeX Info: Redefining \. on input line 862.
LaTeX Info: Redefining \% on input line 862.
[272]
Overfull \hbox (21.73314pt too wide) in paragraph at lines 903--904
[][]\OT1/cmr/m/it/9 Si $\OML/cmm/m/it/9 N []$
 []

LaTeX Info: Redefining \. on input line 933.
LaTeX Info: Redefining \% on input line 933.

Package fancyhdr Warning: \headheight is too small (12.0pt): 
(fancyhdr)                Make it at least 13.07225pt, for example:
(fancyhdr)                \setlength{\headheight}{13.07225pt}.
(fancyhdr)                You might also make \topmargin smaller to compensate:

(fancyhdr)                \addtolength{\topmargin}{-1.07225pt}.

LaTeX Info: Redefining \. on input line 933.
LaTeX Info: Redefining \% on input line 933.
[273]
Overfull \hbox (21.73314pt too wide) in paragraph at lines 998--999
[][]\OT1/cmr/m/it/9 Si $\OML/cmm/m/it/9 N []$
 []

LaTeX Info: Redefining \. on input line 1012.
LaTeX Info: Redefining \% on input line 1012.

Package fancyhdr Warning: \headheight is too small (12.0pt): 
(fancyhdr)                Make it at least 13.07225pt, for example:
(fancyhdr)                \setlength{\headheight}{13.07225pt}.
(fancyhdr)                You might also make \topmargin smaller to compensate:

(fancyhdr)                \addtolength{\topmargin}{-1.07225pt}.

LaTeX Info: Redefining \. on input line 1012.
LaTeX Info: Redefining \% on input line 1012.
[274]
LaTeX Info: Redefining \. on input line 1084.
LaTeX Info: Redefining \% on input line 1084.


Package fancyhdr Warning: \headheight is too small (12.0pt): 
(fancyhdr)                Make it at least 13.07225pt, for example:
(fancyhdr)                \setlength{\headheight}{13.07225pt}.
(fancyhdr)                You might also make \topmargin smaller to compensate:

(fancyhdr)                \addtolength{\topmargin}{-1.07225pt}.

LaTeX Info: Redefining \. on input line 1084.
LaTeX Info: Redefining \% on input line 1084.
[275]
Overfull \hbox (4.25398pt too wide) in paragraph at lines 1092--1093
[][]\OT1/cmr/m/it/9 Si
 []

LaTeX Info: Redefining \. on input line 1172.
LaTeX Info: Redefining \% on input line 1172.

Package fancyhdr Warning: \headheight is too small (12.0pt): 
(fancyhdr)                Make it at least 13.07225pt, for example:
(fancyhdr)                \setlength{\headheight}{13.07225pt}.
(fancyhdr)                You might also make \topmargin smaller to compensate:

(fancyhdr)                \addtolength{\topmargin}{-1.07225pt}.

LaTeX Info: Redefining \. on input line 1172.
LaTeX Info: Redefining \% on input line 1172.
[276]
Overfull \hbox (6.92989pt too wide) in paragraph at lines 1215--1216
[][]\OT1/cmr/m/it/9 Para el pro-ce-so de re-no-va-ci^^Son $\OML/cmm/m/it/9 N []
$\OT1/cmr/m/it/9 , 
 []

LaTeX Info: Redefining \. on input line 1238.
LaTeX Info: Redefining \% on input line 1238.

Package fancyhdr Warning: \headheight is too small (12.0pt): 
(fancyhdr)                Make it at least 13.07225pt, for example:
(fancyhdr)                \setlength{\headheight}{13.07225pt}.
(fancyhdr)                You might also make \topmargin smaller to compensate:

(fancyhdr)                \addtolength{\topmargin}{-1.07225pt}.

LaTeX Info: Redefining \. on input line 1238.
LaTeX Info: Redefining \% on input line 1238.
[277]

Package hyperref Warning: Token not allowed in a PDF string (Unicode):
(hyperref)                removing `\@ifnextchar' on input line 1247.

LaTeX Info: Redefining \. on input line 1298.
LaTeX Info: Redefining \% on input line 1298.

Package fancyhdr Warning: \headheight is too small (12.0pt): 
(fancyhdr)                Make it at least 13.07225pt, for example:
(fancyhdr)                \setlength{\headheight}{13.07225pt}.
(fancyhdr)                You might also make \topmargin smaller to compensate:

(fancyhdr)                \addtolength{\topmargin}{-1.07225pt}.

LaTeX Info: Redefining \. on input line 1298.
LaTeX Info: Redefining \% on input line 1298.
[278]
Overfull \hbox (4.25398pt too wide) in paragraph at lines 1332--1333
[][]\OT1/cmr/m/it/9 Si
 []

LaTeX Info: Redefining \. on input line 1381.
LaTeX Info: Redefining \% on input line 1381.

Package fancyhdr Warning: \headheight is too small (12.0pt): 
(fancyhdr)                Make it at least 13.07225pt, for example:
(fancyhdr)                \setlength{\headheight}{13.07225pt}.
(fancyhdr)                You might also make \topmargin smaller to compensate:

(fancyhdr)                \addtolength{\topmargin}{-1.07225pt}.

LaTeX Info: Redefining \. on input line 1381.
LaTeX Info: Redefining \% on input line 1381.
[279]
Overfull \hbox (6.92989pt too wide) in paragraph at lines 1422--1423
[][]\OT1/cmr/m/it/9 Para el pro-ce-so de re-no-va-ci^^Son $\OML/cmm/m/it/9 N []
$\OT1/cmr/m/it/9 , 
 []

LaTeX Info: Redefining \. on input line 1465.
LaTeX Info: Redefining \% on input line 1465.

Package fancyhdr Warning: \headheight is too small (12.0pt): 
(fancyhdr)                Make it at least 13.07225pt, for example:
(fancyhdr)                \setlength{\headheight}{13.07225pt}.
(fancyhdr)                You might also make \topmargin smaller to compensate:

(fancyhdr)                \addtolength{\topmargin}{-1.07225pt}.

LaTeX Info: Redefining \. on input line 1465.
LaTeX Info: Redefining \% on input line 1465.
[280]
Overfull \hbox (6.92989pt too wide) in paragraph at lines 1506--1507
[][]\OT1/cmr/m/it/9 Para el pro-ce-so de re-no-va-ci^^Son $\OML/cmm/m/it/9 N []
$\OT1/cmr/m/it/9 , 
 []

LaTeX Info: Redefining \. on input line 1545.
LaTeX Info: Redefining \% on input line 1545.

Package fancyhdr Warning: \headheight is too small (12.0pt): 
(fancyhdr)                Make it at least 13.07225pt, for example:
(fancyhdr)                \setlength{\headheight}{13.07225pt}.
(fancyhdr)                You might also make \topmargin smaller to compensate:

(fancyhdr)                \addtolength{\topmargin}{-1.07225pt}.

LaTeX Info: Redefining \. on input line 1545.
LaTeX Info: Redefining \% on input line 1545.
[281]
LaTeX Info: Redefining \. on input line 1626.
LaTeX Info: Redefining \% on input line 1626.


Package fancyhdr Warning: \headheight is too small (12.0pt): 
(fancyhdr)                Make it at least 13.07225pt, for example:
(fancyhdr)                \setlength{\headheight}{13.07225pt}.
(fancyhdr)                You might also make \topmargin smaller to compensate:

(fancyhdr)                \addtolength{\topmargin}{-1.07225pt}.

LaTeX Info: Redefining \. on input line 1626.
LaTeX Info: Redefining \% on input line 1626.
[282]
LaTeX Info: Redefining \. on input line 1703.
LaTeX Info: Redefining \% on input line 1703.


Package fancyhdr Warning: \headheight is too small (12.0pt): 
(fancyhdr)                Make it at least 13.07225pt, for example:
(fancyhdr)                \setlength{\headheight}{13.07225pt}.
(fancyhdr)                You might also make \topmargin smaller to compensate:

(fancyhdr)                \addtolength{\topmargin}{-1.07225pt}.

LaTeX Info: Redefining \. on input line 1703.
LaTeX Info: Redefining \% on input line 1703.
[283]
LaTeX Info: Redefining \. on input line 1794.
LaTeX Info: Redefining \% on input line 1794.


Package fancyhdr Warning: \headheight is too small (12.0pt): 
(fancyhdr)                Make it at least 13.07225pt, for example:
(fancyhdr)                \setlength{\headheight}{13.07225pt}.
(fancyhdr)                You might also make \topmargin smaller to compensate:

(fancyhdr)                \addtolength{\topmargin}{-1.07225pt}.

LaTeX Info: Redefining \. on input line 1794.
LaTeX Info: Redefining \% on input line 1794.
[284]

Package hyperref Warning: Token not allowed in a PDF string (Unicode):
(hyperref)                removing `\@ifnextchar' on input line 1862.

LaTeX Info: Redefining \. on input line 1867.
LaTeX Info: Redefining \% on input line 1867.

Package fancyhdr Warning: \headheight is too small (12.0pt): 
(fancyhdr)                Make it at least 13.07225pt, for example:
(fancyhdr)                \setlength{\headheight}{13.07225pt}.
(fancyhdr)                You might also make \topmargin smaller to compensate:

(fancyhdr)                \addtolength{\topmargin}{-1.07225pt}.

LaTeX Info: Redefining \. on input line 1867.
LaTeX Info: Redefining \% on input line 1867.
[285]

Package hyperref Warning: Token not allowed in a PDF string (Unicode):
(hyperref)                removing `\@ifnextchar' on input line 1908.

LaTeX Info: Redefining \. on input line 1942.
LaTeX Info: Redefining \% on input line 1942.

Package fancyhdr Warning: \headheight is too small (12.0pt): 
(fancyhdr)                Make it at least 13.07225pt, for example:
(fancyhdr)                \setlength{\headheight}{13.07225pt}.
(fancyhdr)                You might also make \topmargin smaller to compensate:

(fancyhdr)                \addtolength{\topmargin}{-1.07225pt}.

LaTeX Info: Redefining \. on input line 1942.
LaTeX Info: Redefining \% on input line 1942.
[286]

Package hyperref Warning: Token not allowed in a PDF string (Unicode):
(hyperref)                removing `\@ifnextchar' on input line 1957.

LaTeX Info: Redefining \. on input line 1996.
LaTeX Info: Redefining \% on input line 1996.

Package fancyhdr Warning: \headheight is too small (12.0pt): 
(fancyhdr)                Make it at least 13.07225pt, for example:
(fancyhdr)                \setlength{\headheight}{13.07225pt}.
(fancyhdr)                You might also make \topmargin smaller to compensate:

(fancyhdr)                \addtolength{\topmargin}{-1.07225pt}.

LaTeX Info: Redefining \. on input line 1996.
LaTeX Info: Redefining \% on input line 1996.
[287]
Overfull \hbox (4.25398pt too wide) in paragraph at lines 2035--2036
[][]\OT1/cmr/m/it/9 Si
 []

LaTeX Info: Redefining \. on input line 2075.
LaTeX Info: Redefining \% on input line 2075.

Package fancyhdr Warning: \headheight is too small (12.0pt): 
(fancyhdr)                Make it at least 13.07225pt, for example:
(fancyhdr)                \setlength{\headheight}{13.07225pt}.
(fancyhdr)                You might also make \topmargin smaller to compensate:

(fancyhdr)                \addtolength{\topmargin}{-1.07225pt}.

LaTeX Info: Redefining \. on input line 2075.
LaTeX Info: Redefining \% on input line 2075.
[288]
Overfull \hbox (6.92989pt too wide) in paragraph at lines 2125--2126
[][]\OT1/cmr/m/it/9 Para el pro-ce-so de re-no-va-ci^^Son $\OML/cmm/m/it/9 N []
$\OT1/cmr/m/it/9 , 
 []

LaTeX Info: Redefining \. on input line 2159.
LaTeX Info: Redefining \% on input line 2159.

Package fancyhdr Warning: \headheight is too small (12.0pt): 
(fancyhdr)                Make it at least 13.07225pt, for example:
(fancyhdr)                \setlength{\headheight}{13.07225pt}.
(fancyhdr)                You might also make \topmargin smaller to compensate:

(fancyhdr)                \addtolength{\topmargin}{-1.07225pt}.

LaTeX Info: Redefining \. on input line 2159.
LaTeX Info: Redefining \% on input line 2159.
[289]
Overfull \hbox (6.92989pt too wide) in paragraph at lines 2209--2210
[][]\OT1/cmr/m/it/9 Para el pro-ce-so de re-no-va-ci^^Son $\OML/cmm/m/it/9 N []
$\OT1/cmr/m/it/9 , 
 []

LaTeX Info: Redefining \. on input line 2240.
LaTeX Info: Redefining \% on input line 2240.

Package fancyhdr Warning: \headheight is too small (12.0pt): 
(fancyhdr)                Make it at least 13.07225pt, for example:
(fancyhdr)                \setlength{\headheight}{13.07225pt}.
(fancyhdr)                You might also make \topmargin smaller to compensate:

(fancyhdr)                \addtolength{\topmargin}{-1.07225pt}.

LaTeX Info: Redefining \. on input line 2240.
LaTeX Info: Redefining \% on input line 2240.
[290]
LaTeX Info: Redefining \. on input line 2321.
LaTeX Info: Redefining \% on input line 2321.


Package fancyhdr Warning: \headheight is too small (12.0pt): 
(fancyhdr)                Make it at least 13.07225pt, for example:
(fancyhdr)                \setlength{\headheight}{13.07225pt}.
(fancyhdr)                You might also make \topmargin smaller to compensate:

(fancyhdr)                \addtolength{\topmargin}{-1.07225pt}.

LaTeX Info: Redefining \. on input line 2321.
LaTeX Info: Redefining \% on input line 2321.
[291]
LaTeX Info: Redefining \. on input line 2386.
LaTeX Info: Redefining \% on input line 2386.


Package fancyhdr Warning: \headheight is too small (12.0pt): 
(fancyhdr)                Make it at least 13.07225pt, for example:
(fancyhdr)                \setlength{\headheight}{13.07225pt}.
(fancyhdr)                You might also make \topmargin smaller to compensate:

(fancyhdr)                \addtolength{\topmargin}{-1.07225pt}.

LaTeX Info: Redefining \. on input line 2386.
LaTeX Info: Redefining \% on input line 2386.
[292]

Package hyperref Warning: Token not allowed in a PDF string (Unicode):
(hyperref)                removing `\@ifnextchar' on input line 2453.

LaTeX Info: Redefining \. on input line 2458.
LaTeX Info: Redefining \% on input line 2458.

Package fancyhdr Warning: \headheight is too small (12.0pt): 
(fancyhdr)                Make it at least 13.07225pt, for example:
(fancyhdr)                \setlength{\headheight}{13.07225pt}.
(fancyhdr)                You might also make \topmargin smaller to compensate:

(fancyhdr)                \addtolength{\topmargin}{-1.07225pt}.

LaTeX Info: Redefining \. on input line 2458.
LaTeX Info: Redefining \% on input line 2458.
[293]

Package hyperref Warning: Token not allowed in a PDF string (Unicode):
(hyperref)                removing `\@ifnextchar' on input line 2500.

LaTeX Info: Redefining \. on input line 2534.
LaTeX Info: Redefining \% on input line 2534.

Package fancyhdr Warning: \headheight is too small (12.0pt): 
(fancyhdr)                Make it at least 13.07225pt, for example:
(fancyhdr)                \setlength{\headheight}{13.07225pt}.
(fancyhdr)                You might also make \topmargin smaller to compensate:

(fancyhdr)                \addtolength{\topmargin}{-1.07225pt}.

LaTeX Info: Redefining \. on input line 2534.
LaTeX Info: Redefining \% on input line 2534.
[294]
Overfull \hbox (4.25398pt too wide) in paragraph at lines 2606--2607
[][]\OT1/cmr/m/it/9 Si
 []

LaTeX Info: Redefining \. on input line 2609.
LaTeX Info: Redefining \% on input line 2609.

Package fancyhdr Warning: \headheight is too small (12.0pt): 
(fancyhdr)                Make it at least 13.07225pt, for example:
(fancyhdr)                \setlength{\headheight}{13.07225pt}.
(fancyhdr)                You might also make \topmargin smaller to compensate:

(fancyhdr)                \addtolength{\topmargin}{-1.07225pt}.

LaTeX Info: Redefining \. on input line 2609.
LaTeX Info: Redefining \% on input line 2609.
[295]
LaTeX Info: Redefining \. on input line 2685.
LaTeX Info: Redefining \% on input line 2685.


Package fancyhdr Warning: \headheight is too small (12.0pt): 
(fancyhdr)                Make it at least 13.07225pt, for example:
(fancyhdr)                \setlength{\headheight}{13.07225pt}.
(fancyhdr)                You might also make \topmargin smaller to compensate:

(fancyhdr)                \addtolength{\topmargin}{-1.07225pt}.

LaTeX Info: Redefining \. on input line 2685.
LaTeX Info: Redefining \% on input line 2685.
[296]
Overfull \hbox (4.25398pt too wide) in paragraph at lines 2702--2703
[][]\OT1/cmr/m/it/9 Si
 []

LaTeX Info: Redefining \. on input line 2771.
LaTeX Info: Redefining \% on input line 2771.

Package fancyhdr Warning: \headheight is too small (12.0pt): 
(fancyhdr)                Make it at least 13.07225pt, for example:
(fancyhdr)                \setlength{\headheight}{13.07225pt}.
(fancyhdr)                You might also make \topmargin smaller to compensate:

(fancyhdr)                \addtolength{\topmargin}{-1.07225pt}.

LaTeX Info: Redefining \. on input line 2771.
LaTeX Info: Redefining \% on input line 2771.
[297]
Overfull \hbox (4.25398pt too wide) in paragraph at lines 2797--2798
[][]\OT1/cmr/m/it/9 Si
 []

LaTeX Info: Redefining \. on input line 2851.
LaTeX Info: Redefining \% on input line 2851.

Package fancyhdr Warning: \headheight is too small (12.0pt): 
(fancyhdr)                Make it at least 13.07225pt, for example:
(fancyhdr)                \setlength{\headheight}{13.07225pt}.
(fancyhdr)                You might also make \topmargin smaller to compensate:

(fancyhdr)                \addtolength{\topmargin}{-1.07225pt}.

LaTeX Info: Redefining \. on input line 2851.
LaTeX Info: Redefining \% on input line 2851.
[298]
Overfull \hbox (4.25398pt too wide) in paragraph at lines 2892--2893
[][]\OT1/cmr/m/it/9 Si
 []

LaTeX Info: Redefining \. on input line 2922.
LaTeX Info: Redefining \% on input line 2922.

Package fancyhdr Warning: \headheight is too small (12.0pt): 
(fancyhdr)                Make it at least 13.07225pt, for example:
(fancyhdr)                \setlength{\headheight}{13.07225pt}.
(fancyhdr)                You might also make \topmargin smaller to compensate:

(fancyhdr)                \addtolength{\topmargin}{-1.07225pt}.

LaTeX Info: Redefining \. on input line 2922.
LaTeX Info: Redefining \% on input line 2922.
[299]

Package hyperref Warning: Token not allowed in a PDF string (Unicode):
(hyperref)                removing `\@ifnextchar' on input line 2927.

LaTeX Info: Redefining \. on input line 2986.
LaTeX Info: Redefining \% on input line 2986.

Package fancyhdr Warning: \headheight is too small (12.0pt): 
(fancyhdr)                Make it at least 13.07225pt, for example:
(fancyhdr)                \setlength{\headheight}{13.07225pt}.
(fancyhdr)                You might also make \topmargin smaller to compensate:

(fancyhdr)                \addtolength{\topmargin}{-1.07225pt}.

LaTeX Info: Redefining \. on input line 2986.
LaTeX Info: Redefining \% on input line 2986.
[300]
LaTeX Info: Redefining \. on input line 3058.
LaTeX Info: Redefining \% on input line 3058.


Package fancyhdr Warning: \headheight is too small (12.0pt): 
(fancyhdr)                Make it at least 13.07225pt, for example:
(fancyhdr)                \setlength{\headheight}{13.07225pt}.
(fancyhdr)                You might also make \topmargin smaller to compensate:

(fancyhdr)                \addtolength{\topmargin}{-1.07225pt}.

LaTeX Info: Redefining \. on input line 3058.
LaTeX Info: Redefining \% on input line 3058.
[301]
Overfull \hbox (4.25398pt too wide) in paragraph at lines 3136--3137
[][]\OT1/cmr/m/it/9 Si
 []

LaTeX Info: Redefining \. on input line 3148.
LaTeX Info: Redefining \% on input line 3148.

Package fancyhdr Warning: \headheight is too small (12.0pt): 
(fancyhdr)                Make it at least 13.07225pt, for example:
(fancyhdr)                \setlength{\headheight}{13.07225pt}.
(fancyhdr)                You might also make \topmargin smaller to compensate:

(fancyhdr)                \addtolength{\topmargin}{-1.07225pt}.

LaTeX Info: Redefining \. on input line 3148.
LaTeX Info: Redefining \% on input line 3148.
[302]
LaTeX Info: Redefining \. on input line 3227.
LaTeX Info: Redefining \% on input line 3227.


Package fancyhdr Warning: \headheight is too small (12.0pt): 
(fancyhdr)                Make it at least 13.07225pt, for example:
(fancyhdr)                \setlength{\headheight}{13.07225pt}.
(fancyhdr)                You might also make \topmargin smaller to compensate:

(fancyhdr)                \addtolength{\topmargin}{-1.07225pt}.

LaTeX Info: Redefining \. on input line 3227.
LaTeX Info: Redefining \% on input line 3227.
[303]
Overfull \hbox (6.92989pt too wide) in paragraph at lines 3232--3233
[][]\OT1/cmr/m/it/9 Para el pro-ce-so de re-no-va-ci^^Son $\OML/cmm/m/it/9 N []
$\OT1/cmr/m/it/9 , 
 []

LaTeX Info: Redefining \. on input line 3270.
LaTeX Info: Redefining \% on input line 3270.

Package fancyhdr Warning: \headheight is too small (12.0pt): 
(fancyhdr)                Make it at least 13.07225pt, for example:
(fancyhdr)                \setlength{\headheight}{13.07225pt}.
(fancyhdr)                You might also make \topmargin smaller to compensate:

(fancyhdr)                \addtolength{\topmargin}{-1.07225pt}.

LaTeX Info: Redefining \. on input line 3270.
LaTeX Info: Redefining \% on input line 3270.
[304]
LaTeX Info: Redefining \. on input line 3330.
LaTeX Info: Redefining \% on input line 3330.


Package fancyhdr Warning: \headheight is too small (12.0pt): 
(fancyhdr)                Make it at least 13.07225pt, for example:
(fancyhdr)                \setlength{\headheight}{13.07225pt}.
(fancyhdr)                You might also make \topmargin smaller to compensate:

(fancyhdr)                \addtolength{\topmargin}{-1.07225pt}.

LaTeX Info: Redefining \. on input line 3330.
LaTeX Info: Redefining \% on input line 3330.
[305]

Package hyperref Warning: Token not allowed in a PDF string (Unicode):
(hyperref)                removing `\@ifnextchar' on input line 3347.

LaTeX Info: Redefining \. on input line 3397.
LaTeX Info: Redefining \% on input line 3397.

Package fancyhdr Warning: \headheight is too small (12.0pt): 
(fancyhdr)                Make it at least 13.07225pt, for example:
(fancyhdr)                \setlength{\headheight}{13.07225pt}.
(fancyhdr)                You might also make \topmargin smaller to compensate:

(fancyhdr)                \addtolength{\topmargin}{-1.07225pt}.

LaTeX Info: Redefining \. on input line 3397.
LaTeX Info: Redefining \% on input line 3397.
[306]
Overfull \hbox (4.25398pt too wide) in paragraph at lines 3430--3431
[][]\OT1/cmr/m/it/9 Si
 []

LaTeX Info: Redefining \. on input line 3479.
LaTeX Info: Redefining \% on input line 3479.

Package fancyhdr Warning: \headheight is too small (12.0pt): 
(fancyhdr)                Make it at least 13.07225pt, for example:
(fancyhdr)                \setlength{\headheight}{13.07225pt}.
(fancyhdr)                You might also make \topmargin smaller to compensate:

(fancyhdr)                \addtolength{\topmargin}{-1.07225pt}.

LaTeX Info: Redefining \. on input line 3479.
LaTeX Info: Redefining \% on input line 3479.
[307]
Overfull \hbox (6.92989pt too wide) in paragraph at lines 3520--3521
[][]\OT1/cmr/m/it/9 Para el pro-ce-so de re-no-va-ci^^Son $\OML/cmm/m/it/9 N []
$\OT1/cmr/m/it/9 , 
 []

LaTeX Info: Redefining \. on input line 3563.
LaTeX Info: Redefining \% on input line 3563.

Package fancyhdr Warning: \headheight is too small (12.0pt): 
(fancyhdr)                Make it at least 13.07225pt, for example:
(fancyhdr)                \setlength{\headheight}{13.07225pt}.
(fancyhdr)                You might also make \topmargin smaller to compensate:

(fancyhdr)                \addtolength{\topmargin}{-1.07225pt}.

LaTeX Info: Redefining \. on input line 3563.
LaTeX Info: Redefining \% on input line 3563.
[308]
Overfull \hbox (6.92989pt too wide) in paragraph at lines 3604--3605
[][]\OT1/cmr/m/it/9 Para el pro-ce-so de re-no-va-ci^^Son $\OML/cmm/m/it/9 N []
$\OT1/cmr/m/it/9 , 
 []

LaTeX Info: Redefining \. on input line 3643.
LaTeX Info: Redefining \% on input line 3643.

Package fancyhdr Warning: \headheight is too small (12.0pt): 
(fancyhdr)                Make it at least 13.07225pt, for example:
(fancyhdr)                \setlength{\headheight}{13.07225pt}.
(fancyhdr)                You might also make \topmargin smaller to compensate:

(fancyhdr)                \addtolength{\topmargin}{-1.07225pt}.

LaTeX Info: Redefining \. on input line 3643.
LaTeX Info: Redefining \% on input line 3643.
[309]
LaTeX Info: Redefining \. on input line 3725.
LaTeX Info: Redefining \% on input line 3725.


Package fancyhdr Warning: \headheight is too small (12.0pt): 
(fancyhdr)                Make it at least 13.07225pt, for example:
(fancyhdr)                \setlength{\headheight}{13.07225pt}.
(fancyhdr)                You might also make \topmargin smaller to compensate:

(fancyhdr)                \addtolength{\topmargin}{-1.07225pt}.

LaTeX Info: Redefining \. on input line 3725.
LaTeX Info: Redefining \% on input line 3725.
[310]
LaTeX Info: Redefining \. on input line 3796.
LaTeX Info: Redefining \% on input line 3796.


Package fancyhdr Warning: \headheight is too small (12.0pt): 
(fancyhdr)                Make it at least 13.07225pt, for example:
(fancyhdr)                \setlength{\headheight}{13.07225pt}.
(fancyhdr)                You might also make \topmargin smaller to compensate:

(fancyhdr)                \addtolength{\topmargin}{-1.07225pt}.

LaTeX Info: Redefining \. on input line 3796.
LaTeX Info: Redefining \% on input line 3796.
[311]

Package hyperref Warning: Token not allowed in a PDF string (Unicode):
(hyperref)                removing `\@ifnextchar' on input line 3848.

LaTeX Info: Redefining \. on input line 3858.
LaTeX Info: Redefining \% on input line 3858.

Package fancyhdr Warning: \headheight is too small (12.0pt): 
(fancyhdr)                Make it at least 13.07225pt, for example:
(fancyhdr)                \setlength{\headheight}{13.07225pt}.
(fancyhdr)                You might also make \topmargin smaller to compensate:

(fancyhdr)                \addtolength{\topmargin}{-1.07225pt}.

LaTeX Info: Redefining \. on input line 3858.
LaTeX Info: Redefining \% on input line 3858.
[312]

Package hyperref Warning: Token not allowed in a PDF string (Unicode):
(hyperref)                removing `\@ifnextchar' on input line 3895.

LaTeX Info: Redefining \. on input line 3929.
LaTeX Info: Redefining \% on input line 3929.

Package fancyhdr Warning: \headheight is too small (12.0pt): 
(fancyhdr)                Make it at least 13.07225pt, for example:
(fancyhdr)                \setlength{\headheight}{13.07225pt}.
(fancyhdr)                You might also make \topmargin smaller to compensate:

(fancyhdr)                \addtolength{\topmargin}{-1.07225pt}.

LaTeX Info: Redefining \. on input line 3929.
LaTeX Info: Redefining \% on input line 3929.
[313]
Overfull \hbox (4.25398pt too wide) in paragraph at lines 4006--4007
[][]\OT1/cmr/m/it/9 Si
 []

LaTeX Info: Redefining \. on input line 4009.
LaTeX Info: Redefining \% on input line 4009.

Package fancyhdr Warning: \headheight is too small (12.0pt): 
(fancyhdr)                Make it at least 13.07225pt, for example:
(fancyhdr)                \setlength{\headheight}{13.07225pt}.
(fancyhdr)                You might also make \topmargin smaller to compensate:

(fancyhdr)                \addtolength{\topmargin}{-1.07225pt}.

LaTeX Info: Redefining \. on input line 4009.
LaTeX Info: Redefining \% on input line 4009.
[314]
LaTeX Info: Redefining \. on input line 4085.
LaTeX Info: Redefining \% on input line 4085.


Package fancyhdr Warning: \headheight is too small (12.0pt): 
(fancyhdr)                Make it at least 13.07225pt, for example:
(fancyhdr)                \setlength{\headheight}{13.07225pt}.
(fancyhdr)                You might also make \topmargin smaller to compensate:

(fancyhdr)                \addtolength{\topmargin}{-1.07225pt}.

LaTeX Info: Redefining \. on input line 4085.
LaTeX Info: Redefining \% on input line 4085.
[315]
Overfull \hbox (4.25398pt too wide) in paragraph at lines 4102--4103
[][]\OT1/cmr/m/it/9 Si
 []

LaTeX Info: Redefining \. on input line 4175.
LaTeX Info: Redefining \% on input line 4175.

Package fancyhdr Warning: \headheight is too small (12.0pt): 
(fancyhdr)                Make it at least 13.07225pt, for example:
(fancyhdr)                \setlength{\headheight}{13.07225pt}.
(fancyhdr)                You might also make \topmargin smaller to compensate:

(fancyhdr)                \addtolength{\topmargin}{-1.07225pt}.

LaTeX Info: Redefining \. on input line 4175.
LaTeX Info: Redefining \% on input line 4175.
[316]
Overfull \hbox (4.25398pt too wide) in paragraph at lines 4197--4198
[][]\OT1/cmr/m/it/9 Si
 []

LaTeX Info: Redefining \. on input line 4255.
LaTeX Info: Redefining \% on input line 4255.

Package fancyhdr Warning: \headheight is too small (12.0pt): 
(fancyhdr)                Make it at least 13.07225pt, for example:
(fancyhdr)                \setlength{\headheight}{13.07225pt}.
(fancyhdr)                You might also make \topmargin smaller to compensate:

(fancyhdr)                \addtolength{\topmargin}{-1.07225pt}.

LaTeX Info: Redefining \. on input line 4255.
LaTeX Info: Redefining \% on input line 4255.
[317]
Overfull \hbox (4.25398pt too wide) in paragraph at lines 4294--4295
[][]\OT1/cmr/m/it/9 Si
 []

LaTeX Info: Redefining \. on input line 4324.
LaTeX Info: Redefining \% on input line 4324.

Package fancyhdr Warning: \headheight is too small (12.0pt): 
(fancyhdr)                Make it at least 13.07225pt, for example:
(fancyhdr)                \setlength{\headheight}{13.07225pt}.
(fancyhdr)                You might also make \topmargin smaller to compensate:

(fancyhdr)                \addtolength{\topmargin}{-1.07225pt}.

LaTeX Info: Redefining \. on input line 4324.
LaTeX Info: Redefining \% on input line 4324.
[318]

Package hyperref Warning: Token not allowed in a PDF string (Unicode):
(hyperref)                removing `\@ifnextchar' on input line 4331.

LaTeX Info: Redefining \. on input line 4390.
LaTeX Info: Redefining \% on input line 4390.

Package fancyhdr Warning: \headheight is too small (12.0pt): 
(fancyhdr)                Make it at least 13.07225pt, for example:
(fancyhdr)                \setlength{\headheight}{13.07225pt}.
(fancyhdr)                You might also make \topmargin smaller to compensate:

(fancyhdr)                \addtolength{\topmargin}{-1.07225pt}.

LaTeX Info: Redefining \. on input line 4390.
LaTeX Info: Redefining \% on input line 4390.
[319]
LaTeX Info: Redefining \. on input line 4462.
LaTeX Info: Redefining \% on input line 4462.


Package fancyhdr Warning: \headheight is too small (12.0pt): 
(fancyhdr)                Make it at least 13.07225pt, for example:
(fancyhdr)                \setlength{\headheight}{13.07225pt}.
(fancyhdr)                You might also make \topmargin smaller to compensate:

(fancyhdr)                \addtolength{\topmargin}{-1.07225pt}.

LaTeX Info: Redefining \. on input line 4462.
LaTeX Info: Redefining \% on input line 4462.
[320]
Overfull \hbox (4.25398pt too wide) in paragraph at lines 4540--4541
[][]\OT1/cmr/m/it/9 Si
 []

LaTeX Info: Redefining \. on input line 4552.
LaTeX Info: Redefining \% on input line 4552.

Package fancyhdr Warning: \headheight is too small (12.0pt): 
(fancyhdr)                Make it at least 13.07225pt, for example:
(fancyhdr)                \setlength{\headheight}{13.07225pt}.
(fancyhdr)                You might also make \topmargin smaller to compensate:

(fancyhdr)                \addtolength{\topmargin}{-1.07225pt}.

LaTeX Info: Redefining \. on input line 4552.
LaTeX Info: Redefining \% on input line 4552.
[321]
LaTeX Info: Redefining \. on input line 4631.
LaTeX Info: Redefining \% on input line 4631.


Package fancyhdr Warning: \headheight is too small (12.0pt): 
(fancyhdr)                Make it at least 13.07225pt, for example:
(fancyhdr)                \setlength{\headheight}{13.07225pt}.
(fancyhdr)                You might also make \topmargin smaller to compensate:

(fancyhdr)                \addtolength{\topmargin}{-1.07225pt}.

LaTeX Info: Redefining \. on input line 4631.
LaTeX Info: Redefining \% on input line 4631.
[322]
Overfull \hbox (6.92989pt too wide) in paragraph at lines 4636--4637
[][]\OT1/cmr/m/it/9 Para el pro-ce-so de re-no-va-ci^^Son $\OML/cmm/m/it/9 N []
$\OT1/cmr/m/it/9 , 
 []

LaTeX Info: Redefining \. on input line 4674.
LaTeX Info: Redefining \% on input line 4674.

Package fancyhdr Warning: \headheight is too small (12.0pt): 
(fancyhdr)                Make it at least 13.07225pt, for example:
(fancyhdr)                \setlength{\headheight}{13.07225pt}.
(fancyhdr)                You might also make \topmargin smaller to compensate:

(fancyhdr)                \addtolength{\topmargin}{-1.07225pt}.

LaTeX Info: Redefining \. on input line 4674.
LaTeX Info: Redefining \% on input line 4674.
[323]
LaTeX Info: Redefining \. on input line 4732.
LaTeX Info: Redefining \% on input line 4732.


Package fancyhdr Warning: \headheight is too small (12.0pt): 
(fancyhdr)                Make it at least 13.07225pt, for example:
(fancyhdr)                \setlength{\headheight}{13.07225pt}.
(fancyhdr)                You might also make \topmargin smaller to compensate:

(fancyhdr)                \addtolength{\topmargin}{-1.07225pt}.

LaTeX Info: Redefining \. on input line 4732.
LaTeX Info: Redefining \% on input line 4732.
[324]
LaTeX Info: Redefining \. on input line 4790.
LaTeX Info: Redefining \% on input line 4790.


Package fancyhdr Warning: \headheight is too small (12.0pt): 
(fancyhdr)                Make it at least 13.07225pt, for example:
(fancyhdr)                \setlength{\headheight}{13.07225pt}.
(fancyhdr)                You might also make \topmargin smaller to compensate:

(fancyhdr)                \addtolength{\topmargin}{-1.07225pt}.

LaTeX Info: Redefining \. on input line 4790.
LaTeX Info: Redefining \% on input line 4790.
[325]
LaTeX Info: Redefining \. on input line 4855.
LaTeX Info: Redefining \% on input line 4855.


Package fancyhdr Warning: \headheight is too small (12.0pt): 
(fancyhdr)                Make it at least 13.07225pt, for example:
(fancyhdr)                \setlength{\headheight}{13.07225pt}.
(fancyhdr)                You might also make \topmargin smaller to compensate:

(fancyhdr)                \addtolength{\topmargin}{-1.07225pt}.

LaTeX Info: Redefining \. on input line 4855.
LaTeX Info: Redefining \% on input line 4855.
[326]
Overfull \hbox (3.1751pt too wide) in alignment at lines 4886--4891
 [][][] []
 []

LaTeX Info: Redefining \. on input line 4907.
LaTeX Info: Redefining \% on input line 4907.

Package fancyhdr Warning: \headheight is too small (12.0pt): 
(fancyhdr)                Make it at least 13.07225pt, for example:
(fancyhdr)                \setlength{\headheight}{13.07225pt}.
(fancyhdr)                You might also make \topmargin smaller to compensate:

(fancyhdr)                \addtolength{\topmargin}{-1.07225pt}.

LaTeX Info: Redefining \. on input line 4907.
LaTeX Info: Redefining \% on input line 4907.
[327]
LaTeX Info: Redefining \. on input line 4975.
LaTeX Info: Redefining \% on input line 4975.


Package fancyhdr Warning: \headheight is too small (12.0pt): 
(fancyhdr)                Make it at least 13.07225pt, for example:
(fancyhdr)                \setlength{\headheight}{13.07225pt}.
(fancyhdr)                You might also make \topmargin smaller to compensate:

(fancyhdr)                \addtolength{\topmargin}{-1.07225pt}.

LaTeX Info: Redefining \. on input line 4975.
LaTeX Info: Redefining \% on input line 4975.
[328]
LaTeX Info: Redefining \. on input line 5038.
LaTeX Info: Redefining \% on input line 5038.


Package fancyhdr Warning: \headheight is too small (12.0pt): 
(fancyhdr)                Make it at least 13.07225pt, for example:
(fancyhdr)                \setlength{\headheight}{13.07225pt}.
(fancyhdr)                You might also make \topmargin smaller to compensate:

(fancyhdr)                \addtolength{\topmargin}{-1.07225pt}.

LaTeX Info: Redefining \. on input line 5038.
LaTeX Info: Redefining \% on input line 5038.
[329]
LaTeX Info: Redefining \. on input line 5094.
LaTeX Info: Redefining \% on input line 5094.


Package fancyhdr Warning: \headheight is too small (12.0pt): 
(fancyhdr)                Make it at least 13.07225pt, for example:
(fancyhdr)                \setlength{\headheight}{13.07225pt}.
(fancyhdr)                You might also make \topmargin smaller to compensate:

(fancyhdr)                \addtolength{\topmargin}{-1.07225pt}.

LaTeX Info: Redefining \. on input line 5094.
LaTeX Info: Redefining \% on input line 5094.
[330]
LaTeX Info: Redefining \. on input line 5177.
LaTeX Info: Redefining \% on input line 5177.


Package fancyhdr Warning: \headheight is too small (12.0pt): 
(fancyhdr)                Make it at least 13.07225pt, for example:
(fancyhdr)                \setlength{\headheight}{13.07225pt}.
(fancyhdr)                You might also make \topmargin smaller to compensate:

(fancyhdr)                \addtolength{\topmargin}{-1.07225pt}.

LaTeX Info: Redefining \. on input line 5177.
LaTeX Info: Redefining \% on input line 5177.
[331]
LaTeX Info: Redefining \. on input line 5234.
LaTeX Info: Redefining \% on input line 5234.


Package fancyhdr Warning: \headheight is too small (12.0pt): 
(fancyhdr)                Make it at least 13.07225pt, for example:
(fancyhdr)                \setlength{\headheight}{13.07225pt}.
(fancyhdr)                You might also make \topmargin smaller to compensate:

(fancyhdr)                \addtolength{\topmargin}{-1.07225pt}.

LaTeX Info: Redefining \. on input line 5234.
LaTeX Info: Redefining \% on input line 5234.
[332]
LaTeX Info: Redefining \. on input line 5291.
LaTeX Info: Redefining \% on input line 5291.


Package fancyhdr Warning: \headheight is too small (12.0pt): 
(fancyhdr)                Make it at least 13.07225pt, for example:
(fancyhdr)                \setlength{\headheight}{13.07225pt}.
(fancyhdr)                You might also make \topmargin smaller to compensate:

(fancyhdr)                \addtolength{\topmargin}{-1.07225pt}.

LaTeX Info: Redefining \. on input line 5291.
LaTeX Info: Redefining \% on input line 5291.
[333]
Overfull \hbox (3.1751pt too wide) in alignment at lines 5322--5327
 [][][] []
 []

LaTeX Info: Redefining \. on input line 5343.
LaTeX Info: Redefining \% on input line 5343.

Package fancyhdr Warning: \headheight is too small (12.0pt): 
(fancyhdr)                Make it at least 13.07225pt, for example:
(fancyhdr)                \setlength{\headheight}{13.07225pt}.
(fancyhdr)                You might also make \topmargin smaller to compensate:

(fancyhdr)                \addtolength{\topmargin}{-1.07225pt}.

LaTeX Info: Redefining \. on input line 5343.
LaTeX Info: Redefining \% on input line 5343.
[334]
LaTeX Info: Redefining \. on input line 5407.
LaTeX Info: Redefining \% on input line 5407.


Package fancyhdr Warning: \headheight is too small (12.0pt): 
(fancyhdr)                Make it at least 13.07225pt, for example:
(fancyhdr)                \setlength{\headheight}{13.07225pt}.
(fancyhdr)                You might also make \topmargin smaller to compensate:

(fancyhdr)                \addtolength{\topmargin}{-1.07225pt}.

LaTeX Info: Redefining \. on input line 5407.
LaTeX Info: Redefining \% on input line 5407.
[335]
LaTeX Info: Redefining \. on input line 5468.
LaTeX Info: Redefining \% on input line 5468.


Package fancyhdr Warning: \headheight is too small (12.0pt): 
(fancyhdr)                Make it at least 13.07225pt, for example:
(fancyhdr)                \setlength{\headheight}{13.07225pt}.
(fancyhdr)                You might also make \topmargin smaller to compensate:

(fancyhdr)                \addtolength{\topmargin}{-1.07225pt}.

LaTeX Info: Redefining \. on input line 5468.
LaTeX Info: Redefining \% on input line 5468.
[336]
LaTeX Info: Redefining \. on input line 5522.
LaTeX Info: Redefining \% on input line 5522.


Package fancyhdr Warning: \headheight is too small (12.0pt): 
(fancyhdr)                Make it at least 13.07225pt, for example:
(fancyhdr)                \setlength{\headheight}{13.07225pt}.
(fancyhdr)                You might also make \topmargin smaller to compensate:

(fancyhdr)                \addtolength{\topmargin}{-1.07225pt}.

LaTeX Info: Redefining \. on input line 5522.
LaTeX Info: Redefining \% on input line 5522.
[337]
LaTeX Info: Redefining \. on input line 5588.
LaTeX Info: Redefining \% on input line 5588.


Package fancyhdr Warning: \headheight is too small (12.0pt): 
(fancyhdr)                Make it at least 13.07225pt, for example:
(fancyhdr)                \setlength{\headheight}{13.07225pt}.
(fancyhdr)                You might also make \topmargin smaller to compensate:

(fancyhdr)                \addtolength{\topmargin}{-1.07225pt}.

LaTeX Info: Redefining \. on input line 5588.
LaTeX Info: Redefining \% on input line 5588.
[338]
Overfull \hbox (3.1751pt too wide) in alignment at lines 5610--5615
 [][][] []
 []

LaTeX Info: Redefining \. on input line 5651.
LaTeX Info: Redefining \% on input line 5651.

Package fancyhdr Warning: \headheight is too small (12.0pt): 
(fancyhdr)                Make it at least 13.07225pt, for example:
(fancyhdr)                \setlength{\headheight}{13.07225pt}.
(fancyhdr)                You might also make \topmargin smaller to compensate:

(fancyhdr)                \addtolength{\topmargin}{-1.07225pt}.

LaTeX Info: Redefining \. on input line 5651.
LaTeX Info: Redefining \% on input line 5651.
[339]
LaTeX Info: Redefining \. on input line 5721.
LaTeX Info: Redefining \% on input line 5721.


Package fancyhdr Warning: \headheight is too small (12.0pt): 
(fancyhdr)                Make it at least 13.07225pt, for example:
(fancyhdr)                \setlength{\headheight}{13.07225pt}.
(fancyhdr)                You might also make \topmargin smaller to compensate:

(fancyhdr)                \addtolength{\topmargin}{-1.07225pt}.

LaTeX Info: Redefining \. on input line 5721.
LaTeX Info: Redefining \% on input line 5721.
[340]
LaTeX Info: Redefining \. on input line 5781.
LaTeX Info: Redefining \% on input line 5781.


Package fancyhdr Warning: \headheight is too small (12.0pt): 
(fancyhdr)                Make it at least 13.07225pt, for example:
(fancyhdr)                \setlength{\headheight}{13.07225pt}.
(fancyhdr)                You might also make \topmargin smaller to compensate:

(fancyhdr)                \addtolength{\topmargin}{-1.07225pt}.

LaTeX Info: Redefining \. on input line 5781.
LaTeX Info: Redefining \% on input line 5781.
[341]
LaTeX Info: Redefining \. on input line 5834.
LaTeX Info: Redefining \% on input line 5834.


Package fancyhdr Warning: \headheight is too small (12.0pt): 
(fancyhdr)                Make it at least 13.07225pt, for example:
(fancyhdr)                \setlength{\headheight}{13.07225pt}.
(fancyhdr)                You might also make \topmargin smaller to compensate:

(fancyhdr)                \addtolength{\topmargin}{-1.07225pt}.

LaTeX Info: Redefining \. on input line 5834.
LaTeX Info: Redefining \% on input line 5834.
[342]
LaTeX Info: Redefining \. on input line 5879.
LaTeX Info: Redefining \% on input line 5879.


Package fancyhdr Warning: \headheight is too small (12.0pt): 
(fancyhdr)                Make it at least 13.07225pt, for example:
(fancyhdr)                \setlength{\headheight}{13.07225pt}.
(fancyhdr)                You might also make \topmargin smaller to compensate:

(fancyhdr)                \addtolength{\topmargin}{-1.07225pt}.

LaTeX Info: Redefining \. on input line 5879.
LaTeX Info: Redefining \% on input line 5879.
[343]
Overfull \hbox (3.1751pt too wide) in alignment at lines 5893--5898
 [][][] []
 []

LaTeX Info: Redefining \. on input line 5942.
LaTeX Info: Redefining \% on input line 5942.

Package fancyhdr Warning: \headheight is too small (12.0pt): 
(fancyhdr)                Make it at least 13.07225pt, for example:
(fancyhdr)                \setlength{\headheight}{13.07225pt}.
(fancyhdr)                You might also make \topmargin smaller to compensate:

(fancyhdr)                \addtolength{\topmargin}{-1.07225pt}.

LaTeX Info: Redefining \. on input line 5942.
LaTeX Info: Redefining \% on input line 5942.
[344]
LaTeX Info: Redefining \. on input line 6012.
LaTeX Info: Redefining \% on input line 6012.


Package fancyhdr Warning: \headheight is too small (12.0pt): 
(fancyhdr)                Make it at least 13.07225pt, for example:
(fancyhdr)                \setlength{\headheight}{13.07225pt}.
(fancyhdr)                You might also make \topmargin smaller to compensate:

(fancyhdr)                \addtolength{\topmargin}{-1.07225pt}.

LaTeX Info: Redefining \. on input line 6012.
LaTeX Info: Redefining \% on input line 6012.
[345]
LaTeX Info: Redefining \. on input line 6074.
LaTeX Info: Redefining \% on input line 6074.


Package fancyhdr Warning: \headheight is too small (12.0pt): 
(fancyhdr)                Make it at least 13.07225pt, for example:
(fancyhdr)                \setlength{\headheight}{13.07225pt}.
(fancyhdr)                You might also make \topmargin smaller to compensate:

(fancyhdr)                \addtolength{\topmargin}{-1.07225pt}.

LaTeX Info: Redefining \. on input line 6074.
LaTeX Info: Redefining \% on input line 6074.
[346]
LaTeX Info: Redefining \. on input line 6127.
LaTeX Info: Redefining \% on input line 6127.


Package fancyhdr Warning: \headheight is too small (12.0pt): 
(fancyhdr)                Make it at least 13.07225pt, for example:
(fancyhdr)                \setlength{\headheight}{13.07225pt}.
(fancyhdr)                You might also make \topmargin smaller to compensate:

(fancyhdr)                \addtolength{\topmargin}{-1.07225pt}.

LaTeX Info: Redefining \. on input line 6127.
LaTeX Info: Redefining \% on input line 6127.
[347]
LaTeX Info: Redefining \. on input line 6171.
LaTeX Info: Redefining \% on input line 6171.


Package fancyhdr Warning: \headheight is too small (12.0pt): 
(fancyhdr)                Make it at least 13.07225pt, for example:
(fancyhdr)                \setlength{\headheight}{13.07225pt}.
(fancyhdr)                You might also make \topmargin smaller to compensate:

(fancyhdr)                \addtolength{\topmargin}{-1.07225pt}.

LaTeX Info: Redefining \. on input line 6171.
LaTeX Info: Redefining \% on input line 6171.
[348]
Overfull \hbox (3.1751pt too wide) in alignment at lines 6193--6198
 [][][] []
 []

LaTeX Info: Redefining \. on input line 6234.
LaTeX Info: Redefining \% on input line 6234.

Package fancyhdr Warning: \headheight is too small (12.0pt): 
(fancyhdr)                Make it at least 13.07225pt, for example:
(fancyhdr)                \setlength{\headheight}{13.07225pt}.
(fancyhdr)                You might also make \topmargin smaller to compensate:

(fancyhdr)                \addtolength{\topmargin}{-1.07225pt}.

LaTeX Info: Redefining \. on input line 6234.
LaTeX Info: Redefining \% on input line 6234.
[349]
Overfull \hbox (38.20743pt too wide) in paragraph at lines 6262--6264
\OT1/cmr/m/n/9 1\OML/cmm/m/it/9 ; \OT1/cmr/m/n/9 2\OML/cmm/m/it/9 ; \OT1/cmr/m/
n/9 3\OML/cmm/m/it/9 ; \OT1/cmr/m/n/9 4$\OT1/cmr/m/it/9 . Exis-te un in-ter-va-
lo $\OML/cmm/m/it/9 I \OMS/cmsy/m/n/9 6\OT1/cmr/m/n/9 = \OMS/cmsy/m/n/9 ;$ \OT1
/cmr/m/it/9 tal que pa-ra $\OML/cmm/m/it/9 T[] \OMS/cmsy/m/n/9 2 \OML/cmm/m/it/
9 I$\OT1/cmr/m/it/9 , tal que $\U/msb/m/n/9 P [] \OML/cmm/m/it/9 >
 []

LaTeX Info: Redefining \. on input line 6305.
LaTeX Info: Redefining \% on input line 6305.

Package fancyhdr Warning: \headheight is too small (12.0pt): 
(fancyhdr)                Make it at least 13.07225pt, for example:
(fancyhdr)                \setlength{\headheight}{13.07225pt}.
(fancyhdr)                You might also make \topmargin smaller to compensate:

(fancyhdr)                \addtolength{\topmargin}{-1.07225pt}.

LaTeX Info: Redefining \. on input line 6305.
LaTeX Info: Redefining \% on input line 6305.
[350]
LaTeX Info: Redefining \. on input line 6420.
LaTeX Info: Redefining \% on input line 6420.


Package fancyhdr Warning: \headheight is too small (12.0pt): 
(fancyhdr)                Make it at least 13.07225pt, for example:
(fancyhdr)                \setlength{\headheight}{13.07225pt}.
(fancyhdr)                You might also make \topmargin smaller to compensate:

(fancyhdr)                \addtolength{\topmargin}{-1.07225pt}.

LaTeX Info: Redefining \. on input line 6420.
LaTeX Info: Redefining \% on input line 6420.
[351]
LaTeX Info: Redefining \. on input line 6499.
LaTeX Info: Redefining \% on input line 6499.


Package fancyhdr Warning: \headheight is too small (12.0pt): 
(fancyhdr)                Make it at least 13.07225pt, for example:
(fancyhdr)                \setlength{\headheight}{13.07225pt}.
(fancyhdr)                You might also make \topmargin smaller to compensate:

(fancyhdr)                \addtolength{\topmargin}{-1.07225pt}.

LaTeX Info: Redefining \. on input line 6499.
LaTeX Info: Redefining \% on input line 6499.
[352]
LaTeX Info: Redefining \. on input line 6589.
LaTeX Info: Redefining \% on input line 6589.


Package fancyhdr Warning: \headheight is too small (12.0pt): 
(fancyhdr)                Make it at least 13.07225pt, for example:
(fancyhdr)                \setlength{\headheight}{13.07225pt}.
(fancyhdr)                You might also make \topmargin smaller to compensate:

(fancyhdr)                \addtolength{\topmargin}{-1.07225pt}.

LaTeX Info: Redefining \. on input line 6589.
LaTeX Info: Redefining \% on input line 6589.
[353]
LaTeX Info: Redefining \. on input line 6666.
LaTeX Info: Redefining \% on input line 6666.


Package fancyhdr Warning: \headheight is too small (12.0pt): 
(fancyhdr)                Make it at least 13.07225pt, for example:
(fancyhdr)                \setlength{\headheight}{13.07225pt}.
(fancyhdr)                You might also make \topmargin smaller to compensate:

(fancyhdr)                \addtolength{\topmargin}{-1.07225pt}.

LaTeX Info: Redefining \. on input line 6666.
LaTeX Info: Redefining \% on input line 6666.
[354]
LaTeX Info: Redefining \. on input line 6730.
LaTeX Info: Redefining \% on input line 6730.


Package fancyhdr Warning: \headheight is too small (12.0pt): 
(fancyhdr)                Make it at least 13.07225pt, for example:
(fancyhdr)                \setlength{\headheight}{13.07225pt}.
(fancyhdr)                You might also make \topmargin smaller to compensate:

(fancyhdr)                \addtolength{\topmargin}{-1.07225pt}.

LaTeX Info: Redefining \. on input line 6730.
LaTeX Info: Redefining \% on input line 6730.
[355]
LaTeX Info: Redefining \. on input line 6820.
LaTeX Info: Redefining \% on input line 6820.


Package fancyhdr Warning: \headheight is too small (12.0pt): 
(fancyhdr)                Make it at least 13.07225pt, for example:
(fancyhdr)                \setlength{\headheight}{13.07225pt}.
(fancyhdr)                You might also make \topmargin smaller to compensate:

(fancyhdr)                \addtolength{\topmargin}{-1.07225pt}.

LaTeX Info: Redefining \. on input line 6820.
LaTeX Info: Redefining \% on input line 6820.
[356]
Overfull \hbox (4.25398pt too wide) in paragraph at lines 6832--6833
[][]\OT1/cmr/m/it/9 Si
 []

LaTeX Info: Redefining \. on input line 6907.
LaTeX Info: Redefining \% on input line 6907.

Package fancyhdr Warning: \headheight is too small (12.0pt): 
(fancyhdr)                Make it at least 13.07225pt, for example:
(fancyhdr)                \setlength{\headheight}{13.07225pt}.
(fancyhdr)                You might also make \topmargin smaller to compensate:

(fancyhdr)                \addtolength{\topmargin}{-1.07225pt}.

LaTeX Info: Redefining \. on input line 6907.
LaTeX Info: Redefining \% on input line 6907.
[357]
Overfull \hbox (4.25398pt too wide) in paragraph at lines 6929--6930
[][]\OT1/cmr/m/it/9 Si
 []

LaTeX Info: Redefining \. on input line 6989.
LaTeX Info: Redefining \% on input line 6989.

Package fancyhdr Warning: \headheight is too small (12.0pt): 
(fancyhdr)                Make it at least 13.07225pt, for example:
(fancyhdr)                \setlength{\headheight}{13.07225pt}.
(fancyhdr)                You might also make \topmargin smaller to compensate:

(fancyhdr)                \addtolength{\topmargin}{-1.07225pt}.

LaTeX Info: Redefining \. on input line 6989.
LaTeX Info: Redefining \% on input line 6989.
[358]
Overfull \hbox (4.25398pt too wide) in paragraph at lines 7025--7026
[][]\OT1/cmr/m/it/9 Si
 []

LaTeX Info: Redefining \. on input line 7073.
LaTeX Info: Redefining \% on input line 7073.

Package fancyhdr Warning: \headheight is too small (12.0pt): 
(fancyhdr)                Make it at least 13.07225pt, for example:
(fancyhdr)                \setlength{\headheight}{13.07225pt}.
(fancyhdr)                You might also make \topmargin smaller to compensate:

(fancyhdr)                \addtolength{\topmargin}{-1.07225pt}.

LaTeX Info: Redefining \. on input line 7073.
LaTeX Info: Redefining \% on input line 7073.
[359]
Overfull \hbox (4.25398pt too wide) in paragraph at lines 7120--7121
[][]\OT1/cmr/m/it/9 Si
 []

LaTeX Info: Redefining \. on input line 7150.
LaTeX Info: Redefining \% on input line 7150.

Package fancyhdr Warning: \headheight is too small (12.0pt): 
(fancyhdr)                Make it at least 13.07225pt, for example:
(fancyhdr)                \setlength{\headheight}{13.07225pt}.
(fancyhdr)                You might also make \topmargin smaller to compensate:

(fancyhdr)                \addtolength{\topmargin}{-1.07225pt}.

LaTeX Info: Redefining \. on input line 7150.
LaTeX Info: Redefining \% on input line 7150.
[360]
Overfull \hbox (4.25398pt too wide) in paragraph at lines 7214--7215
[][]\OT1/cmr/m/it/9 Si
 []

LaTeX Info: Redefining \. on input line 7238.
LaTeX Info: Redefining \% on input line 7238.

Package fancyhdr Warning: \headheight is too small (12.0pt): 
(fancyhdr)                Make it at least 13.07225pt, for example:
(fancyhdr)                \setlength{\headheight}{13.07225pt}.
(fancyhdr)                You might also make \topmargin smaller to compensate:

(fancyhdr)                \addtolength{\topmargin}{-1.07225pt}.

LaTeX Info: Redefining \. on input line 7238.
LaTeX Info: Redefining \% on input line 7238.
[361]
LaTeX Info: Redefining \. on input line 7332.
LaTeX Info: Redefining \% on input line 7332.


Package fancyhdr Warning: \headheight is too small (12.0pt): 
(fancyhdr)                Make it at least 13.07225pt, for example:
(fancyhdr)                \setlength{\headheight}{13.07225pt}.
(fancyhdr)                You might also make \topmargin smaller to compensate:

(fancyhdr)                \addtolength{\topmargin}{-1.07225pt}.

LaTeX Info: Redefining \. on input line 7332.
LaTeX Info: Redefining \% on input line 7332.
[362]
Overfull \hbox (6.92989pt too wide) in paragraph at lines 7337--7338
[][]\OT1/cmr/m/it/9 Para el pro-ce-so de re-no-va-ci^^Son $\OML/cmm/m/it/9 N []
$\OT1/cmr/m/it/9 , 
 []

LaTeX Info: Redefining \. on input line 7390.
LaTeX Info: Redefining \% on input line 7390.

Package fancyhdr Warning: \headheight is too small (12.0pt): 
(fancyhdr)                Make it at least 13.07225pt, for example:
(fancyhdr)                \setlength{\headheight}{13.07225pt}.
(fancyhdr)                You might also make \topmargin smaller to compensate:

(fancyhdr)                \addtolength{\topmargin}{-1.07225pt}.

LaTeX Info: Redefining \. on input line 7390.
LaTeX Info: Redefining \% on input line 7390.
[363]
Overfull \hbox (4.25398pt too wide) in paragraph at lines 7460--7461
[][]\OT1/cmr/m/it/9 Si
 []

LaTeX Info: Redefining \. on input line 7482.
LaTeX Info: Redefining \% on input line 7482.

Package fancyhdr Warning: \headheight is too small (12.0pt): 
(fancyhdr)                Make it at least 13.07225pt, for example:
(fancyhdr)                \setlength{\headheight}{13.07225pt}.
(fancyhdr)                You might also make \topmargin smaller to compensate:

(fancyhdr)                \addtolength{\topmargin}{-1.07225pt}.

LaTeX Info: Redefining \. on input line 7482.
LaTeX Info: Redefining \% on input line 7482.
[364]
Overfull \hbox (6.92989pt too wide) in paragraph at lines 7550--7551
[][]\OT1/cmr/m/it/9 Para el pro-ce-so de re-no-va-ci^^Son $\OML/cmm/m/it/9 N []
$\OT1/cmr/m/it/9 , 
 []

LaTeX Info: Redefining \. on input line 7560.
LaTeX Info: Redefining \% on input line 7560.

Package fancyhdr Warning: \headheight is too small (12.0pt): 
(fancyhdr)                Make it at least 13.07225pt, for example:
(fancyhdr)                \setlength{\headheight}{13.07225pt}.
(fancyhdr)                You might also make \topmargin smaller to compensate:

(fancyhdr)                \addtolength{\topmargin}{-1.07225pt}.

LaTeX Info: Redefining \. on input line 7560.
LaTeX Info: Redefining \% on input line 7560.
[365]
Overfull \hbox (6.92989pt too wide) in paragraph at lines 7634--7635
[][]\OT1/cmr/m/it/9 Para el pro-ce-so de re-no-va-ci^^Son $\OML/cmm/m/it/9 N []
$\OT1/cmr/m/it/9 , 
 []

LaTeX Info: Redefining \. on input line 7646.
LaTeX Info: Redefining \% on input line 7646.

Package fancyhdr Warning: \headheight is too small (12.0pt): 
(fancyhdr)                Make it at least 13.07225pt, for example:
(fancyhdr)                \setlength{\headheight}{13.07225pt}.
(fancyhdr)                You might also make \topmargin smaller to compensate:

(fancyhdr)                \addtolength{\topmargin}{-1.07225pt}.

LaTeX Info: Redefining \. on input line 7646.
LaTeX Info: Redefining \% on input line 7646.
[366]
LaTeX Info: Redefining \. on input line 7731.
LaTeX Info: Redefining \% on input line 7731.


Package fancyhdr Warning: \headheight is too small (12.0pt): 
(fancyhdr)                Make it at least 13.07225pt, for example:
(fancyhdr)                \setlength{\headheight}{13.07225pt}.
(fancyhdr)                You might also make \topmargin smaller to compensate:

(fancyhdr)                \addtolength{\topmargin}{-1.07225pt}.

LaTeX Info: Redefining \. on input line 7731.
LaTeX Info: Redefining \% on input line 7731.
[367]
LaTeX Info: Redefining \. on input line 7806.
LaTeX Info: Redefining \% on input line 7806.


Package fancyhdr Warning: \headheight is too small (12.0pt): 
(fancyhdr)                Make it at least 13.07225pt, for example:
(fancyhdr)                \setlength{\headheight}{13.07225pt}.
(fancyhdr)                You might also make \topmargin smaller to compensate:

(fancyhdr)                \addtolength{\topmargin}{-1.07225pt}.

LaTeX Info: Redefining \. on input line 7806.
LaTeX Info: Redefining \% on input line 7806.
[368]
LaTeX Info: Redefining \. on input line 7908.
LaTeX Info: Redefining \% on input line 7908.


Package fancyhdr Warning: \headheight is too small (12.0pt): 
(fancyhdr)                Make it at least 13.07225pt, for example:
(fancyhdr)                \setlength{\headheight}{13.07225pt}.
(fancyhdr)                You might also make \topmargin smaller to compensate:

(fancyhdr)                \addtolength{\topmargin}{-1.07225pt}.

LaTeX Info: Redefining \. on input line 7908.
LaTeX Info: Redefining \% on input line 7908.
[369]
LaTeX Info: Redefining \. on input line 7979.
LaTeX Info: Redefining \% on input line 7979.


Package fancyhdr Warning: \headheight is too small (12.0pt): 
(fancyhdr)                Make it at least 13.07225pt, for example:
(fancyhdr)                \setlength{\headheight}{13.07225pt}.
(fancyhdr)                You might also make \topmargin smaller to compensate:

(fancyhdr)                \addtolength{\topmargin}{-1.07225pt}.

LaTeX Info: Redefining \. on input line 7979.
LaTeX Info: Redefining \% on input line 7979.
[370]
LaTeX Info: Redefining \. on input line 8061.
LaTeX Info: Redefining \% on input line 8061.


Package fancyhdr Warning: \headheight is too small (12.0pt): 
(fancyhdr)                Make it at least 13.07225pt, for example:
(fancyhdr)                \setlength{\headheight}{13.07225pt}.
(fancyhdr)                You might also make \topmargin smaller to compensate:

(fancyhdr)                \addtolength{\topmargin}{-1.07225pt}.

LaTeX Info: Redefining \. on input line 8061.
LaTeX Info: Redefining \% on input line 8061.
[371]

LaTeX Warning: Reference `Corolario2' on page 372 undefined on input line 8120.


LaTeX Info: Redefining \. on input line 8121.
LaTeX Info: Redefining \% on input line 8121.

Package fancyhdr Warning: \headheight is too small (12.0pt): 
(fancyhdr)                Make it at least 13.07225pt, for example:
(fancyhdr)                \setlength{\headheight}{13.07225pt}.
(fancyhdr)                You might also make \topmargin smaller to compensate:

(fancyhdr)                \addtolength{\topmargin}{-1.07225pt}.

LaTeX Info: Redefining \. on input line 8121.
LaTeX Info: Redefining \% on input line 8121.
[372]
Overfull \hbox (38.20743pt too wide) in paragraph at lines 8166--8168
\OT1/cmr/m/n/9 1\OML/cmm/m/it/9 ; \OT1/cmr/m/n/9 2\OML/cmm/m/it/9 ; \OT1/cmr/m/
n/9 3\OML/cmm/m/it/9 ; \OT1/cmr/m/n/9 4$\OT1/cmr/m/it/9 . Exis-te un in-ter-va-
lo $\OML/cmm/m/it/9 I \OMS/cmsy/m/n/9 6\OT1/cmr/m/n/9 = \OMS/cmsy/m/n/9 ;$ \OT1
/cmr/m/it/9 tal que pa-ra $\OML/cmm/m/it/9 T[] \OMS/cmsy/m/n/9 2 \OML/cmm/m/it/
9 I$\OT1/cmr/m/it/9 , tal que $\U/msb/m/n/9 P [] \OML/cmm/m/it/9 >
 []

LaTeX Info: Redefining \. on input line 8180.
LaTeX Info: Redefining \% on input line 8180.

Package fancyhdr Warning: \headheight is too small (12.0pt): 
(fancyhdr)                Make it at least 13.07225pt, for example:
(fancyhdr)                \setlength{\headheight}{13.07225pt}.
(fancyhdr)                You might also make \topmargin smaller to compensate:

(fancyhdr)                \addtolength{\topmargin}{-1.07225pt}.

LaTeX Info: Redefining \. on input line 8180.
LaTeX Info: Redefining \% on input line 8180.
[373]
Overfull \hbox (16.29744pt too wide) in paragraph at lines 8222--8223
[]\OT1/cmr/m/it/9 An^^Salo-ga-men-te que co-mo se hi-zo pa-ra $\OML/cmm/m/it/9 
Q[]$\OT1/cmr/m/it/9 , te-ne-mos que pa-ra $\OML/cmm/m/it/9 Q[]$ \OT1/cmr/m/it/9
 se tie-ne el in-ter-va-lo $\OML/cmm/m/it/9 I[] \OT1/cmr/m/n/9 = []$
 []

LaTeX Info: Redefining \. on input line 8283.
LaTeX Info: Redefining \% on input line 8283.

Package fancyhdr Warning: \headheight is too small (12.0pt): 
(fancyhdr)                Make it at least 13.07225pt, for example:
(fancyhdr)                \setlength{\headheight}{13.07225pt}.
(fancyhdr)                You might also make \topmargin smaller to compensate:

(fancyhdr)                \addtolength{\topmargin}{-1.07225pt}.

LaTeX Info: Redefining \. on input line 8283.
LaTeX Info: Redefining \% on input line 8283.
[374]
Overfull \hbox (25.68799pt too wide) in alignment at lines 8288--8307
 [][][] []
 []


LaTeX Font Warning: Command \footnotesize invalid in math mode on input line 83
56.

LaTeX Info: Redefining \. on input line 8387.
LaTeX Info: Redefining \% on input line 8387.

Package fancyhdr Warning: \headheight is too small (12.0pt): 
(fancyhdr)                Make it at least 13.07225pt, for example:
(fancyhdr)                \setlength{\headheight}{13.07225pt}.
(fancyhdr)                You might also make \topmargin smaller to compensate:

(fancyhdr)                \addtolength{\topmargin}{-1.07225pt}.

LaTeX Info: Redefining \. on input line 8387.
LaTeX Info: Redefining \% on input line 8387.
[375]
LaTeX Info: Redefining \. on input line 8471.
LaTeX Info: Redefining \% on input line 8471.


Package fancyhdr Warning: \headheight is too small (12.0pt): 
(fancyhdr)                Make it at least 13.07225pt, for example:
(fancyhdr)                \setlength{\headheight}{13.07225pt}.
(fancyhdr)                You might also make \topmargin smaller to compensate:

(fancyhdr)                \addtolength{\topmargin}{-1.07225pt}.

LaTeX Info: Redefining \. on input line 8471.
LaTeX Info: Redefining \% on input line 8471.
[376]
LaTeX Info: Redefining \. on input line 8563.
LaTeX Info: Redefining \% on input line 8563.


Package fancyhdr Warning: \headheight is too small (12.0pt): 
(fancyhdr)                Make it at least 13.07225pt, for example:
(fancyhdr)                \setlength{\headheight}{13.07225pt}.
(fancyhdr)                You might also make \topmargin smaller to compensate:

(fancyhdr)                \addtolength{\topmargin}{-1.07225pt}.

LaTeX Info: Redefining \. on input line 8563.
LaTeX Info: Redefining \% on input line 8563.
[377]
LaTeX Info: Redefining \. on input line 8654.
LaTeX Info: Redefining \% on input line 8654.


Package fancyhdr Warning: \headheight is too small (12.0pt): 
(fancyhdr)                Make it at least 13.07225pt, for example:
(fancyhdr)                \setlength{\headheight}{13.07225pt}.
(fancyhdr)                You might also make \topmargin smaller to compensate:

(fancyhdr)                \addtolength{\topmargin}{-1.07225pt}.

LaTeX Info: Redefining \. on input line 8654.
LaTeX Info: Redefining \% on input line 8654.
[378]
LaTeX Info: Redefining \. on input line 8737.
LaTeX Info: Redefining \% on input line 8737.


Package fancyhdr Warning: \headheight is too small (12.0pt): 
(fancyhdr)                Make it at least 13.07225pt, for example:
(fancyhdr)                \setlength{\headheight}{13.07225pt}.
(fancyhdr)                You might also make \topmargin smaller to compensate:

(fancyhdr)                \addtolength{\topmargin}{-1.07225pt}.

LaTeX Info: Redefining \. on input line 8737.
LaTeX Info: Redefining \% on input line 8737.
[379]
LaTeX Info: Redefining \. on input line 8819.
LaTeX Info: Redefining \% on input line 8819.


Package fancyhdr Warning: \headheight is too small (12.0pt): 
(fancyhdr)                Make it at least 13.07225pt, for example:
(fancyhdr)                \setlength{\headheight}{13.07225pt}.
(fancyhdr)                You might also make \topmargin smaller to compensate:

(fancyhdr)                \addtolength{\topmargin}{-1.07225pt}.

LaTeX Info: Redefining \. on input line 8819.
LaTeX Info: Redefining \% on input line 8819.
[380]
Overfull \hbox (4.25398pt too wide) in paragraph at lines 8866--8867
[][]\OT1/cmr/m/it/9 Si
 []

LaTeX Info: Redefining \. on input line 8896.
LaTeX Info: Redefining \% on input line 8896.

Package fancyhdr Warning: \headheight is too small (12.0pt): 
(fancyhdr)                Make it at least 13.07225pt, for example:
(fancyhdr)                \setlength{\headheight}{13.07225pt}.
(fancyhdr)                You might also make \topmargin smaller to compensate:

(fancyhdr)                \addtolength{\topmargin}{-1.07225pt}.

LaTeX Info: Redefining \. on input line 8896.
LaTeX Info: Redefining \% on input line 8896.
[381]
Overfull \hbox (4.25398pt too wide) in paragraph at lines 8963--8964
[][]\OT1/cmr/m/it/9 Si
 []

LaTeX Info: Redefining \. on input line 8987.
LaTeX Info: Redefining \% on input line 8987.

Package fancyhdr Warning: \headheight is too small (12.0pt): 
(fancyhdr)                Make it at least 13.07225pt, for example:
(fancyhdr)                \setlength{\headheight}{13.07225pt}.
(fancyhdr)                You might also make \topmargin smaller to compensate:

(fancyhdr)                \addtolength{\topmargin}{-1.07225pt}.

LaTeX Info: Redefining \. on input line 8987.
LaTeX Info: Redefining \% on input line 8987.
[382]
Overfull \hbox (4.25398pt too wide) in paragraph at lines 9059--9060
[][]\OT1/cmr/m/it/9 Si
 []

LaTeX Info: Redefining \. on input line 9073.
LaTeX Info: Redefining \% on input line 9073.

Package fancyhdr Warning: \headheight is too small (12.0pt): 
(fancyhdr)                Make it at least 13.07225pt, for example:
(fancyhdr)                \setlength{\headheight}{13.07225pt}.
(fancyhdr)                You might also make \topmargin smaller to compensate:

(fancyhdr)                \addtolength{\topmargin}{-1.07225pt}.

LaTeX Info: Redefining \. on input line 9073.
LaTeX Info: Redefining \% on input line 9073.
[383]
Overfull \hbox (4.25398pt too wide) in paragraph at lines 9154--9155
[][]\OT1/cmr/m/it/9 Si
 []

LaTeX Info: Redefining \. on input line 9157.
LaTeX Info: Redefining \% on input line 9157.

Package fancyhdr Warning: \headheight is too small (12.0pt): 
(fancyhdr)                Make it at least 13.07225pt, for example:
(fancyhdr)                \setlength{\headheight}{13.07225pt}.
(fancyhdr)                You might also make \topmargin smaller to compensate:

(fancyhdr)                \addtolength{\topmargin}{-1.07225pt}.

LaTeX Info: Redefining \. on input line 9157.
LaTeX Info: Redefining \% on input line 9157.
[384]
LaTeX Info: Redefining \. on input line 9240.
LaTeX Info: Redefining \% on input line 9240.


Package fancyhdr Warning: \headheight is too small (12.0pt): 
(fancyhdr)                Make it at least 13.07225pt, for example:
(fancyhdr)                \setlength{\headheight}{13.07225pt}.
(fancyhdr)                You might also make \topmargin smaller to compensate:

(fancyhdr)                \addtolength{\topmargin}{-1.07225pt}.

LaTeX Info: Redefining \. on input line 9240.
LaTeX Info: Redefining \% on input line 9240.
[385]
Overfull \hbox (4.25398pt too wide) in paragraph at lines 9248--9249
[][]\OT1/cmr/m/it/9 Si
 []

LaTeX Info: Redefining \. on input line 9338.
LaTeX Info: Redefining \% on input line 9338.

Package fancyhdr Warning: \headheight is too small (12.0pt): 
(fancyhdr)                Make it at least 13.07225pt, for example:
(fancyhdr)                \setlength{\headheight}{13.07225pt}.
(fancyhdr)                You might also make \topmargin smaller to compensate:

(fancyhdr)                \addtolength{\topmargin}{-1.07225pt}.

LaTeX Info: Redefining \. on input line 9338.
LaTeX Info: Redefining \% on input line 9338.
[386]
Overfull \hbox (6.92989pt too wide) in paragraph at lines 9371--9372
[][]\OT1/cmr/m/it/9 Para el pro-ce-so de re-no-va-ci^^Son $\OML/cmm/m/it/9 N []
$\OT1/cmr/m/it/9 , 
 []

LaTeX Info: Redefining \. on input line 9406.
LaTeX Info: Redefining \% on input line 9406.

Package fancyhdr Warning: \headheight is too small (12.0pt): 
(fancyhdr)                Make it at least 13.07225pt, for example:
(fancyhdr)                \setlength{\headheight}{13.07225pt}.
(fancyhdr)                You might also make \topmargin smaller to compensate:

(fancyhdr)                \addtolength{\topmargin}{-1.07225pt}.

LaTeX Info: Redefining \. on input line 9406.
LaTeX Info: Redefining \% on input line 9406.
[387]
LaTeX Info: Redefining \. on input line 9472.
LaTeX Info: Redefining \% on input line 9472.


Package fancyhdr Warning: \headheight is too small (12.0pt): 
(fancyhdr)                Make it at least 13.07225pt, for example:
(fancyhdr)                \setlength{\headheight}{13.07225pt}.
(fancyhdr)                You might also make \topmargin smaller to compensate:

(fancyhdr)                \addtolength{\topmargin}{-1.07225pt}.

LaTeX Info: Redefining \. on input line 9472.
LaTeX Info: Redefining \% on input line 9472.
[388]
Overfull \hbox (4.25398pt too wide) in paragraph at lines 9489--9490
[][]\OT1/cmr/m/it/9 Si
 []

LaTeX Info: Redefining \. on input line 9558.
LaTeX Info: Redefining \% on input line 9558.

Package fancyhdr Warning: \headheight is too small (12.0pt): 
(fancyhdr)                Make it at least 13.07225pt, for example:
(fancyhdr)                \setlength{\headheight}{13.07225pt}.
(fancyhdr)                You might also make \topmargin smaller to compensate:

(fancyhdr)                \addtolength{\topmargin}{-1.07225pt}.

LaTeX Info: Redefining \. on input line 9558.
LaTeX Info: Redefining \% on input line 9558.
[389]
Overfull \hbox (6.92989pt too wide) in paragraph at lines 9579--9580
[][]\OT1/cmr/m/it/9 Para el pro-ce-so de re-no-va-ci^^Son $\OML/cmm/m/it/9 N []
$\OT1/cmr/m/it/9 , 
 []

LaTeX Info: Redefining \. on input line 9642.
LaTeX Info: Redefining \% on input line 9642.

Package fancyhdr Warning: \headheight is too small (12.0pt): 
(fancyhdr)                Make it at least 13.07225pt, for example:
(fancyhdr)                \setlength{\headheight}{13.07225pt}.
(fancyhdr)                You might also make \topmargin smaller to compensate:

(fancyhdr)                \addtolength{\topmargin}{-1.07225pt}.

LaTeX Info: Redefining \. on input line 9642.
LaTeX Info: Redefining \% on input line 9642.
[390]
Overfull \hbox (6.92989pt too wide) in paragraph at lines 9663--9664
[][]\OT1/cmr/m/it/9 Para el pro-ce-so de re-no-va-ci^^Son $\OML/cmm/m/it/9 N []
$\OT1/cmr/m/it/9 , 
 []

LaTeX Info: Redefining \. on input line 9723.
LaTeX Info: Redefining \% on input line 9723.

Package fancyhdr Warning: \headheight is too small (12.0pt): 
(fancyhdr)                Make it at least 13.07225pt, for example:
(fancyhdr)                \setlength{\headheight}{13.07225pt}.
(fancyhdr)                You might also make \topmargin smaller to compensate:

(fancyhdr)                \addtolength{\topmargin}{-1.07225pt}.

LaTeX Info: Redefining \. on input line 9723.
LaTeX Info: Redefining \% on input line 9723.
[391]
LaTeX Info: Redefining \. on input line 9799.
LaTeX Info: Redefining \% on input line 9799.


Package fancyhdr Warning: \headheight is too small (12.0pt): 
(fancyhdr)                Make it at least 13.07225pt, for example:
(fancyhdr)                \setlength{\headheight}{13.07225pt}.
(fancyhdr)                You might also make \topmargin smaller to compensate:

(fancyhdr)                \addtolength{\topmargin}{-1.07225pt}.

LaTeX Info: Redefining \. on input line 9799.
LaTeX Info: Redefining \% on input line 9799.
[392]
LaTeX Info: Redefining \. on input line 9887.
LaTeX Info: Redefining \% on input line 9887.


Package fancyhdr Warning: \headheight is too small (12.0pt): 
(fancyhdr)                Make it at least 13.07225pt, for example:
(fancyhdr)                \setlength{\headheight}{13.07225pt}.
(fancyhdr)                You might also make \topmargin smaller to compensate:

(fancyhdr)                \addtolength{\topmargin}{-1.07225pt}.

LaTeX Info: Redefining \. on input line 9887.
LaTeX Info: Redefining \% on input line 9887.
[393]
LaTeX Info: Redefining \. on input line 9969.
LaTeX Info: Redefining \% on input line 9969.


Package fancyhdr Warning: \headheight is too small (12.0pt): 
(fancyhdr)                Make it at least 13.07225pt, for example:
(fancyhdr)                \setlength{\headheight}{13.07225pt}.
(fancyhdr)                You might also make \topmargin smaller to compensate:

(fancyhdr)                \addtolength{\topmargin}{-1.07225pt}.

LaTeX Info: Redefining \. on input line 9969.
LaTeX Info: Redefining \% on input line 9969.
[394]
LaTeX Info: Redefining \. on input line 10045.
LaTeX Info: Redefining \% on input line 10045.


Package fancyhdr Warning: \headheight is too small (12.0pt): 
(fancyhdr)                Make it at least 13.07225pt, for example:
(fancyhdr)                \setlength{\headheight}{13.07225pt}.
(fancyhdr)                You might also make \topmargin smaller to compensate:

(fancyhdr)                \addtolength{\topmargin}{-1.07225pt}.

LaTeX Info: Redefining \. on input line 10045.
LaTeX Info: Redefining \% on input line 10045.
[395]
LaTeX Info: Redefining \. on input line 10118.
LaTeX Info: Redefining \% on input line 10118.


Package fancyhdr Warning: \headheight is too small (12.0pt): 
(fancyhdr)                Make it at least 13.07225pt, for example:
(fancyhdr)                \setlength{\headheight}{13.07225pt}.
(fancyhdr)                You might also make \topmargin smaller to compensate:

(fancyhdr)                \addtolength{\topmargin}{-1.07225pt}.

LaTeX Info: Redefining \. on input line 10118.
LaTeX Info: Redefining \% on input line 10118.
[396]
LaTeX Info: Redefining \. on input line 10177.
LaTeX Info: Redefining \% on input line 10177.


Package fancyhdr Warning: \headheight is too small (12.0pt): 
(fancyhdr)                Make it at least 13.07225pt, for example:
(fancyhdr)                \setlength{\headheight}{13.07225pt}.
(fancyhdr)                You might also make \topmargin smaller to compensate:

(fancyhdr)                \addtolength{\topmargin}{-1.07225pt}.

LaTeX Info: Redefining \. on input line 10177.
LaTeX Info: Redefining \% on input line 10177.
[397]
LaTeX Info: Redefining \. on input line 10248.
LaTeX Info: Redefining \% on input line 10248.


Package fancyhdr Warning: \headheight is too small (12.0pt): 
(fancyhdr)                Make it at least 13.07225pt, for example:
(fancyhdr)                \setlength{\headheight}{13.07225pt}.
(fancyhdr)                You might also make \topmargin smaller to compensate:

(fancyhdr)                \addtolength{\topmargin}{-1.07225pt}.

LaTeX Info: Redefining \. on input line 10248.
LaTeX Info: Redefining \% on input line 10248.
[398]
LaTeX Info: Redefining \. on input line 10333.
LaTeX Info: Redefining \% on input line 10333.


Package fancyhdr Warning: \headheight is too small (12.0pt): 
(fancyhdr)                Make it at least 13.07225pt, for example:
(fancyhdr)                \setlength{\headheight}{13.07225pt}.
(fancyhdr)                You might also make \topmargin smaller to compensate:

(fancyhdr)                \addtolength{\topmargin}{-1.07225pt}.

LaTeX Info: Redefining \. on input line 10333.
LaTeX Info: Redefining \% on input line 10333.
[399]
Overfull \hbox (2.70364pt too wide) in paragraph at lines 10364--10365
[][]\OT1/cmr/m/it/9 Si el par $[]$ es re-ge-ne-ra-ti-vo cl^^Sasi-co, en-ton-ces
 las lon-gi-tu-des de los ci-clos $\OML/cmm/m/it/9 X[]; X[]; [] ;$
 []

LaTeX Info: Redefining \. on input line 10413.
LaTeX Info: Redefining \% on input line 10413.

Package fancyhdr Warning: \headheight is too small (12.0pt): 
(fancyhdr)                Make it at least 13.07225pt, for example:
(fancyhdr)                \setlength{\headheight}{13.07225pt}.
(fancyhdr)                You might also make \topmargin smaller to compensate:

(fancyhdr)                \addtolength{\topmargin}{-1.07225pt}.

LaTeX Info: Redefining \. on input line 10413.
LaTeX Info: Redefining \% on input line 10413.
[400]
LaTeX Info: Redefining \. on input line 10492.
LaTeX Info: Redefining \% on input line 10492.


Package fancyhdr Warning: \headheight is too small (12.0pt): 
(fancyhdr)                Make it at least 13.07225pt, for example:
(fancyhdr)                \setlength{\headheight}{13.07225pt}.
(fancyhdr)                You might also make \topmargin smaller to compensate:

(fancyhdr)                \addtolength{\topmargin}{-1.07225pt}.

LaTeX Info: Redefining \. on input line 10492.
LaTeX Info: Redefining \% on input line 10492.
[401]

LaTeX Warning: Reference `Corolario2' on page 402 undefined on input line 10521
.

LaTeX Info: Redefining \. on input line 10558.
LaTeX Info: Redefining \% on input line 10558.

Package fancyhdr Warning: \headheight is too small (12.0pt): 
(fancyhdr)                Make it at least 13.07225pt, for example:
(fancyhdr)                \setlength{\headheight}{13.07225pt}.
(fancyhdr)                You might also make \topmargin smaller to compensate:

(fancyhdr)                \addtolength{\topmargin}{-1.07225pt}.

LaTeX Info: Redefining \. on input line 10558.
LaTeX Info: Redefining \% on input line 10558.
[402]
LaTeX Info: Redefining \. on input line 10618.
LaTeX Info: Redefining \% on input line 10618.


Package fancyhdr Warning: \headheight is too small (12.0pt): 
(fancyhdr)                Make it at least 13.07225pt, for example:
(fancyhdr)                \setlength{\headheight}{13.07225pt}.
(fancyhdr)                You might also make \topmargin smaller to compensate:

(fancyhdr)                \addtolength{\topmargin}{-1.07225pt}.

LaTeX Info: Redefining \. on input line 10618.
LaTeX Info: Redefining \% on input line 10618.
[403]
LaTeX Info: Redefining \. on input line 10682.
LaTeX Info: Redefining \% on input line 10682.


Package fancyhdr Warning: \headheight is too small (12.0pt): 
(fancyhdr)                Make it at least 13.07225pt, for example:
(fancyhdr)                \setlength{\headheight}{13.07225pt}.
(fancyhdr)                You might also make \topmargin smaller to compensate:

(fancyhdr)                \addtolength{\topmargin}{-1.07225pt}.

LaTeX Info: Redefining \. on input line 10682.
LaTeX Info: Redefining \% on input line 10682.
[404]
LaTeX Info: Redefining \. on input line 10745.
LaTeX Info: Redefining \% on input line 10745.


Package fancyhdr Warning: \headheight is too small (12.0pt): 
(fancyhdr)                Make it at least 13.07225pt, for example:
(fancyhdr)                \setlength{\headheight}{13.07225pt}.
(fancyhdr)                You might also make \topmargin smaller to compensate:

(fancyhdr)                \addtolength{\topmargin}{-1.07225pt}.

LaTeX Info: Redefining \. on input line 10745.
LaTeX Info: Redefining \% on input line 10745.
[405]
Overfull \hbox (13.26288pt too wide) in alignment at lines 10796--10803
 [][][] []
 []

LaTeX Info: Redefining \. on input line 10803.
LaTeX Info: Redefining \% on input line 10803.

Package fancyhdr Warning: \headheight is too small (12.0pt): 
(fancyhdr)                Make it at least 13.07225pt, for example:
(fancyhdr)                \setlength{\headheight}{13.07225pt}.
(fancyhdr)                You might also make \topmargin smaller to compensate:

(fancyhdr)                \addtolength{\topmargin}{-1.07225pt}.

LaTeX Info: Redefining \. on input line 10803.
LaTeX Info: Redefining \% on input line 10803.
[406]
LaTeX Info: Redefining \. on input line 10867.
LaTeX Info: Redefining \% on input line 10867.


Package fancyhdr Warning: \headheight is too small (12.0pt): 
(fancyhdr)                Make it at least 13.07225pt, for example:
(fancyhdr)                \setlength{\headheight}{13.07225pt}.
(fancyhdr)                You might also make \topmargin smaller to compensate:

(fancyhdr)                \addtolength{\topmargin}{-1.07225pt}.

LaTeX Info: Redefining \. on input line 10867.
LaTeX Info: Redefining \% on input line 10867.
[407]
LaTeX Info: Redefining \. on input line 10936.
LaTeX Info: Redefining \% on input line 10936.


Package fancyhdr Warning: \headheight is too small (12.0pt): 
(fancyhdr)                Make it at least 13.07225pt, for example:
(fancyhdr)                \setlength{\headheight}{13.07225pt}.
(fancyhdr)                You might also make \topmargin smaller to compensate:

(fancyhdr)                \addtolength{\topmargin}{-1.07225pt}.

LaTeX Info: Redefining \. on input line 10936.
LaTeX Info: Redefining \% on input line 10936.
[408]

LaTeX Warning: Reference `Corolario2' on page 409 undefined on input line 10956
.

LaTeX Info: Redefining \. on input line 11000.
LaTeX Info: Redefining \% on input line 11000.

Package fancyhdr Warning: \headheight is too small (12.0pt): 
(fancyhdr)                Make it at least 13.07225pt, for example:
(fancyhdr)                \setlength{\headheight}{13.07225pt}.
(fancyhdr)                You might also make \topmargin smaller to compensate:

(fancyhdr)                \addtolength{\topmargin}{-1.07225pt}.

LaTeX Info: Redefining \. on input line 11000.
LaTeX Info: Redefining \% on input line 11000.
[409]

Package hyperref Warning: Token not allowed in a PDF string (Unicode):
(hyperref)                removing `\@ifnextchar' on input line 11018.

LaTeX Info: Redefining \. on input line 11090.
LaTeX Info: Redefining \% on input line 11090.

Package fancyhdr Warning: \headheight is too small (12.0pt): 
(fancyhdr)                Make it at least 13.07225pt, for example:
(fancyhdr)                \setlength{\headheight}{13.07225pt}.
(fancyhdr)                You might also make \topmargin smaller to compensate:

(fancyhdr)                \addtolength{\topmargin}{-1.07225pt}.

LaTeX Info: Redefining \. on input line 11090.
LaTeX Info: Redefining \% on input line 11090.
[410]
LaTeX Info: Redefining \. on input line 11157.
LaTeX Info: Redefining \% on input line 11157.


Package fancyhdr Warning: \headheight is too small (12.0pt): 
(fancyhdr)                Make it at least 13.07225pt, for example:
(fancyhdr)                \setlength{\headheight}{13.07225pt}.
(fancyhdr)                You might also make \topmargin smaller to compensate:

(fancyhdr)                \addtolength{\topmargin}{-1.07225pt}.

LaTeX Info: Redefining \. on input line 11157.
LaTeX Info: Redefining \% on input line 11157.
[411]
LaTeX Info: Redefining \. on input line 11243.
LaTeX Info: Redefining \% on input line 11243.


Package fancyhdr Warning: \headheight is too small (12.0pt): 
(fancyhdr)                Make it at least 13.07225pt, for example:
(fancyhdr)                \setlength{\headheight}{13.07225pt}.
(fancyhdr)                You might also make \topmargin smaller to compensate:

(fancyhdr)                \addtolength{\topmargin}{-1.07225pt}.

LaTeX Info: Redefining \. on input line 11243.
LaTeX Info: Redefining \% on input line 11243.
[412]
Overfull \hbox (4.25398pt too wide) in paragraph at lines 11276--11277
[][]\OT1/cmr/m/it/9 Si
 []

LaTeX Info: Redefining \. on input line 11328.
LaTeX Info: Redefining \% on input line 11328.

Package fancyhdr Warning: \headheight is too small (12.0pt): 
(fancyhdr)                Make it at least 13.07225pt, for example:
(fancyhdr)                \setlength{\headheight}{13.07225pt}.
(fancyhdr)                You might also make \topmargin smaller to compensate:

(fancyhdr)                \addtolength{\topmargin}{-1.07225pt}.

LaTeX Info: Redefining \. on input line 11328.
LaTeX Info: Redefining \% on input line 11328.
[413]
Overfull \hbox (4.25398pt too wide) in paragraph at lines 11373--11374
[][]\OT1/cmr/m/it/9 Si
 []

LaTeX Info: Redefining \. on input line 11403.
LaTeX Info: Redefining \% on input line 11403.

Package fancyhdr Warning: \headheight is too small (12.0pt): 
(fancyhdr)                Make it at least 13.07225pt, for example:
(fancyhdr)                \setlength{\headheight}{13.07225pt}.
(fancyhdr)                You might also make \topmargin smaller to compensate:

(fancyhdr)                \addtolength{\topmargin}{-1.07225pt}.

LaTeX Info: Redefining \. on input line 11403.
LaTeX Info: Redefining \% on input line 11403.
[414]
Overfull \hbox (4.25398pt too wide) in paragraph at lines 11469--11470
[][]\OT1/cmr/m/it/9 Si
 []

LaTeX Info: Redefining \. on input line 11493.
LaTeX Info: Redefining \% on input line 11493.

Package fancyhdr Warning: \headheight is too small (12.0pt): 
(fancyhdr)                Make it at least 13.07225pt, for example:
(fancyhdr)                \setlength{\headheight}{13.07225pt}.
(fancyhdr)                You might also make \topmargin smaller to compensate:

(fancyhdr)                \addtolength{\topmargin}{-1.07225pt}.

LaTeX Info: Redefining \. on input line 11493.
LaTeX Info: Redefining \% on input line 11493.
[415]
Overfull \hbox (4.25398pt too wide) in paragraph at lines 11564--11565
[][]\OT1/cmr/m/it/9 Si
 []

LaTeX Info: Redefining \. on input line 11578.
LaTeX Info: Redefining \% on input line 11578.

Package fancyhdr Warning: \headheight is too small (12.0pt): 
(fancyhdr)                Make it at least 13.07225pt, for example:
(fancyhdr)                \setlength{\headheight}{13.07225pt}.
(fancyhdr)                You might also make \topmargin smaller to compensate:

(fancyhdr)                \addtolength{\topmargin}{-1.07225pt}.

LaTeX Info: Redefining \. on input line 11578.
LaTeX Info: Redefining \% on input line 11578.
[416]
Overfull \hbox (4.25398pt too wide) in paragraph at lines 11658--11659
[][]\OT1/cmr/m/it/9 Si
 []

LaTeX Info: Redefining \. on input line 11661.
LaTeX Info: Redefining \% on input line 11661.

Package fancyhdr Warning: \headheight is too small (12.0pt): 
(fancyhdr)                Make it at least 13.07225pt, for example:
(fancyhdr)                \setlength{\headheight}{13.07225pt}.
(fancyhdr)                You might also make \topmargin smaller to compensate:

(fancyhdr)                \addtolength{\topmargin}{-1.07225pt}.

LaTeX Info: Redefining \. on input line 11661.
LaTeX Info: Redefining \% on input line 11661.
[417]
LaTeX Info: Redefining \. on input line 11765.
LaTeX Info: Redefining \% on input line 11765.


Package fancyhdr Warning: \headheight is too small (12.0pt): 
(fancyhdr)                Make it at least 13.07225pt, for example:
(fancyhdr)                \setlength{\headheight}{13.07225pt}.
(fancyhdr)                You might also make \topmargin smaller to compensate:

(fancyhdr)                \addtolength{\topmargin}{-1.07225pt}.

LaTeX Info: Redefining \. on input line 11765.
LaTeX Info: Redefining \% on input line 11765.
[418]
Overfull \hbox (6.92989pt too wide) in paragraph at lines 11781--11782
[][]\OT1/cmr/m/it/9 Para el pro-ce-so de re-no-va-ci^^Son $\OML/cmm/m/it/9 N []
$\OT1/cmr/m/it/9 , 
 []

LaTeX Info: Redefining \. on input line 11828.
LaTeX Info: Redefining \% on input line 11828.

Package fancyhdr Warning: \headheight is too small (12.0pt): 
(fancyhdr)                Make it at least 13.07225pt, for example:
(fancyhdr)                \setlength{\headheight}{13.07225pt}.
(fancyhdr)                You might also make \topmargin smaller to compensate:

(fancyhdr)                \addtolength{\topmargin}{-1.07225pt}.

LaTeX Info: Redefining \. on input line 11828.
LaTeX Info: Redefining \% on input line 11828.
[419]
Overfull \hbox (4.25398pt too wide) in paragraph at lines 11904--11905
[][]\OT1/cmr/m/it/9 Si
 []

LaTeX Info: Redefining \. on input line 11913.
LaTeX Info: Redefining \% on input line 11913.

Package fancyhdr Warning: \headheight is too small (12.0pt): 
(fancyhdr)                Make it at least 13.07225pt, for example:
(fancyhdr)                \setlength{\headheight}{13.07225pt}.
(fancyhdr)                You might also make \topmargin smaller to compensate:

(fancyhdr)                \addtolength{\topmargin}{-1.07225pt}.

LaTeX Info: Redefining \. on input line 11913.
LaTeX Info: Redefining \% on input line 11913.
[420]
LaTeX Info: Redefining \. on input line 11989.
LaTeX Info: Redefining \% on input line 11989.


Package fancyhdr Warning: \headheight is too small (12.0pt): 
(fancyhdr)                Make it at least 13.07225pt, for example:
(fancyhdr)                \setlength{\headheight}{13.07225pt}.
(fancyhdr)                You might also make \topmargin smaller to compensate:

(fancyhdr)                \addtolength{\topmargin}{-1.07225pt}.

LaTeX Info: Redefining \. on input line 11989.
LaTeX Info: Redefining \% on input line 11989.
[421]
Overfull \hbox (6.92989pt too wide) in paragraph at lines 11994--11995
[][]\OT1/cmr/m/it/9 Para el pro-ce-so de re-no-va-ci^^Son $\OML/cmm/m/it/9 N []
$\OT1/cmr/m/it/9 , 
 []

LaTeX Info: Redefining \. on input line 12073.
LaTeX Info: Redefining \% on input line 12073.

Package fancyhdr Warning: \headheight is too small (12.0pt): 
(fancyhdr)                Make it at least 13.07225pt, for example:
(fancyhdr)                \setlength{\headheight}{13.07225pt}.
(fancyhdr)                You might also make \topmargin smaller to compensate:

(fancyhdr)                \addtolength{\topmargin}{-1.07225pt}.

LaTeX Info: Redefining \. on input line 12073.
LaTeX Info: Redefining \% on input line 12073.
[422]
Overfull \hbox (6.92989pt too wide) in paragraph at lines 12078--12079
[][]\OT1/cmr/m/it/9 Para el pro-ce-so de re-no-va-ci^^Son $\OML/cmm/m/it/9 N []
$\OT1/cmr/m/it/9 , 
 []

LaTeX Info: Redefining \. on input line 12154.
LaTeX Info: Redefining \% on input line 12154.

Package fancyhdr Warning: \headheight is too small (12.0pt): 
(fancyhdr)                Make it at least 13.07225pt, for example:
(fancyhdr)                \setlength{\headheight}{13.07225pt}.
(fancyhdr)                You might also make \topmargin smaller to compensate:

(fancyhdr)                \addtolength{\topmargin}{-1.07225pt}.

LaTeX Info: Redefining \. on input line 12154.
LaTeX Info: Redefining \% on input line 12154.
[423]
LaTeX Info: Redefining \. on input line 12224.
LaTeX Info: Redefining \% on input line 12224.


Package fancyhdr Warning: \headheight is too small (12.0pt): 
(fancyhdr)                Make it at least 13.07225pt, for example:
(fancyhdr)                \setlength{\headheight}{13.07225pt}.
(fancyhdr)                You might also make \topmargin smaller to compensate:

(fancyhdr)                \addtolength{\topmargin}{-1.07225pt}.

LaTeX Info: Redefining \. on input line 12224.
LaTeX Info: Redefining \% on input line 12224.
[424]
LaTeX Info: Redefining \. on input line 12326.
LaTeX Info: Redefining \% on input line 12326.


Package fancyhdr Warning: \headheight is too small (12.0pt): 
(fancyhdr)                Make it at least 13.07225pt, for example:
(fancyhdr)                \setlength{\headheight}{13.07225pt}.
(fancyhdr)                You might also make \topmargin smaller to compensate:

(fancyhdr)                \addtolength{\topmargin}{-1.07225pt}.

LaTeX Info: Redefining \. on input line 12326.
LaTeX Info: Redefining \% on input line 12326.
[425]
LaTeX Info: Redefining \. on input line 12399.
LaTeX Info: Redefining \% on input line 12399.


Package fancyhdr Warning: \headheight is too small (12.0pt): 
(fancyhdr)                Make it at least 13.07225pt, for example:
(fancyhdr)                \setlength{\headheight}{13.07225pt}.
(fancyhdr)                You might also make \topmargin smaller to compensate:

(fancyhdr)                \addtolength{\topmargin}{-1.07225pt}.

LaTeX Info: Redefining \. on input line 12399.
LaTeX Info: Redefining \% on input line 12399.
[426]
LaTeX Info: Redefining \. on input line 12470.
LaTeX Info: Redefining \% on input line 12470.


Package fancyhdr Warning: \headheight is too small (12.0pt): 
(fancyhdr)                Make it at least 13.07225pt, for example:
(fancyhdr)                \setlength{\headheight}{13.07225pt}.
(fancyhdr)                You might also make \topmargin smaller to compensate:

(fancyhdr)                \addtolength{\topmargin}{-1.07225pt}.

LaTeX Info: Redefining \. on input line 12470.
LaTeX Info: Redefining \% on input line 12470.
[427]
LaTeX Info: Redefining \. on input line 12540.
LaTeX Info: Redefining \% on input line 12540.


Package fancyhdr Warning: \headheight is too small (12.0pt): 
(fancyhdr)                Make it at least 13.07225pt, for example:
(fancyhdr)                \setlength{\headheight}{13.07225pt}.
(fancyhdr)                You might also make \topmargin smaller to compensate:

(fancyhdr)                \addtolength{\topmargin}{-1.07225pt}.

LaTeX Info: Redefining \. on input line 12540.
LaTeX Info: Redefining \% on input line 12540.
[428]

LaTeX Warning: Reference `Corolario2' on page 429 undefined on input line 12564
.

LaTeX Info: Redefining \. on input line 12601.
LaTeX Info: Redefining \% on input line 12601.

Package fancyhdr Warning: \headheight is too small (12.0pt): 
(fancyhdr)                Make it at least 13.07225pt, for example:
(fancyhdr)                \setlength{\headheight}{13.07225pt}.
(fancyhdr)                You might also make \topmargin smaller to compensate:

(fancyhdr)                \addtolength{\topmargin}{-1.07225pt}.

LaTeX Info: Redefining \. on input line 12601.
LaTeX Info: Redefining \% on input line 12601.
[429]
Overfull \hbox (38.20743pt too wide) in paragraph at lines 12610--12612
\OT1/cmr/m/n/9 1\OML/cmm/m/it/9 ; \OT1/cmr/m/n/9 2\OML/cmm/m/it/9 ; \OT1/cmr/m/
n/9 3\OML/cmm/m/it/9 ; \OT1/cmr/m/n/9 4$\OT1/cmr/m/it/9 . Exis-te un in-ter-va-
lo $\OML/cmm/m/it/9 I \OMS/cmsy/m/n/9 6\OT1/cmr/m/n/9 = \OMS/cmsy/m/n/9 ;$ \OT1
/cmr/m/it/9 tal que pa-ra $\OML/cmm/m/it/9 T[] \OMS/cmsy/m/n/9 2 \OML/cmm/m/it/
9 I$\OT1/cmr/m/it/9 , tal que $\U/msb/m/n/9 P [] \OML/cmm/m/it/9 >
 []


Overfull \hbox (16.29744pt too wide) in paragraph at lines 12666--12667
[]\OT1/cmr/m/it/9 An^^Salo-ga-men-te que co-mo se hi-zo pa-ra $\OML/cmm/m/it/9 
Q[]$\OT1/cmr/m/it/9 , te-ne-mos que pa-ra $\OML/cmm/m/it/9 Q[]$ \OT1/cmr/m/it/9
 se tie-ne el in-ter-va-lo $\OML/cmm/m/it/9 I[] \OT1/cmr/m/n/9 = []$
 []

LaTeX Info: Redefining \. on input line 12675.
LaTeX Info: Redefining \% on input line 12675.

Package fancyhdr Warning: \headheight is too small (12.0pt): 
(fancyhdr)                Make it at least 13.07225pt, for example:
(fancyhdr)                \setlength{\headheight}{13.07225pt}.
(fancyhdr)                You might also make \topmargin smaller to compensate:

(fancyhdr)                \addtolength{\topmargin}{-1.07225pt}.

LaTeX Info: Redefining \. on input line 12675.
LaTeX Info: Redefining \% on input line 12675.
[430]
Overfull \hbox (25.68799pt too wide) in alignment at lines 12732--12751
 [][][] []
 []

LaTeX Info: Redefining \. on input line 12787.
LaTeX Info: Redefining \% on input line 12787.

Package fancyhdr Warning: \headheight is too small (12.0pt): 
(fancyhdr)                Make it at least 13.07225pt, for example:
(fancyhdr)                \setlength{\headheight}{13.07225pt}.
(fancyhdr)                You might also make \topmargin smaller to compensate:

(fancyhdr)                \addtolength{\topmargin}{-1.07225pt}.

LaTeX Info: Redefining \. on input line 12787.
LaTeX Info: Redefining \% on input line 12787.
[431]

LaTeX Font Warning: Command \footnotesize invalid in math mode on input line 12
800.

LaTeX Info: Redefining \. on input line 12871.
LaTeX Info: Redefining \% on input line 12871.

Package fancyhdr Warning: \headheight is too small (12.0pt): 
(fancyhdr)                Make it at least 13.07225pt, for example:
(fancyhdr)                \setlength{\headheight}{13.07225pt}.
(fancyhdr)                You might also make \topmargin smaller to compensate:

(fancyhdr)                \addtolength{\topmargin}{-1.07225pt}.

LaTeX Info: Redefining \. on input line 12871.
LaTeX Info: Redefining \% on input line 12871.
[432]
LaTeX Info: Redefining \. on input line 12955.
LaTeX Info: Redefining \% on input line 12955.


Package fancyhdr Warning: \headheight is too small (12.0pt): 
(fancyhdr)                Make it at least 13.07225pt, for example:
(fancyhdr)                \setlength{\headheight}{13.07225pt}.
(fancyhdr)                You might also make \topmargin smaller to compensate:

(fancyhdr)                \addtolength{\topmargin}{-1.07225pt}.

LaTeX Info: Redefining \. on input line 12955.
LaTeX Info: Redefining \% on input line 12955.
[433]
LaTeX Info: Redefining \. on input line 13075.
LaTeX Info: Redefining \% on input line 13075.


Package fancyhdr Warning: \headheight is too small (12.0pt): 
(fancyhdr)                Make it at least 13.07225pt, for example:
(fancyhdr)                \setlength{\headheight}{13.07225pt}.
(fancyhdr)                You might also make \topmargin smaller to compensate:

(fancyhdr)                \addtolength{\topmargin}{-1.07225pt}.

LaTeX Info: Redefining \. on input line 13075.
LaTeX Info: Redefining \% on input line 13075.
[434]
LaTeX Info: Redefining \. on input line 13144.
LaTeX Info: Redefining \% on input line 13144.


Package fancyhdr Warning: \headheight is too small (12.0pt): 
(fancyhdr)                Make it at least 13.07225pt, for example:
(fancyhdr)                \setlength{\headheight}{13.07225pt}.
(fancyhdr)                You might also make \topmargin smaller to compensate:

(fancyhdr)                \addtolength{\topmargin}{-1.07225pt}.

LaTeX Info: Redefining \. on input line 13144.
LaTeX Info: Redefining \% on input line 13144.
[435]
LaTeX Info: Redefining \. on input line 13208.
LaTeX Info: Redefining \% on input line 13208.


Package fancyhdr Warning: \headheight is too small (12.0pt): 
(fancyhdr)                Make it at least 13.07225pt, for example:
(fancyhdr)                \setlength{\headheight}{13.07225pt}.
(fancyhdr)                You might also make \topmargin smaller to compensate:

(fancyhdr)                \addtolength{\topmargin}{-1.07225pt}.

LaTeX Info: Redefining \. on input line 13208.
LaTeX Info: Redefining \% on input line 13208.
[436]
LaTeX Info: Redefining \. on input line 13298.
LaTeX Info: Redefining \% on input line 13298.


Package fancyhdr Warning: \headheight is too small (12.0pt): 
(fancyhdr)                Make it at least 13.07225pt, for example:
(fancyhdr)                \setlength{\headheight}{13.07225pt}.
(fancyhdr)                You might also make \topmargin smaller to compensate:

(fancyhdr)                \addtolength{\topmargin}{-1.07225pt}.

LaTeX Info: Redefining \. on input line 13298.
LaTeX Info: Redefining \% on input line 13298.
[437]
Overfull \hbox (1.55104pt too wide) in paragraph at lines 13310--13311
[][]
 []

LaTeX Info: Redefining \. on input line 13385.
LaTeX Info: Redefining \% on input line 13385.

Package fancyhdr Warning: \headheight is too small (12.0pt): 
(fancyhdr)                Make it at least 13.07225pt, for example:
(fancyhdr)                \setlength{\headheight}{13.07225pt}.
(fancyhdr)                You might also make \topmargin smaller to compensate:

(fancyhdr)                \addtolength{\topmargin}{-1.07225pt}.

LaTeX Info: Redefining \. on input line 13385.
LaTeX Info: Redefining \% on input line 13385.
[438]
Overfull \hbox (1.55104pt too wide) in paragraph at lines 13407--13408
[][]
 []

LaTeX Info: Redefining \. on input line 13467.
LaTeX Info: Redefining \% on input line 13467.

Package fancyhdr Warning: \headheight is too small (12.0pt): 
(fancyhdr)                Make it at least 13.07225pt, for example:
(fancyhdr)                \setlength{\headheight}{13.07225pt}.
(fancyhdr)                You might also make \topmargin smaller to compensate:

(fancyhdr)                \addtolength{\topmargin}{-1.07225pt}.

LaTeX Info: Redefining \. on input line 13467.
LaTeX Info: Redefining \% on input line 13467.
[439]
Overfull \hbox (1.55104pt too wide) in paragraph at lines 13503--13504
[][]
 []

LaTeX Info: Redefining \. on input line 13551.
LaTeX Info: Redefining \% on input line 13551.

Package fancyhdr Warning: \headheight is too small (12.0pt): 
(fancyhdr)                Make it at least 13.07225pt, for example:
(fancyhdr)                \setlength{\headheight}{13.07225pt}.
(fancyhdr)                You might also make \topmargin smaller to compensate:

(fancyhdr)                \addtolength{\topmargin}{-1.07225pt}.

LaTeX Info: Redefining \. on input line 13551.
LaTeX Info: Redefining \% on input line 13551.
[440]
Overfull \hbox (1.55104pt too wide) in paragraph at lines 13598--13599
[][]
 []

LaTeX Info: Redefining \. on input line 13628.
LaTeX Info: Redefining \% on input line 13628.

Package fancyhdr Warning: \headheight is too small (12.0pt): 
(fancyhdr)                Make it at least 13.07225pt, for example:
(fancyhdr)                \setlength{\headheight}{13.07225pt}.
(fancyhdr)                You might also make \topmargin smaller to compensate:

(fancyhdr)                \addtolength{\topmargin}{-1.07225pt}.

LaTeX Info: Redefining \. on input line 13628.
LaTeX Info: Redefining \% on input line 13628.
[441]
Overfull \hbox (1.55104pt too wide) in paragraph at lines 13692--13693
[][]
 []

LaTeX Info: Redefining \. on input line 13716.
LaTeX Info: Redefining \% on input line 13716.

Package fancyhdr Warning: \headheight is too small (12.0pt): 
(fancyhdr)                Make it at least 13.07225pt, for example:
(fancyhdr)                \setlength{\headheight}{13.07225pt}.
(fancyhdr)                You might also make \topmargin smaller to compensate:

(fancyhdr)                \addtolength{\topmargin}{-1.07225pt}.

LaTeX Info: Redefining \. on input line 13716.
LaTeX Info: Redefining \% on input line 13716.
[442]
LaTeX Info: Redefining \. on input line 13810.
LaTeX Info: Redefining \% on input line 13810.


Package fancyhdr Warning: \headheight is too small (12.0pt): 
(fancyhdr)                Make it at least 13.07225pt, for example:
(fancyhdr)                \setlength{\headheight}{13.07225pt}.
(fancyhdr)                You might also make \topmargin smaller to compensate:

(fancyhdr)                \addtolength{\topmargin}{-1.07225pt}.

LaTeX Info: Redefining \. on input line 13810.
LaTeX Info: Redefining \% on input line 13810.
[443]
Overfull \hbox (12.25482pt too wide) in paragraph at lines 13815--13816
[][]\OT1/cmr/m/it/9 Para el pro-ce-so de re-no-va-ci^^Son $\OML/cmm/m/it/9 N []
$\OT1/cmr/m/it/9 , 
 []


Package hyperref Warning: Token not allowed in a PDF string (Unicode):
(hyperref)                removing `\@ifnextchar' on input line 13847.

LaTeX Info: Redefining \. on input line 13868.
LaTeX Info: Redefining \% on input line 13868.

Package fancyhdr Warning: \headheight is too small (12.0pt): 
(fancyhdr)                Make it at least 13.07225pt, for example:
(fancyhdr)                \setlength{\headheight}{13.07225pt}.
(fancyhdr)                You might also make \topmargin smaller to compensate:

(fancyhdr)                \addtolength{\topmargin}{-1.07225pt}.

LaTeX Info: Redefining \. on input line 13868.
LaTeX Info: Redefining \% on input line 13868.
[444]
Overfull \hbox (1.55104pt too wide) in paragraph at lines 13938--13939
[][]
 []

LaTeX Info: Redefining \. on input line 13952.
LaTeX Info: Redefining \% on input line 13952.

Package fancyhdr Warning: \headheight is too small (12.0pt): 
(fancyhdr)                Make it at least 13.07225pt, for example:
(fancyhdr)                \setlength{\headheight}{13.07225pt}.
(fancyhdr)                You might also make \topmargin smaller to compensate:

(fancyhdr)                \addtolength{\topmargin}{-1.07225pt}.

LaTeX Info: Redefining \. on input line 13952.
LaTeX Info: Redefining \% on input line 13952.
[445]
Overfull \hbox (12.25482pt too wide) in paragraph at lines 14028--14029
[][]\OT1/cmr/m/it/9 Para el pro-ce-so de re-no-va-ci^^Son $\OML/cmm/m/it/9 N []
$\OT1/cmr/m/it/9 , 
 []

LaTeX Info: Redefining \. on input line 14031.
LaTeX Info: Redefining \% on input line 14031.

Package fancyhdr Warning: \headheight is too small (12.0pt): 
(fancyhdr)                Make it at least 13.07225pt, for example:
(fancyhdr)                \setlength{\headheight}{13.07225pt}.
(fancyhdr)                You might also make \topmargin smaller to compensate:

(fancyhdr)                \addtolength{\topmargin}{-1.07225pt}.

LaTeX Info: Redefining \. on input line 14031.
LaTeX Info: Redefining \% on input line 14031.
[446]
Overfull \hbox (12.25482pt too wide) in paragraph at lines 14112--14113
[][]\OT1/cmr/m/it/9 Para el pro-ce-so de re-no-va-ci^^Son $\OML/cmm/m/it/9 N []
$\OT1/cmr/m/it/9 , 
 []

LaTeX Info: Redefining \. on input line 14124.
LaTeX Info: Redefining \% on input line 14124.

Package fancyhdr Warning: \headheight is too small (12.0pt): 
(fancyhdr)                Make it at least 13.07225pt, for example:
(fancyhdr)                \setlength{\headheight}{13.07225pt}.
(fancyhdr)                You might also make \topmargin smaller to compensate:

(fancyhdr)                \addtolength{\topmargin}{-1.07225pt}.

LaTeX Info: Redefining \. on input line 14124.
LaTeX Info: Redefining \% on input line 14124.
[447]
LaTeX Info: Redefining \. on input line 14209.
LaTeX Info: Redefining \% on input line 14209.


Package fancyhdr Warning: \headheight is too small (12.0pt): 
(fancyhdr)                Make it at least 13.07225pt, for example:
(fancyhdr)                \setlength{\headheight}{13.07225pt}.
(fancyhdr)                You might also make \topmargin smaller to compensate:

(fancyhdr)                \addtolength{\topmargin}{-1.07225pt}.

LaTeX Info: Redefining \. on input line 14209.
LaTeX Info: Redefining \% on input line 14209.
[448]
LaTeX Info: Redefining \. on input line 14284.
LaTeX Info: Redefining \% on input line 14284.


Package fancyhdr Warning: \headheight is too small (12.0pt): 
(fancyhdr)                Make it at least 13.07225pt, for example:
(fancyhdr)                \setlength{\headheight}{13.07225pt}.
(fancyhdr)                You might also make \topmargin smaller to compensate:

(fancyhdr)                \addtolength{\topmargin}{-1.07225pt}.

LaTeX Info: Redefining \. on input line 14284.
LaTeX Info: Redefining \% on input line 14284.
[449]
LaTeX Info: Redefining \. on input line 14392.
LaTeX Info: Redefining \% on input line 14392.


Package fancyhdr Warning: \headheight is too small (12.0pt): 
(fancyhdr)                Make it at least 13.07225pt, for example:
(fancyhdr)                \setlength{\headheight}{13.07225pt}.
(fancyhdr)                You might also make \topmargin smaller to compensate:

(fancyhdr)                \addtolength{\topmargin}{-1.07225pt}.

LaTeX Info: Redefining \. on input line 14392.
LaTeX Info: Redefining \% on input line 14392.
[450]
LaTeX Info: Redefining \. on input line 14458.
LaTeX Info: Redefining \% on input line 14458.


Package fancyhdr Warning: \headheight is too small (12.0pt): 
(fancyhdr)                Make it at least 13.07225pt, for example:
(fancyhdr)                \setlength{\headheight}{13.07225pt}.
(fancyhdr)                You might also make \topmargin smaller to compensate:

(fancyhdr)                \addtolength{\topmargin}{-1.07225pt}.

LaTeX Info: Redefining \. on input line 14458.
LaTeX Info: Redefining \% on input line 14458.
[451]
LaTeX Info: Redefining \. on input line 14535.
LaTeX Info: Redefining \% on input line 14535.


Package fancyhdr Warning: \headheight is too small (12.0pt): 
(fancyhdr)                Make it at least 13.07225pt, for example:
(fancyhdr)                \setlength{\headheight}{13.07225pt}.
(fancyhdr)                You might also make \topmargin smaller to compensate:

(fancyhdr)                \addtolength{\topmargin}{-1.07225pt}.

LaTeX Info: Redefining \. on input line 14535.
LaTeX Info: Redefining \% on input line 14535.
[452]
LaTeX Info: Redefining \. on input line 14593.
LaTeX Info: Redefining \% on input line 14593.


Package fancyhdr Warning: \headheight is too small (12.0pt): 
(fancyhdr)                Make it at least 13.07225pt, for example:
(fancyhdr)                \setlength{\headheight}{13.07225pt}.
(fancyhdr)                You might also make \topmargin smaller to compensate:

(fancyhdr)                \addtolength{\topmargin}{-1.07225pt}.

LaTeX Info: Redefining \. on input line 14593.
LaTeX Info: Redefining \% on input line 14593.
[453]
LaTeX Info: Redefining \. on input line 14640.
LaTeX Info: Redefining \% on input line 14640.


Package fancyhdr Warning: \headheight is too small (12.0pt): 
(fancyhdr)                Make it at least 13.07225pt, for example:
(fancyhdr)                \setlength{\headheight}{13.07225pt}.
(fancyhdr)                You might also make \topmargin smaller to compensate:

(fancyhdr)                \addtolength{\topmargin}{-1.07225pt}.

LaTeX Info: Redefining \. on input line 14640.
LaTeX Info: Redefining \% on input line 14640.
[454]
LaTeX Info: Redefining \. on input line 14687.
LaTeX Info: Redefining \% on input line 14687.


Package fancyhdr Warning: \headheight is too small (12.0pt): 
(fancyhdr)                Make it at least 13.07225pt, for example:
(fancyhdr)                \setlength{\headheight}{13.07225pt}.
(fancyhdr)                You might also make \topmargin smaller to compensate:

(fancyhdr)                \addtolength{\topmargin}{-1.07225pt}.

LaTeX Info: Redefining \. on input line 14687.
LaTeX Info: Redefining \% on input line 14687.
[455]
LaTeX Info: Redefining \. on input line 14758.
LaTeX Info: Redefining \% on input line 14758.


Package fancyhdr Warning: \headheight is too small (12.0pt): 
(fancyhdr)                Make it at least 13.07225pt, for example:
(fancyhdr)                \setlength{\headheight}{13.07225pt}.
(fancyhdr)                You might also make \topmargin smaller to compensate:

(fancyhdr)                \addtolength{\topmargin}{-1.07225pt}.

LaTeX Info: Redefining \. on input line 14758.
LaTeX Info: Redefining \% on input line 14758.
[456]
Overfull \hbox (1.55104pt too wide) in paragraph at lines 14812--14813
[][]
 []

LaTeX Info: Redefining \. on input line 14842.
LaTeX Info: Redefining \% on input line 14842.

Package fancyhdr Warning: \headheight is too small (12.0pt): 
(fancyhdr)                Make it at least 13.07225pt, for example:
(fancyhdr)                \setlength{\headheight}{13.07225pt}.
(fancyhdr)                You might also make \topmargin smaller to compensate:

(fancyhdr)                \addtolength{\topmargin}{-1.07225pt}.

LaTeX Info: Redefining \. on input line 14842.
LaTeX Info: Redefining \% on input line 14842.
[457]

Package hyperref Warning: Token not allowed in a PDF string (Unicode):
(hyperref)                removing `\@ifnextchar' on input line 14897.

LaTeX Info: Redefining \. on input line 14905.
LaTeX Info: Redefining \% on input line 14905.

Package fancyhdr Warning: \headheight is too small (12.0pt): 
(fancyhdr)                Make it at least 13.07225pt, for example:
(fancyhdr)                \setlength{\headheight}{13.07225pt}.
(fancyhdr)                You might also make \topmargin smaller to compensate:

(fancyhdr)                \addtolength{\topmargin}{-1.07225pt}.

LaTeX Info: Redefining \. on input line 14905.
LaTeX Info: Redefining \% on input line 14905.
[458]
LaTeX Info: Redefining \. on input line 14980.
LaTeX Info: Redefining \% on input line 14980.


Package fancyhdr Warning: \headheight is too small (12.0pt): 
(fancyhdr)                Make it at least 13.07225pt, for example:
(fancyhdr)                \setlength{\headheight}{13.07225pt}.
(fancyhdr)                You might also make \topmargin smaller to compensate:

(fancyhdr)                \addtolength{\topmargin}{-1.07225pt}.

LaTeX Info: Redefining \. on input line 14980.
LaTeX Info: Redefining \% on input line 14980.
[459]
Overfull \hbox (1.55104pt too wide) in paragraph at lines 14988--14989
[][]
 []

LaTeX Info: Redefining \. on input line 15067.
LaTeX Info: Redefining \% on input line 15067.

Package fancyhdr Warning: \headheight is too small (12.0pt): 
(fancyhdr)                Make it at least 13.07225pt, for example:
(fancyhdr)                \setlength{\headheight}{13.07225pt}.
(fancyhdr)                You might also make \topmargin smaller to compensate:

(fancyhdr)                \addtolength{\topmargin}{-1.07225pt}.

LaTeX Info: Redefining \. on input line 15067.
LaTeX Info: Redefining \% on input line 15067.
[460]
Overfull \hbox (12.25482pt too wide) in paragraph at lines 15078--15079
[][]\OT1/cmr/m/it/9 Para el pro-ce-so de re-no-va-ci^^Son $\OML/cmm/m/it/9 N []
$\OT1/cmr/m/it/9 , 
 []

LaTeX Info: Redefining \. on input line 15153.
LaTeX Info: Redefining \% on input line 15153.

Package fancyhdr Warning: \headheight is too small (12.0pt): 
(fancyhdr)                Make it at least 13.07225pt, for example:
(fancyhdr)                \setlength{\headheight}{13.07225pt}.
(fancyhdr)                You might also make \topmargin smaller to compensate:

(fancyhdr)                \addtolength{\topmargin}{-1.07225pt}.

LaTeX Info: Redefining \. on input line 15153.
LaTeX Info: Redefining \% on input line 15153.
[461]
Overfull \hbox (12.25482pt too wide) in paragraph at lines 15162--15163
[][]\OT1/cmr/m/it/9 Para el pro-ce-so de re-no-va-ci^^Son $\OML/cmm/m/it/9 N []
$\OT1/cmr/m/it/9 , 
 []

LaTeX Info: Redefining \. on input line 15229.
LaTeX Info: Redefining \% on input line 15229.

Package fancyhdr Warning: \headheight is too small (12.0pt): 
(fancyhdr)                Make it at least 13.07225pt, for example:
(fancyhdr)                \setlength{\headheight}{13.07225pt}.
(fancyhdr)                You might also make \topmargin smaller to compensate:

(fancyhdr)                \addtolength{\topmargin}{-1.07225pt}.

LaTeX Info: Redefining \. on input line 15229.
LaTeX Info: Redefining \% on input line 15229.
[462]
LaTeX Info: Redefining \. on input line 15305.
LaTeX Info: Redefining \% on input line 15305.


Package fancyhdr Warning: \headheight is too small (12.0pt): 
(fancyhdr)                Make it at least 13.07225pt, for example:
(fancyhdr)                \setlength{\headheight}{13.07225pt}.
(fancyhdr)                You might also make \topmargin smaller to compensate:

(fancyhdr)                \addtolength{\topmargin}{-1.07225pt}.

LaTeX Info: Redefining \. on input line 15305.
LaTeX Info: Redefining \% on input line 15305.
[463]
LaTeX Info: Redefining \. on input line 15394.
LaTeX Info: Redefining \% on input line 15394.


Package fancyhdr Warning: \headheight is too small (12.0pt): 
(fancyhdr)                Make it at least 13.07225pt, for example:
(fancyhdr)                \setlength{\headheight}{13.07225pt}.
(fancyhdr)                You might also make \topmargin smaller to compensate:

(fancyhdr)                \addtolength{\topmargin}{-1.07225pt}.

LaTeX Info: Redefining \. on input line 15394.
LaTeX Info: Redefining \% on input line 15394.
[464]
LaTeX Info: Redefining \. on input line 15477.
LaTeX Info: Redefining \% on input line 15477.


Package fancyhdr Warning: \headheight is too small (12.0pt): 
(fancyhdr)                Make it at least 13.07225pt, for example:
(fancyhdr)                \setlength{\headheight}{13.07225pt}.
(fancyhdr)                You might also make \topmargin smaller to compensate:

(fancyhdr)                \addtolength{\topmargin}{-1.07225pt}.

LaTeX Info: Redefining \. on input line 15477.
LaTeX Info: Redefining \% on input line 15477.
[465]
LaTeX Info: Redefining \. on input line 15553.
LaTeX Info: Redefining \% on input line 15553.


Package fancyhdr Warning: \headheight is too small (12.0pt): 
(fancyhdr)                Make it at least 13.07225pt, for example:
(fancyhdr)                \setlength{\headheight}{13.07225pt}.
(fancyhdr)                You might also make \topmargin smaller to compensate:

(fancyhdr)                \addtolength{\topmargin}{-1.07225pt}.

LaTeX Info: Redefining \. on input line 15553.
LaTeX Info: Redefining \% on input line 15553.
[466]
LaTeX Info: Redefining \. on input line 15625.
LaTeX Info: Redefining \% on input line 15625.


Package fancyhdr Warning: \headheight is too small (12.0pt): 
(fancyhdr)                Make it at least 13.07225pt, for example:
(fancyhdr)                \setlength{\headheight}{13.07225pt}.
(fancyhdr)                You might also make \topmargin smaller to compensate:

(fancyhdr)                \addtolength{\topmargin}{-1.07225pt}.

LaTeX Info: Redefining \. on input line 15625.
LaTeX Info: Redefining \% on input line 15625.
[467]

Package hyperref Warning: Token not allowed in a PDF string (Unicode):
(hyperref)                removing `\@ifnextchar' on input line 15663.

LaTeX Info: Redefining \. on input line 15686.
LaTeX Info: Redefining \% on input line 15686.

Package fancyhdr Warning: \headheight is too small (12.0pt): 
(fancyhdr)                Make it at least 13.07225pt, for example:
(fancyhdr)                \setlength{\headheight}{13.07225pt}.
(fancyhdr)                You might also make \topmargin smaller to compensate:

(fancyhdr)                \addtolength{\topmargin}{-1.07225pt}.

LaTeX Info: Redefining \. on input line 15686.
LaTeX Info: Redefining \% on input line 15686.
[468]
LaTeX Info: Redefining \. on input line 15767.
LaTeX Info: Redefining \% on input line 15767.


Package fancyhdr Warning: \headheight is too small (12.0pt): 
(fancyhdr)                Make it at least 13.07225pt, for example:
(fancyhdr)                \setlength{\headheight}{13.07225pt}.
(fancyhdr)                You might also make \topmargin smaller to compensate:

(fancyhdr)                \addtolength{\topmargin}{-1.07225pt}.

LaTeX Info: Redefining \. on input line 15767.
LaTeX Info: Redefining \% on input line 15767.
[469]

Package hyperref Warning: Token not allowed in a PDF string (Unicode):
(hyperref)                removing `\@ifnextchar' on input line 15786.

LaTeX Info: Redefining \. on input line 15836.
LaTeX Info: Redefining \% on input line 15836.

Package fancyhdr Warning: \headheight is too small (12.0pt): 
(fancyhdr)                Make it at least 13.07225pt, for example:
(fancyhdr)                \setlength{\headheight}{13.07225pt}.
(fancyhdr)                You might also make \topmargin smaller to compensate:

(fancyhdr)                \addtolength{\topmargin}{-1.07225pt}.

LaTeX Info: Redefining \. on input line 15836.
LaTeX Info: Redefining \% on input line 15836.
[470]
LaTeX Info: Redefining \. on input line 15907.
LaTeX Info: Redefining \% on input line 15907.


Package fancyhdr Warning: \headheight is too small (12.0pt): 
(fancyhdr)                Make it at least 13.07225pt, for example:
(fancyhdr)                \setlength{\headheight}{13.07225pt}.
(fancyhdr)                You might also make \topmargin smaller to compensate:

(fancyhdr)                \addtolength{\topmargin}{-1.07225pt}.

LaTeX Info: Redefining \. on input line 15907.
LaTeX Info: Redefining \% on input line 15907.
[471]
LaTeX Info: Redefining \. on input line 15978.
LaTeX Info: Redefining \% on input line 15978.


Package fancyhdr Warning: \headheight is too small (12.0pt): 
(fancyhdr)                Make it at least 13.07225pt, for example:
(fancyhdr)                \setlength{\headheight}{13.07225pt}.
(fancyhdr)                You might also make \topmargin smaller to compensate:

(fancyhdr)                \addtolength{\topmargin}{-1.07225pt}.

LaTeX Info: Redefining \. on input line 15978.
LaTeX Info: Redefining \% on input line 15978.
[472]
Overfull \hbox (1.55104pt too wide) in paragraph at lines 16032--16033
[][]
 []

LaTeX Info: Redefining \. on input line 16062.
LaTeX Info: Redefining \% on input line 16062.

Package fancyhdr Warning: \headheight is too small (12.0pt): 
(fancyhdr)                Make it at least 13.07225pt, for example:
(fancyhdr)                \setlength{\headheight}{13.07225pt}.
(fancyhdr)                You might also make \topmargin smaller to compensate:

(fancyhdr)                \addtolength{\topmargin}{-1.07225pt}.

LaTeX Info: Redefining \. on input line 16062.
LaTeX Info: Redefining \% on input line 16062.
[473]

Package hyperref Warning: Token not allowed in a PDF string (Unicode):
(hyperref)                removing `\@ifnextchar' on input line 16117.

LaTeX Info: Redefining \. on input line 16125.
LaTeX Info: Redefining \% on input line 16125.

Package fancyhdr Warning: \headheight is too small (12.0pt): 
(fancyhdr)                Make it at least 13.07225pt, for example:
(fancyhdr)                \setlength{\headheight}{13.07225pt}.
(fancyhdr)                You might also make \topmargin smaller to compensate:

(fancyhdr)                \addtolength{\topmargin}{-1.07225pt}.

LaTeX Info: Redefining \. on input line 16125.
LaTeX Info: Redefining \% on input line 16125.
[474]
LaTeX Info: Redefining \. on input line 16200.
LaTeX Info: Redefining \% on input line 16200.


Package fancyhdr Warning: \headheight is too small (12.0pt): 
(fancyhdr)                Make it at least 13.07225pt, for example:
(fancyhdr)                \setlength{\headheight}{13.07225pt}.
(fancyhdr)                You might also make \topmargin smaller to compensate:

(fancyhdr)                \addtolength{\topmargin}{-1.07225pt}.

LaTeX Info: Redefining \. on input line 16200.
LaTeX Info: Redefining \% on input line 16200.
[475]
Overfull \hbox (1.55104pt too wide) in paragraph at lines 16208--16209
[][]
 []

LaTeX Info: Redefining \. on input line 16287.
LaTeX Info: Redefining \% on input line 16287.

Package fancyhdr Warning: \headheight is too small (12.0pt): 
(fancyhdr)                Make it at least 13.07225pt, for example:
(fancyhdr)                \setlength{\headheight}{13.07225pt}.
(fancyhdr)                You might also make \topmargin smaller to compensate:

(fancyhdr)                \addtolength{\topmargin}{-1.07225pt}.

LaTeX Info: Redefining \. on input line 16287.
LaTeX Info: Redefining \% on input line 16287.
[476]
Overfull \hbox (12.25482pt too wide) in paragraph at lines 16298--16299
[][]\OT1/cmr/m/it/9 Para el pro-ce-so de re-no-va-ci^^Son $\OML/cmm/m/it/9 N []
$\OT1/cmr/m/it/9 , 
 []

LaTeX Info: Redefining \. on input line 16373.
LaTeX Info: Redefining \% on input line 16373.

Package fancyhdr Warning: \headheight is too small (12.0pt): 
(fancyhdr)                Make it at least 13.07225pt, for example:
(fancyhdr)                \setlength{\headheight}{13.07225pt}.
(fancyhdr)                You might also make \topmargin smaller to compensate:

(fancyhdr)                \addtolength{\topmargin}{-1.07225pt}.

LaTeX Info: Redefining \. on input line 16373.
LaTeX Info: Redefining \% on input line 16373.
[477]
Overfull \hbox (12.25482pt too wide) in paragraph at lines 16382--16383
[][]\OT1/cmr/m/it/9 Para el pro-ce-so de re-no-va-ci^^Son $\OML/cmm/m/it/9 N []
$\OT1/cmr/m/it/9 , 
 []

LaTeX Info: Redefining \. on input line 16449.
LaTeX Info: Redefining \% on input line 16449.

Package fancyhdr Warning: \headheight is too small (12.0pt): 
(fancyhdr)                Make it at least 13.07225pt, for example:
(fancyhdr)                \setlength{\headheight}{13.07225pt}.
(fancyhdr)                You might also make \topmargin smaller to compensate:

(fancyhdr)                \addtolength{\topmargin}{-1.07225pt}.

LaTeX Info: Redefining \. on input line 16449.
LaTeX Info: Redefining \% on input line 16449.
[478]
LaTeX Info: Redefining \. on input line 16525.
LaTeX Info: Redefining \% on input line 16525.


Package fancyhdr Warning: \headheight is too small (12.0pt): 
(fancyhdr)                Make it at least 13.07225pt, for example:
(fancyhdr)                \setlength{\headheight}{13.07225pt}.
(fancyhdr)                You might also make \topmargin smaller to compensate:

(fancyhdr)                \addtolength{\topmargin}{-1.07225pt}.

LaTeX Info: Redefining \. on input line 16525.
LaTeX Info: Redefining \% on input line 16525.
[479]
LaTeX Info: Redefining \. on input line 16614.
LaTeX Info: Redefining \% on input line 16614.


Package fancyhdr Warning: \headheight is too small (12.0pt): 
(fancyhdr)                Make it at least 13.07225pt, for example:
(fancyhdr)                \setlength{\headheight}{13.07225pt}.
(fancyhdr)                You might also make \topmargin smaller to compensate:

(fancyhdr)                \addtolength{\topmargin}{-1.07225pt}.

LaTeX Info: Redefining \. on input line 16614.
LaTeX Info: Redefining \% on input line 16614.
[480]
LaTeX Info: Redefining \. on input line 16697.
LaTeX Info: Redefining \% on input line 16697.


Package fancyhdr Warning: \headheight is too small (12.0pt): 
(fancyhdr)                Make it at least 13.07225pt, for example:
(fancyhdr)                \setlength{\headheight}{13.07225pt}.
(fancyhdr)                You might also make \topmargin smaller to compensate:

(fancyhdr)                \addtolength{\topmargin}{-1.07225pt}.

LaTeX Info: Redefining \. on input line 16697.
LaTeX Info: Redefining \% on input line 16697.
[481]
LaTeX Info: Redefining \. on input line 16773.
LaTeX Info: Redefining \% on input line 16773.


Package fancyhdr Warning: \headheight is too small (12.0pt): 
(fancyhdr)                Make it at least 13.07225pt, for example:
(fancyhdr)                \setlength{\headheight}{13.07225pt}.
(fancyhdr)                You might also make \topmargin smaller to compensate:

(fancyhdr)                \addtolength{\topmargin}{-1.07225pt}.

LaTeX Info: Redefining \. on input line 16773.
LaTeX Info: Redefining \% on input line 16773.
[482]
LaTeX Info: Redefining \. on input line 16845.
LaTeX Info: Redefining \% on input line 16845.


Package fancyhdr Warning: \headheight is too small (12.0pt): 
(fancyhdr)                Make it at least 13.07225pt, for example:
(fancyhdr)                \setlength{\headheight}{13.07225pt}.
(fancyhdr)                You might also make \topmargin smaller to compensate:

(fancyhdr)                \addtolength{\topmargin}{-1.07225pt}.

LaTeX Info: Redefining \. on input line 16845.
LaTeX Info: Redefining \% on input line 16845.
[483]

Package hyperref Warning: Token not allowed in a PDF string (Unicode):
(hyperref)                removing `\@ifnextchar' on input line 16883.

LaTeX Info: Redefining \. on input line 16906.
LaTeX Info: Redefining \% on input line 16906.

Package fancyhdr Warning: \headheight is too small (12.0pt): 
(fancyhdr)                Make it at least 13.07225pt, for example:
(fancyhdr)                \setlength{\headheight}{13.07225pt}.
(fancyhdr)                You might also make \topmargin smaller to compensate:

(fancyhdr)                \addtolength{\topmargin}{-1.07225pt}.

LaTeX Info: Redefining \. on input line 16906.
LaTeX Info: Redefining \% on input line 16906.
[484]
LaTeX Info: Redefining \. on input line 16987.
LaTeX Info: Redefining \% on input line 16987.


Package fancyhdr Warning: \headheight is too small (12.0pt): 
(fancyhdr)                Make it at least 13.07225pt, for example:
(fancyhdr)                \setlength{\headheight}{13.07225pt}.
(fancyhdr)                You might also make \topmargin smaller to compensate:

(fancyhdr)                \addtolength{\topmargin}{-1.07225pt}.

LaTeX Info: Redefining \. on input line 16987.
LaTeX Info: Redefining \% on input line 16987.
[485]

Package hyperref Warning: Token not allowed in a PDF string (Unicode):
(hyperref)                removing `\@ifnextchar' on input line 17006.

LaTeX Info: Redefining \. on input line 17056.
LaTeX Info: Redefining \% on input line 17056.

Package fancyhdr Warning: \headheight is too small (12.0pt): 
(fancyhdr)                Make it at least 13.07225pt, for example:
(fancyhdr)                \setlength{\headheight}{13.07225pt}.
(fancyhdr)                You might also make \topmargin smaller to compensate:

(fancyhdr)                \addtolength{\topmargin}{-1.07225pt}.

LaTeX Info: Redefining \. on input line 17056.
LaTeX Info: Redefining \% on input line 17056.
[486]

Package hyperref Warning: Token not allowed in a PDF string (Unicode):
(hyperref)                removing `\@ifnextchar' on input line 17119.

LaTeX Info: Redefining \. on input line 17134.
LaTeX Info: Redefining \% on input line 17134.

Package fancyhdr Warning: \headheight is too small (12.0pt): 
(fancyhdr)                Make it at least 13.07225pt, for example:
(fancyhdr)                \setlength{\headheight}{13.07225pt}.
(fancyhdr)                You might also make \topmargin smaller to compensate:

(fancyhdr)                \addtolength{\topmargin}{-1.07225pt}.

LaTeX Info: Redefining \. on input line 17134.
LaTeX Info: Redefining \% on input line 17134.
[487]

Package hyperref Warning: Token not allowed in a PDF string (Unicode):
(hyperref)                removing `\@ifnextchar' on input line 17186.

LaTeX Info: Redefining \. on input line 17196.
LaTeX Info: Redefining \% on input line 17196.

Package fancyhdr Warning: \headheight is too small (12.0pt): 
(fancyhdr)                Make it at least 13.07225pt, for example:
(fancyhdr)                \setlength{\headheight}{13.07225pt}.
(fancyhdr)                You might also make \topmargin smaller to compensate:

(fancyhdr)                \addtolength{\topmargin}{-1.07225pt}.

LaTeX Info: Redefining \. on input line 17196.
LaTeX Info: Redefining \% on input line 17196.
[488]
LaTeX Info: Redefining \. on input line 17258.
LaTeX Info: Redefining \% on input line 17258.


Package fancyhdr Warning: \headheight is too small (12.0pt): 
(fancyhdr)                Make it at least 13.07225pt, for example:
(fancyhdr)                \setlength{\headheight}{13.07225pt}.
(fancyhdr)                You might also make \topmargin smaller to compensate:

(fancyhdr)                \addtolength{\topmargin}{-1.07225pt}.

LaTeX Info: Redefining \. on input line 17258.
LaTeX Info: Redefining \% on input line 17258.
[489]
LaTeX Info: Redefining \. on input line 17332.
LaTeX Info: Redefining \% on input line 17332.


Package fancyhdr Warning: \headheight is too small (12.0pt): 
(fancyhdr)                Make it at least 13.07225pt, for example:
(fancyhdr)                \setlength{\headheight}{13.07225pt}.
(fancyhdr)                You might also make \topmargin smaller to compensate:

(fancyhdr)                \addtolength{\topmargin}{-1.07225pt}.

LaTeX Info: Redefining \. on input line 17332.
LaTeX Info: Redefining \% on input line 17332.
[490]
Overfull \hbox (1.55104pt too wide) in paragraph at lines 17377--17378
[][]
 []

LaTeX Info: Redefining \. on input line 17407.
LaTeX Info: Redefining \% on input line 17407.

Package fancyhdr Warning: \headheight is too small (12.0pt): 
(fancyhdr)                Make it at least 13.07225pt, for example:
(fancyhdr)                \setlength{\headheight}{13.07225pt}.
(fancyhdr)                You might also make \topmargin smaller to compensate:

(fancyhdr)                \addtolength{\topmargin}{-1.07225pt}.

LaTeX Info: Redefining \. on input line 17407.
LaTeX Info: Redefining \% on input line 17407.
[491]
Overfull \hbox (1.55104pt too wide) in paragraph at lines 17474--17475
[][]
 []

LaTeX Info: Redefining \. on input line 17488.
LaTeX Info: Redefining \% on input line 17488.

Package fancyhdr Warning: \headheight is too small (12.0pt): 
(fancyhdr)                Make it at least 13.07225pt, for example:
(fancyhdr)                \setlength{\headheight}{13.07225pt}.
(fancyhdr)                You might also make \topmargin smaller to compensate:

(fancyhdr)                \addtolength{\topmargin}{-1.07225pt}.

LaTeX Info: Redefining \. on input line 17488.
LaTeX Info: Redefining \% on input line 17488.
[492]
Overfull \hbox (1.55104pt too wide) in paragraph at lines 17570--17571
[][]
 []

LaTeX Info: Redefining \. on input line 17573.
LaTeX Info: Redefining \% on input line 17573.

Package fancyhdr Warning: \headheight is too small (12.0pt): 
(fancyhdr)                Make it at least 13.07225pt, for example:
(fancyhdr)                \setlength{\headheight}{13.07225pt}.
(fancyhdr)                You might also make \topmargin smaller to compensate:

(fancyhdr)                \addtolength{\topmargin}{-1.07225pt}.

LaTeX Info: Redefining \. on input line 17573.
LaTeX Info: Redefining \% on input line 17573.
[493]
LaTeX Info: Redefining \. on input line 17657.
LaTeX Info: Redefining \% on input line 17657.


Package fancyhdr Warning: \headheight is too small (12.0pt): 
(fancyhdr)                Make it at least 13.07225pt, for example:
(fancyhdr)                \setlength{\headheight}{13.07225pt}.
(fancyhdr)                You might also make \topmargin smaller to compensate:

(fancyhdr)                \addtolength{\topmargin}{-1.07225pt}.

LaTeX Info: Redefining \. on input line 17657.
LaTeX Info: Redefining \% on input line 17657.
[494]
Overfull \hbox (1.55104pt too wide) in paragraph at lines 17665--17666
[][]
 []

LaTeX Info: Redefining \. on input line 17737.
LaTeX Info: Redefining \% on input line 17737.

Package fancyhdr Warning: \headheight is too small (12.0pt): 
(fancyhdr)                Make it at least 13.07225pt, for example:
(fancyhdr)                \setlength{\headheight}{13.07225pt}.
(fancyhdr)                You might also make \topmargin smaller to compensate:

(fancyhdr)                \addtolength{\topmargin}{-1.07225pt}.

LaTeX Info: Redefining \. on input line 17737.
LaTeX Info: Redefining \% on input line 17737.
[495]
Overfull \hbox (1.55104pt too wide) in paragraph at lines 17759--17760
[][]
 []

LaTeX Info: Redefining \. on input line 17839.
LaTeX Info: Redefining \% on input line 17839.

Package fancyhdr Warning: \headheight is too small (12.0pt): 
(fancyhdr)                Make it at least 13.07225pt, for example:
(fancyhdr)                \setlength{\headheight}{13.07225pt}.
(fancyhdr)                You might also make \topmargin smaller to compensate:

(fancyhdr)                \addtolength{\topmargin}{-1.07225pt}.

LaTeX Info: Redefining \. on input line 17839.
LaTeX Info: Redefining \% on input line 17839.
[496]
Overfull \hbox (12.25482pt too wide) in paragraph at lines 17882--17883
[][]\OT1/cmr/m/it/9 Para el pro-ce-so de re-no-va-ci^^Son $\OML/cmm/m/it/9 N []
$\OT1/cmr/m/it/9 , 
 []

LaTeX Info: Redefining \. on input line 17910.
LaTeX Info: Redefining \% on input line 17910.

Package fancyhdr Warning: \headheight is too small (12.0pt): 
(fancyhdr)                Make it at least 13.07225pt, for example:
(fancyhdr)                \setlength{\headheight}{13.07225pt}.
(fancyhdr)                You might also make \topmargin smaller to compensate:

(fancyhdr)                \addtolength{\topmargin}{-1.07225pt}.

LaTeX Info: Redefining \. on input line 17910.
LaTeX Info: Redefining \% on input line 17910.
[497]

Package hyperref Warning: Token not allowed in a PDF string (Unicode):
(hyperref)                removing `\@ifnextchar' on input line 17914.

LaTeX Info: Redefining \. on input line 17967.
LaTeX Info: Redefining \% on input line 17967.

Package fancyhdr Warning: \headheight is too small (12.0pt): 
(fancyhdr)                Make it at least 13.07225pt, for example:
(fancyhdr)                \setlength{\headheight}{13.07225pt}.
(fancyhdr)                You might also make \topmargin smaller to compensate:

(fancyhdr)                \addtolength{\topmargin}{-1.07225pt}.

LaTeX Info: Redefining \. on input line 17967.
LaTeX Info: Redefining \% on input line 17967.
[498]
Overfull \hbox (1.55104pt too wide) in paragraph at lines 17999--18000
[][]
 []

LaTeX Info: Redefining \. on input line 18056.
LaTeX Info: Redefining \% on input line 18056.

Package fancyhdr Warning: \headheight is too small (12.0pt): 
(fancyhdr)                Make it at least 13.07225pt, for example:
(fancyhdr)                \setlength{\headheight}{13.07225pt}.
(fancyhdr)                You might also make \topmargin smaller to compensate:

(fancyhdr)                \addtolength{\topmargin}{-1.07225pt}.

LaTeX Info: Redefining \. on input line 18056.
LaTeX Info: Redefining \% on input line 18056.
[499]
Overfull \hbox (12.25482pt too wide) in paragraph at lines 18089--18090
[][]\OT1/cmr/m/it/9 Para el pro-ce-so de re-no-va-ci^^Son $\OML/cmm/m/it/9 N []
$\OT1/cmr/m/it/9 , 
 []

LaTeX Info: Redefining \. on input line 18140.
LaTeX Info: Redefining \% on input line 18140.

Package fancyhdr Warning: \headheight is too small (12.0pt): 
(fancyhdr)                Make it at least 13.07225pt, for example:
(fancyhdr)                \setlength{\headheight}{13.07225pt}.
(fancyhdr)                You might also make \topmargin smaller to compensate:

(fancyhdr)                \addtolength{\topmargin}{-1.07225pt}.

LaTeX Info: Redefining \. on input line 18140.
LaTeX Info: Redefining \% on input line 18140.
[500]
Overfull \hbox (12.25482pt too wide) in paragraph at lines 18173--18174
[][]\OT1/cmr/m/it/9 Para el pro-ce-so de re-no-va-ci^^Son $\OML/cmm/m/it/9 N []
$\OT1/cmr/m/it/9 , 
 []

LaTeX Info: Redefining \. on input line 18224.
LaTeX Info: Redefining \% on input line 18224.

Package fancyhdr Warning: \headheight is too small (12.0pt): 
(fancyhdr)                Make it at least 13.07225pt, for example:
(fancyhdr)                \setlength{\headheight}{13.07225pt}.
(fancyhdr)                You might also make \topmargin smaller to compensate:

(fancyhdr)                \addtolength{\topmargin}{-1.07225pt}.

LaTeX Info: Redefining \. on input line 18224.
LaTeX Info: Redefining \% on input line 18224.
[501]
LaTeX Info: Redefining \. on input line 18295.
LaTeX Info: Redefining \% on input line 18295.


Package fancyhdr Warning: \headheight is too small (12.0pt): 
(fancyhdr)                Make it at least 13.07225pt, for example:
(fancyhdr)                \setlength{\headheight}{13.07225pt}.
(fancyhdr)                You might also make \topmargin smaller to compensate:

(fancyhdr)                \addtolength{\topmargin}{-1.07225pt}.

LaTeX Info: Redefining \. on input line 18295.
LaTeX Info: Redefining \% on input line 18295.
[502]
LaTeX Info: Redefining \. on input line 18383.
LaTeX Info: Redefining \% on input line 18383.


Package fancyhdr Warning: \headheight is too small (12.0pt): 
(fancyhdr)                Make it at least 13.07225pt, for example:
(fancyhdr)                \setlength{\headheight}{13.07225pt}.
(fancyhdr)                You might also make \topmargin smaller to compensate:

(fancyhdr)                \addtolength{\topmargin}{-1.07225pt}.

LaTeX Info: Redefining \. on input line 18383.
LaTeX Info: Redefining \% on input line 18383.
[503]
LaTeX Info: Redefining \. on input line 18469.
LaTeX Info: Redefining \% on input line 18469.


Package fancyhdr Warning: \headheight is too small (12.0pt): 
(fancyhdr)                Make it at least 13.07225pt, for example:
(fancyhdr)                \setlength{\headheight}{13.07225pt}.
(fancyhdr)                You might also make \topmargin smaller to compensate:

(fancyhdr)                \addtolength{\topmargin}{-1.07225pt}.

LaTeX Info: Redefining \. on input line 18469.
LaTeX Info: Redefining \% on input line 18469.
[504]
LaTeX Info: Redefining \. on input line 18537.
LaTeX Info: Redefining \% on input line 18537.


Package fancyhdr Warning: \headheight is too small (12.0pt): 
(fancyhdr)                Make it at least 13.07225pt, for example:
(fancyhdr)                \setlength{\headheight}{13.07225pt}.
(fancyhdr)                You might also make \topmargin smaller to compensate:

(fancyhdr)                \addtolength{\topmargin}{-1.07225pt}.

LaTeX Info: Redefining \. on input line 18537.
LaTeX Info: Redefining \% on input line 18537.
[505]
LaTeX Info: Redefining \. on input line 18611.
LaTeX Info: Redefining \% on input line 18611.


Package fancyhdr Warning: \headheight is too small (12.0pt): 
(fancyhdr)                Make it at least 13.07225pt, for example:
(fancyhdr)                \setlength{\headheight}{13.07225pt}.
(fancyhdr)                You might also make \topmargin smaller to compensate:

(fancyhdr)                \addtolength{\topmargin}{-1.07225pt}.

LaTeX Info: Redefining \. on input line 18611.
LaTeX Info: Redefining \% on input line 18611.
[506]
LaTeX Info: Redefining \. on input line 18639.
LaTeX Info: Redefining \% on input line 18639.


Package fancyhdr Warning: \headheight is too small (12.0pt): 
(fancyhdr)                Make it at least 13.07225pt, for example:
(fancyhdr)                \setlength{\headheight}{13.07225pt}.
(fancyhdr)                You might also make \topmargin smaller to compensate:

(fancyhdr)                \addtolength{\topmargin}{-1.07225pt}.

LaTeX Info: Redefining \. on input line 18639.
LaTeX Info: Redefining \% on input line 18639.
[507]

Package hyperref Warning: Token not allowed in a PDF string (Unicode):
(hyperref)                removing `\@ifnextchar' on input line 18709.

LaTeX Info: Redefining \. on input line 18713.
LaTeX Info: Redefining \% on input line 18713.

Package fancyhdr Warning: \headheight is too small (12.0pt): 
(fancyhdr)                Make it at least 13.07225pt, for example:
(fancyhdr)                \setlength{\headheight}{13.07225pt}.
(fancyhdr)                You might also make \topmargin smaller to compensate:

(fancyhdr)                \addtolength{\topmargin}{-1.07225pt}.

LaTeX Info: Redefining \. on input line 18713.
LaTeX Info: Redefining \% on input line 18713.
[508]
LaTeX Info: Redefining \. on input line 18779.
LaTeX Info: Redefining \% on input line 18779.


Package fancyhdr Warning: \headheight is too small (12.0pt): 
(fancyhdr)                Make it at least 13.07225pt, for example:
(fancyhdr)                \setlength{\headheight}{13.07225pt}.
(fancyhdr)                You might also make \topmargin smaller to compensate:

(fancyhdr)                \addtolength{\topmargin}{-1.07225pt}.

LaTeX Info: Redefining \. on input line 18779.
LaTeX Info: Redefining \% on input line 18779.
[509]
Overfull \hbox (1.55104pt too wide) in paragraph at lines 18787--18788
[][]
 []

LaTeX Info: Redefining \. on input line 18868.
LaTeX Info: Redefining \% on input line 18868.

Package fancyhdr Warning: \headheight is too small (12.0pt): 
(fancyhdr)                Make it at least 13.07225pt, for example:
(fancyhdr)                \setlength{\headheight}{13.07225pt}.
(fancyhdr)                You might also make \topmargin smaller to compensate:

(fancyhdr)                \addtolength{\topmargin}{-1.07225pt}.

LaTeX Info: Redefining \. on input line 18868.
LaTeX Info: Redefining \% on input line 18868.
[510]
Overfull \hbox (12.25482pt too wide) in paragraph at lines 18877--18878
[][]\OT1/cmr/m/it/9 Para el pro-ce-so de re-no-va-ci^^Son $\OML/cmm/m/it/9 N []
$\OT1/cmr/m/it/9 , 
 []

LaTeX Info: Redefining \. on input line 18952.
LaTeX Info: Redefining \% on input line 18952.

Package fancyhdr Warning: \headheight is too small (12.0pt): 
(fancyhdr)                Make it at least 13.07225pt, for example:
(fancyhdr)                \setlength{\headheight}{13.07225pt}.
(fancyhdr)                You might also make \topmargin smaller to compensate:

(fancyhdr)                \addtolength{\topmargin}{-1.07225pt}.

LaTeX Info: Redefining \. on input line 18952.
LaTeX Info: Redefining \% on input line 18952.
[511]
Overfull \hbox (12.25482pt too wide) in paragraph at lines 18961--18962
[][]\OT1/cmr/m/it/9 Para el pro-ce-so de re-no-va-ci^^Son $\OML/cmm/m/it/9 N []
$\OT1/cmr/m/it/9 , 
 []

LaTeX Info: Redefining \. on input line 19028.
LaTeX Info: Redefining \% on input line 19028.

Package fancyhdr Warning: \headheight is too small (12.0pt): 
(fancyhdr)                Make it at least 13.07225pt, for example:
(fancyhdr)                \setlength{\headheight}{13.07225pt}.
(fancyhdr)                You might also make \topmargin smaller to compensate:

(fancyhdr)                \addtolength{\topmargin}{-1.07225pt}.

LaTeX Info: Redefining \. on input line 19028.
LaTeX Info: Redefining \% on input line 19028.
[512]
LaTeX Info: Redefining \. on input line 19104.
LaTeX Info: Redefining \% on input line 19104.


Package fancyhdr Warning: \headheight is too small (12.0pt): 
(fancyhdr)                Make it at least 13.07225pt, for example:
(fancyhdr)                \setlength{\headheight}{13.07225pt}.
(fancyhdr)                You might also make \topmargin smaller to compensate:

(fancyhdr)                \addtolength{\topmargin}{-1.07225pt}.

LaTeX Info: Redefining \. on input line 19104.
LaTeX Info: Redefining \% on input line 19104.
[513]
LaTeX Info: Redefining \. on input line 19171.
LaTeX Info: Redefining \% on input line 19171.


Package fancyhdr Warning: \headheight is too small (12.0pt): 
(fancyhdr)                Make it at least 13.07225pt, for example:
(fancyhdr)                \setlength{\headheight}{13.07225pt}.
(fancyhdr)                You might also make \topmargin smaller to compensate:

(fancyhdr)                \addtolength{\topmargin}{-1.07225pt}.

LaTeX Info: Redefining \. on input line 19171.
LaTeX Info: Redefining \% on input line 19171.
[514]

Package hyperref Warning: Token not allowed in a PDF string (Unicode):
(hyperref)                removing `\@ifnextchar' on input line 19205.

LaTeX Info: Redefining \. on input line 19239.
LaTeX Info: Redefining \% on input line 19239.

Package fancyhdr Warning: \headheight is too small (12.0pt): 
(fancyhdr)                Make it at least 13.07225pt, for example:
(fancyhdr)                \setlength{\headheight}{13.07225pt}.
(fancyhdr)                You might also make \topmargin smaller to compensate:

(fancyhdr)                \addtolength{\topmargin}{-1.07225pt}.

LaTeX Info: Redefining \. on input line 19239.
LaTeX Info: Redefining \% on input line 19239.
[515]

Package hyperref Warning: Token not allowed in a PDF string (Unicode):
(hyperref)                removing `\@ifnextchar' on input line 19252.

LaTeX Info: Redefining \. on input line 19307.
LaTeX Info: Redefining \% on input line 19307.

Package fancyhdr Warning: \headheight is too small (12.0pt): 
(fancyhdr)                Make it at least 13.07225pt, for example:
(fancyhdr)                \setlength{\headheight}{13.07225pt}.
(fancyhdr)                You might also make \topmargin smaller to compensate:

(fancyhdr)                \addtolength{\topmargin}{-1.07225pt}.

LaTeX Info: Redefining \. on input line 19307.
LaTeX Info: Redefining \% on input line 19307.
[516]
Overfull \hbox (1.55104pt too wide) in paragraph at lines 19358--19359
[][]
 []

LaTeX Info: Redefining \. on input line 19388.
LaTeX Info: Redefining \% on input line 19388.

Package fancyhdr Warning: \headheight is too small (12.0pt): 
(fancyhdr)                Make it at least 13.07225pt, for example:
(fancyhdr)                \setlength{\headheight}{13.07225pt}.
(fancyhdr)                You might also make \topmargin smaller to compensate:

(fancyhdr)                \addtolength{\topmargin}{-1.07225pt}.

LaTeX Info: Redefining \. on input line 19388.
LaTeX Info: Redefining \% on input line 19388.
[517]
Overfull \hbox (1.55104pt too wide) in paragraph at lines 19454--19455
[][]
 []

LaTeX Info: Redefining \. on input line 19468.
LaTeX Info: Redefining \% on input line 19468.

Package fancyhdr Warning: \headheight is too small (12.0pt): 
(fancyhdr)                Make it at least 13.07225pt, for example:
(fancyhdr)                \setlength{\headheight}{13.07225pt}.
(fancyhdr)                You might also make \topmargin smaller to compensate:

(fancyhdr)                \addtolength{\topmargin}{-1.07225pt}.

LaTeX Info: Redefining \. on input line 19468.
LaTeX Info: Redefining \% on input line 19468.
[518]
LaTeX Info: Redefining \. on input line 19541.
LaTeX Info: Redefining \% on input line 19541.


Package fancyhdr Warning: \headheight is too small (12.0pt): 
(fancyhdr)                Make it at least 13.07225pt, for example:
(fancyhdr)                \setlength{\headheight}{13.07225pt}.
(fancyhdr)                You might also make \topmargin smaller to compensate:

(fancyhdr)                \addtolength{\topmargin}{-1.07225pt}.

LaTeX Info: Redefining \. on input line 19541.
LaTeX Info: Redefining \% on input line 19541.
[519]
Overfull \hbox (1.55104pt too wide) in paragraph at lines 19549--19550
[][]
 []

LaTeX Info: Redefining \. on input line 19622.
LaTeX Info: Redefining \% on input line 19622.

Package fancyhdr Warning: \headheight is too small (12.0pt): 
(fancyhdr)                Make it at least 13.07225pt, for example:
(fancyhdr)                \setlength{\headheight}{13.07225pt}.
(fancyhdr)                You might also make \topmargin smaller to compensate:

(fancyhdr)                \addtolength{\topmargin}{-1.07225pt}.

LaTeX Info: Redefining \. on input line 19622.
LaTeX Info: Redefining \% on input line 19622.
[520]
Overfull \hbox (1.55104pt too wide) in paragraph at lines 19644--19645
[][]
 []


Package hyperref Warning: Token not allowed in a PDF string (Unicode):
(hyperref)                removing `\@ifnextchar' on input line 19679.

LaTeX Info: Redefining \. on input line 19696.
LaTeX Info: Redefining \% on input line 19696.

Package fancyhdr Warning: \headheight is too small (12.0pt): 
(fancyhdr)                Make it at least 13.07225pt, for example:
(fancyhdr)                \setlength{\headheight}{13.07225pt}.
(fancyhdr)                You might also make \topmargin smaller to compensate:

(fancyhdr)                \addtolength{\topmargin}{-1.07225pt}.

LaTeX Info: Redefining \. on input line 19696.
LaTeX Info: Redefining \% on input line 19696.
[521]
LaTeX Info: Redefining \. on input line 19746.
LaTeX Info: Redefining \% on input line 19746.


Package fancyhdr Warning: \headheight is too small (12.0pt): 
(fancyhdr)                Make it at least 13.07225pt, for example:
(fancyhdr)                \setlength{\headheight}{13.07225pt}.
(fancyhdr)                You might also make \topmargin smaller to compensate:

(fancyhdr)                \addtolength{\topmargin}{-1.07225pt}.

LaTeX Info: Redefining \. on input line 19746.
LaTeX Info: Redefining \% on input line 19746.
[522]
LaTeX Info: Redefining \. on input line 19837.
LaTeX Info: Redefining \% on input line 19837.


Package fancyhdr Warning: \headheight is too small (12.0pt): 
(fancyhdr)                Make it at least 13.07225pt, for example:
(fancyhdr)                \setlength{\headheight}{13.07225pt}.
(fancyhdr)                You might also make \topmargin smaller to compensate:

(fancyhdr)                \addtolength{\topmargin}{-1.07225pt}.

LaTeX Info: Redefining \. on input line 19837.
LaTeX Info: Redefining \% on input line 19837.
[523]
Overfull \hbox (1.55104pt too wide) in paragraph at lines 19888--19889
[][]
 []

LaTeX Info: Redefining \. on input line 19918.
LaTeX Info: Redefining \% on input line 19918.

Package fancyhdr Warning: \headheight is too small (12.0pt): 
(fancyhdr)                Make it at least 13.07225pt, for example:
(fancyhdr)                \setlength{\headheight}{13.07225pt}.
(fancyhdr)                You might also make \topmargin smaller to compensate:

(fancyhdr)                \addtolength{\topmargin}{-1.07225pt}.

LaTeX Info: Redefining \. on input line 19918.
LaTeX Info: Redefining \% on input line 19918.
[524]
Overfull \hbox (12.25482pt too wide) in paragraph at lines 19984--19985
[][]\OT1/cmr/m/it/9 Para el pro-ce-so de re-no-va-ci^^Son $\OML/cmm/m/it/9 N []
$\OT1/cmr/m/it/9 , 
 []

LaTeX Info: Redefining \. on input line 19997.
LaTeX Info: Redefining \% on input line 19997.

Package fancyhdr Warning: \headheight is too small (12.0pt): 
(fancyhdr)                Make it at least 13.07225pt, for example:
(fancyhdr)                \setlength{\headheight}{13.07225pt}.
(fancyhdr)                You might also make \topmargin smaller to compensate:

(fancyhdr)                \addtolength{\topmargin}{-1.07225pt}.

LaTeX Info: Redefining \. on input line 19997.
LaTeX Info: Redefining \% on input line 19997.
[525]
LaTeX Info: Redefining \. on input line 20031.
LaTeX Info: Redefining \% on input line 20031.


Package fancyhdr Warning: \headheight is too small (12.0pt): 
(fancyhdr)                Make it at least 13.07225pt, for example:
(fancyhdr)                \setlength{\headheight}{13.07225pt}.
(fancyhdr)                You might also make \topmargin smaller to compensate:

(fancyhdr)                \addtolength{\topmargin}{-1.07225pt}.

LaTeX Info: Redefining \. on input line 20031.
LaTeX Info: Redefining \% on input line 20031.
[526]
LaTeX Info: Redefining \. on input line 20095.
LaTeX Info: Redefining \% on input line 20095.


Package fancyhdr Warning: \headheight is too small (12.0pt): 
(fancyhdr)                Make it at least 13.07225pt, for example:
(fancyhdr)                \setlength{\headheight}{13.07225pt}.
(fancyhdr)                You might also make \topmargin smaller to compensate:

(fancyhdr)                \addtolength{\topmargin}{-1.07225pt}.

LaTeX Info: Redefining \. on input line 20095.
LaTeX Info: Redefining \% on input line 20095.
[527]

Package hyperref Warning: Token not allowed in a PDF string (Unicode):
(hyperref)                removing `\@ifnextchar' on input line 20099.

LaTeX Info: Redefining \. on input line 20156.
LaTeX Info: Redefining \% on input line 20156.

Package fancyhdr Warning: \headheight is too small (12.0pt): 
(fancyhdr)                Make it at least 13.07225pt, for example:
(fancyhdr)                \setlength{\headheight}{13.07225pt}.
(fancyhdr)                You might also make \topmargin smaller to compensate:

(fancyhdr)                \addtolength{\topmargin}{-1.07225pt}.

LaTeX Info: Redefining \. on input line 20156.
LaTeX Info: Redefining \% on input line 20156.
[528]
Overfull \hbox (1.55104pt too wide) in paragraph at lines 20182--20183
[][]
 []

LaTeX Info: Redefining \. on input line 20246.
LaTeX Info: Redefining \% on input line 20246.

Package fancyhdr Warning: \headheight is too small (12.0pt): 
(fancyhdr)                Make it at least 13.07225pt, for example:
(fancyhdr)                \setlength{\headheight}{13.07225pt}.
(fancyhdr)                You might also make \topmargin smaller to compensate:

(fancyhdr)                \addtolength{\topmargin}{-1.07225pt}.

LaTeX Info: Redefining \. on input line 20246.
LaTeX Info: Redefining \% on input line 20246.
[529]
Overfull \hbox (12.25482pt too wide) in paragraph at lines 20272--20273
[][]\OT1/cmr/m/it/9 Para el pro-ce-so de re-no-va-ci^^Son $\OML/cmm/m/it/9 N []
$\OT1/cmr/m/it/9 , 
 []

LaTeX Info: Redefining \. on input line 20330.
LaTeX Info: Redefining \% on input line 20330.

Package fancyhdr Warning: \headheight is too small (12.0pt): 
(fancyhdr)                Make it at least 13.07225pt, for example:
(fancyhdr)                \setlength{\headheight}{13.07225pt}.
(fancyhdr)                You might also make \topmargin smaller to compensate:

(fancyhdr)                \addtolength{\topmargin}{-1.07225pt}.

LaTeX Info: Redefining \. on input line 20330.
LaTeX Info: Redefining \% on input line 20330.
[530]
Overfull \hbox (12.25482pt too wide) in paragraph at lines 20356--20357
[][]\OT1/cmr/m/it/9 Para el pro-ce-so de re-no-va-ci^^Son $\OML/cmm/m/it/9 N []
$\OT1/cmr/m/it/9 , 
 []

LaTeX Info: Redefining \. on input line 20410.
LaTeX Info: Redefining \% on input line 20410.

Package fancyhdr Warning: \headheight is too small (12.0pt): 
(fancyhdr)                Make it at least 13.07225pt, for example:
(fancyhdr)                \setlength{\headheight}{13.07225pt}.
(fancyhdr)                You might also make \topmargin smaller to compensate:

(fancyhdr)                \addtolength{\topmargin}{-1.07225pt}.

LaTeX Info: Redefining \. on input line 20410.
LaTeX Info: Redefining \% on input line 20410.
[531]
LaTeX Info: Redefining \. on input line 20484.
LaTeX Info: Redefining \% on input line 20484.


Package fancyhdr Warning: \headheight is too small (12.0pt): 
(fancyhdr)                Make it at least 13.07225pt, for example:
(fancyhdr)                \setlength{\headheight}{13.07225pt}.
(fancyhdr)                You might also make \topmargin smaller to compensate:

(fancyhdr)                \addtolength{\topmargin}{-1.07225pt}.

LaTeX Info: Redefining \. on input line 20484.
LaTeX Info: Redefining \% on input line 20484.
[532]
LaTeX Info: Redefining \. on input line 20548.
LaTeX Info: Redefining \% on input line 20548.


Package fancyhdr Warning: \headheight is too small (12.0pt): 
(fancyhdr)                Make it at least 13.07225pt, for example:
(fancyhdr)                \setlength{\headheight}{13.07225pt}.
(fancyhdr)                You might also make \topmargin smaller to compensate:

(fancyhdr)                \addtolength{\topmargin}{-1.07225pt}.

LaTeX Info: Redefining \. on input line 20548.
LaTeX Info: Redefining \% on input line 20548.
[533]

Package hyperref Warning: Token not allowed in a PDF string (Unicode):
(hyperref)                removing `\@ifnextchar' on input line 20600.

LaTeX Info: Redefining \. on input line 20610.
LaTeX Info: Redefining \% on input line 20610.

Package fancyhdr Warning: \headheight is too small (12.0pt): 
(fancyhdr)                Make it at least 13.07225pt, for example:
(fancyhdr)                \setlength{\headheight}{13.07225pt}.
(fancyhdr)                You might also make \topmargin smaller to compensate:

(fancyhdr)                \addtolength{\topmargin}{-1.07225pt}.

LaTeX Info: Redefining \. on input line 20610.
LaTeX Info: Redefining \% on input line 20610.
[534]

Package hyperref Warning: Token not allowed in a PDF string (Unicode):
(hyperref)                removing `\@ifnextchar' on input line 20647.

LaTeX Info: Redefining \. on input line 20681.
LaTeX Info: Redefining \% on input line 20681.

Package fancyhdr Warning: \headheight is too small (12.0pt): 
(fancyhdr)                Make it at least 13.07225pt, for example:
(fancyhdr)                \setlength{\headheight}{13.07225pt}.
(fancyhdr)                You might also make \topmargin smaller to compensate:

(fancyhdr)                \addtolength{\topmargin}{-1.07225pt}.

LaTeX Info: Redefining \. on input line 20681.
LaTeX Info: Redefining \% on input line 20681.
[535]
Overfull \hbox (1.55104pt too wide) in paragraph at lines 20758--20759
[][]
 []

LaTeX Info: Redefining \. on input line 20761.
LaTeX Info: Redefining \% on input line 20761.

Package fancyhdr Warning: \headheight is too small (12.0pt): 
(fancyhdr)                Make it at least 13.07225pt, for example:
(fancyhdr)                \setlength{\headheight}{13.07225pt}.
(fancyhdr)                You might also make \topmargin smaller to compensate:

(fancyhdr)                \addtolength{\topmargin}{-1.07225pt}.

LaTeX Info: Redefining \. on input line 20761.
LaTeX Info: Redefining \% on input line 20761.
[536]
LaTeX Info: Redefining \. on input line 20837.
LaTeX Info: Redefining \% on input line 20837.


Package fancyhdr Warning: \headheight is too small (12.0pt): 
(fancyhdr)                Make it at least 13.07225pt, for example:
(fancyhdr)                \setlength{\headheight}{13.07225pt}.
(fancyhdr)                You might also make \topmargin smaller to compensate:

(fancyhdr)                \addtolength{\topmargin}{-1.07225pt}.

LaTeX Info: Redefining \. on input line 20837.
LaTeX Info: Redefining \% on input line 20837.
[537]
Overfull \hbox (1.55104pt too wide) in paragraph at lines 20854--20855
[][]
 []

LaTeX Info: Redefining \. on input line 20927.
LaTeX Info: Redefining \% on input line 20927.

Package fancyhdr Warning: \headheight is too small (12.0pt): 
(fancyhdr)                Make it at least 13.07225pt, for example:
(fancyhdr)                \setlength{\headheight}{13.07225pt}.
(fancyhdr)                You might also make \topmargin smaller to compensate:

(fancyhdr)                \addtolength{\topmargin}{-1.07225pt}.

LaTeX Info: Redefining \. on input line 20927.
LaTeX Info: Redefining \% on input line 20927.
[538]
Overfull \hbox (1.55104pt too wide) in paragraph at lines 20949--20950
[][]
 []

LaTeX Info: Redefining \. on input line 21007.
LaTeX Info: Redefining \% on input line 21007.

Package fancyhdr Warning: \headheight is too small (12.0pt): 
(fancyhdr)                Make it at least 13.07225pt, for example:
(fancyhdr)                \setlength{\headheight}{13.07225pt}.
(fancyhdr)                You might also make \topmargin smaller to compensate:

(fancyhdr)                \addtolength{\topmargin}{-1.07225pt}.

LaTeX Info: Redefining \. on input line 21007.
LaTeX Info: Redefining \% on input line 21007.
[539]
Overfull \hbox (1.55104pt too wide) in paragraph at lines 21046--21047
[][]
 []

LaTeX Info: Redefining \. on input line 21076.
LaTeX Info: Redefining \% on input line 21076.

Package fancyhdr Warning: \headheight is too small (12.0pt): 
(fancyhdr)                Make it at least 13.07225pt, for example:
(fancyhdr)                \setlength{\headheight}{13.07225pt}.
(fancyhdr)                You might also make \topmargin smaller to compensate:

(fancyhdr)                \addtolength{\topmargin}{-1.07225pt}.

LaTeX Info: Redefining \. on input line 21076.
LaTeX Info: Redefining \% on input line 21076.
[540]

Package hyperref Warning: Token not allowed in a PDF string (Unicode):
(hyperref)                removing `\@ifnextchar' on input line 21083.

LaTeX Info: Redefining \. on input line 21142.
LaTeX Info: Redefining \% on input line 21142.

Package fancyhdr Warning: \headheight is too small (12.0pt): 
(fancyhdr)                Make it at least 13.07225pt, for example:
(fancyhdr)                \setlength{\headheight}{13.07225pt}.
(fancyhdr)                You might also make \topmargin smaller to compensate:

(fancyhdr)                \addtolength{\topmargin}{-1.07225pt}.

LaTeX Info: Redefining \. on input line 21142.
LaTeX Info: Redefining \% on input line 21142.
[541]
LaTeX Info: Redefining \. on input line 21214.
LaTeX Info: Redefining \% on input line 21214.


Package fancyhdr Warning: \headheight is too small (12.0pt): 
(fancyhdr)                Make it at least 13.07225pt, for example:
(fancyhdr)                \setlength{\headheight}{13.07225pt}.
(fancyhdr)                You might also make \topmargin smaller to compensate:

(fancyhdr)                \addtolength{\topmargin}{-1.07225pt}.

LaTeX Info: Redefining \. on input line 21214.
LaTeX Info: Redefining \% on input line 21214.
[542]
Overfull \hbox (1.55104pt too wide) in paragraph at lines 21292--21293
[][]
 []

LaTeX Info: Redefining \. on input line 21304.
LaTeX Info: Redefining \% on input line 21304.

Package fancyhdr Warning: \headheight is too small (12.0pt): 
(fancyhdr)                Make it at least 13.07225pt, for example:
(fancyhdr)                \setlength{\headheight}{13.07225pt}.
(fancyhdr)                You might also make \topmargin smaller to compensate:

(fancyhdr)                \addtolength{\topmargin}{-1.07225pt}.

LaTeX Info: Redefining \. on input line 21304.
LaTeX Info: Redefining \% on input line 21304.
[543]
LaTeX Info: Redefining \. on input line 21383.
LaTeX Info: Redefining \% on input line 21383.


Package fancyhdr Warning: \headheight is too small (12.0pt): 
(fancyhdr)                Make it at least 13.07225pt, for example:
(fancyhdr)                \setlength{\headheight}{13.07225pt}.
(fancyhdr)                You might also make \topmargin smaller to compensate:

(fancyhdr)                \addtolength{\topmargin}{-1.07225pt}.

LaTeX Info: Redefining \. on input line 21383.
LaTeX Info: Redefining \% on input line 21383.
[544]
Overfull \hbox (12.25482pt too wide) in paragraph at lines 21388--21389
[][]\OT1/cmr/m/it/9 Para el pro-ce-so de re-no-va-ci^^Son $\OML/cmm/m/it/9 N []
$\OT1/cmr/m/it/9 , 
 []

LaTeX Info: Redefining \. on input line 21426.
LaTeX Info: Redefining \% on input line 21426.

Package fancyhdr Warning: \headheight is too small (12.0pt): 
(fancyhdr)                Make it at least 13.07225pt, for example:
(fancyhdr)                \setlength{\headheight}{13.07225pt}.
(fancyhdr)                You might also make \topmargin smaller to compensate:

(fancyhdr)                \addtolength{\topmargin}{-1.07225pt}.

LaTeX Info: Redefining \. on input line 21426.
LaTeX Info: Redefining \% on input line 21426.
[545]
LaTeX Info: Redefining \. on input line 21493.
LaTeX Info: Redefining \% on input line 21493.


Package fancyhdr Warning: \headheight is too small (12.0pt): 
(fancyhdr)                Make it at least 13.07225pt, for example:
(fancyhdr)                \setlength{\headheight}{13.07225pt}.
(fancyhdr)                You might also make \topmargin smaller to compensate:

(fancyhdr)                \addtolength{\topmargin}{-1.07225pt}.

LaTeX Info: Redefining \. on input line 21493.
LaTeX Info: Redefining \% on input line 21493.
[546]
Overfull \hbox (12.25482pt too wide) in paragraph at lines 21496--21497
[][]\OT1/cmr/m/it/9 Para el pro-ce-so de re-no-va-ci^^Son $\OML/cmm/m/it/9 N []
$\OT1/cmr/m/it/9 , 
 []


Overfull \hbox (12.25482pt too wide) in paragraph at lines 21565--21566
[][]\OT1/cmr/m/it/9 Para el pro-ce-so de re-no-va-ci^^Son $\OML/cmm/m/it/9 N []
$\OT1/cmr/m/it/9 , 
 []

LaTeX Info: Redefining \. on input line 21580.
LaTeX Info: Redefining \% on input line 21580.

Package fancyhdr Warning: \headheight is too small (12.0pt): 
(fancyhdr)                Make it at least 13.07225pt, for example:
(fancyhdr)                \setlength{\headheight}{13.07225pt}.
(fancyhdr)                You might also make \topmargin smaller to compensate:

(fancyhdr)                \addtolength{\topmargin}{-1.07225pt}.

LaTeX Info: Redefining \. on input line 21580.
LaTeX Info: Redefining \% on input line 21580.
[547]
LaTeX Info: Redefining \. on input line 21680.
LaTeX Info: Redefining \% on input line 21680.


Package fancyhdr Warning: \headheight is too small (12.0pt): 
(fancyhdr)                Make it at least 13.07225pt, for example:
(fancyhdr)                \setlength{\headheight}{13.07225pt}.
(fancyhdr)                You might also make \topmargin smaller to compensate:

(fancyhdr)                \addtolength{\topmargin}{-1.07225pt}.

LaTeX Info: Redefining \. on input line 21680.
LaTeX Info: Redefining \% on input line 21680.
[548]
Overfull \hbox (12.25482pt too wide) in paragraph at lines 21713--21714
[][]\OT1/cmr/m/it/9 Para el pro-ce-so de re-no-va-ci^^Son $\OML/cmm/m/it/9 N []
$\OT1/cmr/m/it/9 , 
 []

LaTeX Info: Redefining \. on input line 21767.
LaTeX Info: Redefining \% on input line 21767.

Package fancyhdr Warning: \headheight is too small (12.0pt): 
(fancyhdr)                Make it at least 13.07225pt, for example:
(fancyhdr)                \setlength{\headheight}{13.07225pt}.
(fancyhdr)                You might also make \topmargin smaller to compensate:

(fancyhdr)                \addtolength{\topmargin}{-1.07225pt}.

LaTeX Info: Redefining \. on input line 21767.
LaTeX Info: Redefining \% on input line 21767.
[549]
Overfull \hbox (12.25482pt too wide) in paragraph at lines 21808--21809
[][]\OT1/cmr/m/it/9 Para el pro-ce-so de re-no-va-ci^^Son $\OML/cmm/m/it/9 N []
$\OT1/cmr/m/it/9 , 
 []

LaTeX Info: Redefining \. on input line 21838.
LaTeX Info: Redefining \% on input line 21838.

Package fancyhdr Warning: \headheight is too small (12.0pt): 
(fancyhdr)                Make it at least 13.07225pt, for example:
(fancyhdr)                \setlength{\headheight}{13.07225pt}.
(fancyhdr)                You might also make \topmargin smaller to compensate:

(fancyhdr)                \addtolength{\topmargin}{-1.07225pt}.

LaTeX Info: Redefining \. on input line 21838.
LaTeX Info: Redefining \% on input line 21838.
[550]
LaTeX Info: Redefining \. on input line 21905.
LaTeX Info: Redefining \% on input line 21905.


Package fancyhdr Warning: \headheight is too small (12.0pt): 
(fancyhdr)                Make it at least 13.07225pt, for example:
(fancyhdr)                \setlength{\headheight}{13.07225pt}.
(fancyhdr)                You might also make \topmargin smaller to compensate:

(fancyhdr)                \addtolength{\topmargin}{-1.07225pt}.

LaTeX Info: Redefining \. on input line 21905.
LaTeX Info: Redefining \% on input line 21905.
[551]
LaTeX Info: Redefining \. on input line 21984.
LaTeX Info: Redefining \% on input line 21984.


Package fancyhdr Warning: \headheight is too small (12.0pt): 
(fancyhdr)                Make it at least 13.07225pt, for example:
(fancyhdr)                \setlength{\headheight}{13.07225pt}.
(fancyhdr)                You might also make \topmargin smaller to compensate:

(fancyhdr)                \addtolength{\topmargin}{-1.07225pt}.

LaTeX Info: Redefining \. on input line 21984.
LaTeX Info: Redefining \% on input line 21984.
[552]
LaTeX Info: Redefining \. on input line 22053.
LaTeX Info: Redefining \% on input line 22053.


Package fancyhdr Warning: \headheight is too small (12.0pt): 
(fancyhdr)                Make it at least 13.07225pt, for example:
(fancyhdr)                \setlength{\headheight}{13.07225pt}.
(fancyhdr)                You might also make \topmargin smaller to compensate:

(fancyhdr)                \addtolength{\topmargin}{-1.07225pt}.

LaTeX Info: Redefining \. on input line 22053.
LaTeX Info: Redefining \% on input line 22053.
[553]
LaTeX Info: Redefining \. on input line 22132.
LaTeX Info: Redefining \% on input line 22132.


Package fancyhdr Warning: \headheight is too small (12.0pt): 
(fancyhdr)                Make it at least 13.07225pt, for example:
(fancyhdr)                \setlength{\headheight}{13.07225pt}.
(fancyhdr)                You might also make \topmargin smaller to compensate:

(fancyhdr)                \addtolength{\topmargin}{-1.07225pt}.

LaTeX Info: Redefining \. on input line 22132.
LaTeX Info: Redefining \% on input line 22132.
[554]
Overfull \hbox (1.55104pt too wide) in paragraph at lines 22140--22141
[][]
 []

LaTeX Info: Redefining \. on input line 22215.
LaTeX Info: Redefining \% on input line 22215.

Package fancyhdr Warning: \headheight is too small (12.0pt): 
(fancyhdr)                Make it at least 13.07225pt, for example:
(fancyhdr)                \setlength{\headheight}{13.07225pt}.
(fancyhdr)                You might also make \topmargin smaller to compensate:

(fancyhdr)                \addtolength{\topmargin}{-1.07225pt}.

LaTeX Info: Redefining \. on input line 22215.
LaTeX Info: Redefining \% on input line 22215.
[555]
Overfull \hbox (1.55104pt too wide) in paragraph at lines 22237--22238
[][]
 []

LaTeX Info: Redefining \. on input line 22311.
LaTeX Info: Redefining \% on input line 22311.

Package fancyhdr Warning: \headheight is too small (12.0pt): 
(fancyhdr)                Make it at least 13.07225pt, for example:
(fancyhdr)                \setlength{\headheight}{13.07225pt}.
(fancyhdr)                You might also make \topmargin smaller to compensate:

(fancyhdr)                \addtolength{\topmargin}{-1.07225pt}.

LaTeX Info: Redefining \. on input line 22311.
LaTeX Info: Redefining \% on input line 22311.
[556]
Overfull \hbox (1.55104pt too wide) in paragraph at lines 22333--22334
[][]
 []

LaTeX Info: Redefining \. on input line 22392.
LaTeX Info: Redefining \% on input line 22392.

Package fancyhdr Warning: \headheight is too small (12.0pt): 
(fancyhdr)                Make it at least 13.07225pt, for example:
(fancyhdr)                \setlength{\headheight}{13.07225pt}.
(fancyhdr)                You might also make \topmargin smaller to compensate:

(fancyhdr)                \addtolength{\topmargin}{-1.07225pt}.

LaTeX Info: Redefining \. on input line 22392.
LaTeX Info: Redefining \% on input line 22392.
[557]
Overfull \hbox (1.55104pt too wide) in paragraph at lines 22428--22429
[][]
 []

LaTeX Info: Redefining \. on input line 22475.
LaTeX Info: Redefining \% on input line 22475.

Package fancyhdr Warning: \headheight is too small (12.0pt): 
(fancyhdr)                Make it at least 13.07225pt, for example:
(fancyhdr)                \setlength{\headheight}{13.07225pt}.
(fancyhdr)                You might also make \topmargin smaller to compensate:

(fancyhdr)                \addtolength{\topmargin}{-1.07225pt}.

LaTeX Info: Redefining \. on input line 22475.
LaTeX Info: Redefining \% on input line 22475.
[558]
Overfull \hbox (1.55104pt too wide) in paragraph at lines 22522--22523
[][]
 []

LaTeX Info: Redefining \. on input line 22552.
LaTeX Info: Redefining \% on input line 22552.

Package fancyhdr Warning: \headheight is too small (12.0pt): 
(fancyhdr)                Make it at least 13.07225pt, for example:
(fancyhdr)                \setlength{\headheight}{13.07225pt}.
(fancyhdr)                You might also make \topmargin smaller to compensate:

(fancyhdr)                \addtolength{\topmargin}{-1.07225pt}.

LaTeX Info: Redefining \. on input line 22552.
LaTeX Info: Redefining \% on input line 22552.
[559]
Overfull \hbox (12.25482pt too wide) in paragraph at lines 22645--22646
[][]\OT1/cmr/m/it/9 Para el pro-ce-so de re-no-va-ci^^Son $\OML/cmm/m/it/9 N []
$\OT1/cmr/m/it/9 , 
 []

LaTeX Info: Redefining \. on input line 22660.
LaTeX Info: Redefining \% on input line 22660.

Package fancyhdr Warning: \headheight is too small (12.0pt): 
(fancyhdr)                Make it at least 13.07225pt, for example:
(fancyhdr)                \setlength{\headheight}{13.07225pt}.
(fancyhdr)                You might also make \topmargin smaller to compensate:

(fancyhdr)                \addtolength{\topmargin}{-1.07225pt}.

LaTeX Info: Redefining \. on input line 22660.
LaTeX Info: Redefining \% on input line 22660.
[560]
LaTeX Info: Redefining \. on input line 22723.
LaTeX Info: Redefining \% on input line 22723.


Package fancyhdr Warning: \headheight is too small (12.0pt): 
(fancyhdr)                Make it at least 13.07225pt, for example:
(fancyhdr)                \setlength{\headheight}{13.07225pt}.
(fancyhdr)                You might also make \topmargin smaller to compensate:

(fancyhdr)                \addtolength{\topmargin}{-1.07225pt}.

LaTeX Info: Redefining \. on input line 22723.
LaTeX Info: Redefining \% on input line 22723.
[561]
Overfull \hbox (1.55104pt too wide) in paragraph at lines 22768--22769
[][]
 []

LaTeX Info: Redefining \. on input line 22808.
LaTeX Info: Redefining \% on input line 22808.

Package fancyhdr Warning: \headheight is too small (12.0pt): 
(fancyhdr)                Make it at least 13.07225pt, for example:
(fancyhdr)                \setlength{\headheight}{13.07225pt}.
(fancyhdr)                You might also make \topmargin smaller to compensate:

(fancyhdr)                \addtolength{\topmargin}{-1.07225pt}.

LaTeX Info: Redefining \. on input line 22808.
LaTeX Info: Redefining \% on input line 22808.
[562]
Overfull \hbox (12.25482pt too wide) in paragraph at lines 22858--22859
[][]\OT1/cmr/m/it/9 Para el pro-ce-so de re-no-va-ci^^Son $\OML/cmm/m/it/9 N []
$\OT1/cmr/m/it/9 , 
 []

LaTeX Info: Redefining \. on input line 22892.
LaTeX Info: Redefining \% on input line 22892.

Package fancyhdr Warning: \headheight is too small (12.0pt): 
(fancyhdr)                Make it at least 13.07225pt, for example:
(fancyhdr)                \setlength{\headheight}{13.07225pt}.
(fancyhdr)                You might also make \topmargin smaller to compensate:

(fancyhdr)                \addtolength{\topmargin}{-1.07225pt}.

LaTeX Info: Redefining \. on input line 22892.
LaTeX Info: Redefining \% on input line 22892.
[563]
Overfull \hbox (12.25482pt too wide) in paragraph at lines 22942--22943
[][]\OT1/cmr/m/it/9 Para el pro-ce-so de re-no-va-ci^^Son $\OML/cmm/m/it/9 N []
$\OT1/cmr/m/it/9 , 
 []

LaTeX Info: Redefining \. on input line 22973.
LaTeX Info: Redefining \% on input line 22973.

Package fancyhdr Warning: \headheight is too small (12.0pt): 
(fancyhdr)                Make it at least 13.07225pt, for example:
(fancyhdr)                \setlength{\headheight}{13.07225pt}.
(fancyhdr)                You might also make \topmargin smaller to compensate:

(fancyhdr)                \addtolength{\topmargin}{-1.07225pt}.

LaTeX Info: Redefining \. on input line 22973.
LaTeX Info: Redefining \% on input line 22973.
[564]
LaTeX Info: Redefining \. on input line 23054.
LaTeX Info: Redefining \% on input line 23054.


Package fancyhdr Warning: \headheight is too small (12.0pt): 
(fancyhdr)                Make it at least 13.07225pt, for example:
(fancyhdr)                \setlength{\headheight}{13.07225pt}.
(fancyhdr)                You might also make \topmargin smaller to compensate:

(fancyhdr)                \addtolength{\topmargin}{-1.07225pt}.

LaTeX Info: Redefining \. on input line 23054.
LaTeX Info: Redefining \% on input line 23054.
[565]
LaTeX Info: Redefining \. on input line 23130.
LaTeX Info: Redefining \% on input line 23130.


Package fancyhdr Warning: \headheight is too small (12.0pt): 
(fancyhdr)                Make it at least 13.07225pt, for example:
(fancyhdr)                \setlength{\headheight}{13.07225pt}.
(fancyhdr)                You might also make \topmargin smaller to compensate:

(fancyhdr)                \addtolength{\topmargin}{-1.07225pt}.

LaTeX Info: Redefining \. on input line 23130.
LaTeX Info: Redefining \% on input line 23130.
[566]
LaTeX Info: Redefining \. on input line 23227.
LaTeX Info: Redefining \% on input line 23227.


Package fancyhdr Warning: \headheight is too small (12.0pt): 
(fancyhdr)                Make it at least 13.07225pt, for example:
(fancyhdr)                \setlength{\headheight}{13.07225pt}.
(fancyhdr)                You might also make \topmargin smaller to compensate:

(fancyhdr)                \addtolength{\topmargin}{-1.07225pt}.

LaTeX Info: Redefining \. on input line 23227.
LaTeX Info: Redefining \% on input line 23227.
[567]
LaTeX Info: Redefining \. on input line 23294.
LaTeX Info: Redefining \% on input line 23294.


Package fancyhdr Warning: \headheight is too small (12.0pt): 
(fancyhdr)                Make it at least 13.07225pt, for example:
(fancyhdr)                \setlength{\headheight}{13.07225pt}.
(fancyhdr)                You might also make \topmargin smaller to compensate:

(fancyhdr)                \addtolength{\topmargin}{-1.07225pt}.

LaTeX Info: Redefining \. on input line 23294.
LaTeX Info: Redefining \% on input line 23294.
[568]
LaTeX Info: Redefining \. on input line 23380.
LaTeX Info: Redefining \% on input line 23380.


Package fancyhdr Warning: \headheight is too small (12.0pt): 
(fancyhdr)                Make it at least 13.07225pt, for example:
(fancyhdr)                \setlength{\headheight}{13.07225pt}.
(fancyhdr)                You might also make \topmargin smaller to compensate:

(fancyhdr)                \addtolength{\topmargin}{-1.07225pt}.

LaTeX Info: Redefining \. on input line 23380.
LaTeX Info: Redefining \% on input line 23380.
[569]

LaTeX Warning: Reference `Corolario2' on page 570 undefined on input line 23428
.

LaTeX Info: Redefining \. on input line 23437.
LaTeX Info: Redefining \% on input line 23437.

Package fancyhdr Warning: \headheight is too small (12.0pt): 
(fancyhdr)                Make it at least 13.07225pt, for example:
(fancyhdr)                \setlength{\headheight}{13.07225pt}.
(fancyhdr)                You might also make \topmargin smaller to compensate:

(fancyhdr)                \addtolength{\topmargin}{-1.07225pt}.

LaTeX Info: Redefining \. on input line 23437.
LaTeX Info: Redefining \% on input line 23437.
[570]
Overfull \hbox (38.20743pt too wide) in paragraph at lines 23474--23476
\OT1/cmr/m/n/9 1\OML/cmm/m/it/9 ; \OT1/cmr/m/n/9 2\OML/cmm/m/it/9 ; \OT1/cmr/m/
n/9 3\OML/cmm/m/it/9 ; \OT1/cmr/m/n/9 4$\OT1/cmr/m/it/9 . Exis-te un in-ter-va-
lo $\OML/cmm/m/it/9 I \OMS/cmsy/m/n/9 6\OT1/cmr/m/n/9 = \OMS/cmsy/m/n/9 ;$ \OT1
/cmr/m/it/9 tal que pa-ra $\OML/cmm/m/it/9 T[] \OMS/cmsy/m/n/9 2 \OML/cmm/m/it/
9 I$\OT1/cmr/m/it/9 , tal que $\U/msb/m/n/9 P [] \OML/cmm/m/it/9 >
 []

LaTeX Info: Redefining \. on input line 23500.
LaTeX Info: Redefining \% on input line 23500.

Package fancyhdr Warning: \headheight is too small (12.0pt): 
(fancyhdr)                Make it at least 13.07225pt, for example:
(fancyhdr)                \setlength{\headheight}{13.07225pt}.
(fancyhdr)                You might also make \topmargin smaller to compensate:

(fancyhdr)                \addtolength{\topmargin}{-1.07225pt}.

LaTeX Info: Redefining \. on input line 23500.
LaTeX Info: Redefining \% on input line 23500.
[571]
Overfull \hbox (16.29744pt too wide) in paragraph at lines 23530--23531
[]\OT1/cmr/m/it/9 An^^Salo-ga-men-te que co-mo se hi-zo pa-ra $\OML/cmm/m/it/9 
Q[]$\OT1/cmr/m/it/9 , te-ne-mos que pa-ra $\OML/cmm/m/it/9 Q[]$ \OT1/cmr/m/it/9
 se tie-ne el in-ter-va-lo $\OML/cmm/m/it/9 I[] \OT1/cmr/m/n/9 = []$
 []


Overfull \hbox (25.68799pt too wide) in alignment at lines 23596--23615
 [][][] []
 []

LaTeX Info: Redefining \. on input line 23615.
LaTeX Info: Redefining \% on input line 23615.

Package fancyhdr Warning: \headheight is too small (12.0pt): 
(fancyhdr)                Make it at least 13.07225pt, for example:
(fancyhdr)                \setlength{\headheight}{13.07225pt}.
(fancyhdr)                You might also make \topmargin smaller to compensate:

(fancyhdr)                \addtolength{\topmargin}{-1.07225pt}.

LaTeX Info: Redefining \. on input line 23615.
LaTeX Info: Redefining \% on input line 23615.
[572]

LaTeX Font Warning: Command \footnotesize invalid in math mode on input line 23
664.

LaTeX Info: Redefining \. on input line 23705.
LaTeX Info: Redefining \% on input line 23705.

Package fancyhdr Warning: \headheight is too small (12.0pt): 
(fancyhdr)                Make it at least 13.07225pt, for example:
(fancyhdr)                \setlength{\headheight}{13.07225pt}.
(fancyhdr)                You might also make \topmargin smaller to compensate:

(fancyhdr)                \addtolength{\topmargin}{-1.07225pt}.

LaTeX Info: Redefining \. on input line 23705.
LaTeX Info: Redefining \% on input line 23705.
[573]
LaTeX Info: Redefining \. on input line 23783.
LaTeX Info: Redefining \% on input line 23783.


Package fancyhdr Warning: \headheight is too small (12.0pt): 
(fancyhdr)                Make it at least 13.07225pt, for example:
(fancyhdr)                \setlength{\headheight}{13.07225pt}.
(fancyhdr)                You might also make \topmargin smaller to compensate:

(fancyhdr)                \addtolength{\topmargin}{-1.07225pt}.

LaTeX Info: Redefining \. on input line 23783.
LaTeX Info: Redefining \% on input line 23783.
[574]
LaTeX Info: Redefining \. on input line 23879.
LaTeX Info: Redefining \% on input line 23879.


Package fancyhdr Warning: \headheight is too small (12.0pt): 
(fancyhdr)                Make it at least 13.07225pt, for example:
(fancyhdr)                \setlength{\headheight}{13.07225pt}.
(fancyhdr)                You might also make \topmargin smaller to compensate:

(fancyhdr)                \addtolength{\topmargin}{-1.07225pt}.

LaTeX Info: Redefining \. on input line 23879.
LaTeX Info: Redefining \% on input line 23879.
[575]
LaTeX Info: Redefining \. on input line 23977.
LaTeX Info: Redefining \% on input line 23977.


Package fancyhdr Warning: \headheight is too small (12.0pt): 
(fancyhdr)                Make it at least 13.07225pt, for example:
(fancyhdr)                \setlength{\headheight}{13.07225pt}.
(fancyhdr)                You might also make \topmargin smaller to compensate:

(fancyhdr)                \addtolength{\topmargin}{-1.07225pt}.

LaTeX Info: Redefining \. on input line 23977.
LaTeX Info: Redefining \% on input line 23977.
[576]
LaTeX Info: Redefining \. on input line 24049.
LaTeX Info: Redefining \% on input line 24049.


Package fancyhdr Warning: \headheight is too small (12.0pt): 
(fancyhdr)                Make it at least 13.07225pt, for example:
(fancyhdr)                \setlength{\headheight}{13.07225pt}.
(fancyhdr)                You might also make \topmargin smaller to compensate:

(fancyhdr)                \addtolength{\topmargin}{-1.07225pt}.

LaTeX Info: Redefining \. on input line 24049.
LaTeX Info: Redefining \% on input line 24049.
[577]
LaTeX Info: Redefining \. on input line 24129.
LaTeX Info: Redefining \% on input line 24129.


Package fancyhdr Warning: \headheight is too small (12.0pt): 
(fancyhdr)                Make it at least 13.07225pt, for example:
(fancyhdr)                \setlength{\headheight}{13.07225pt}.
(fancyhdr)                You might also make \topmargin smaller to compensate:

(fancyhdr)                \addtolength{\topmargin}{-1.07225pt}.

LaTeX Info: Redefining \. on input line 24129.
LaTeX Info: Redefining \% on input line 24129.
[578]
Overfull \hbox (1.55104pt too wide) in paragraph at lines 24174--24175
[][]
 []

LaTeX Info: Redefining \. on input line 24204.
LaTeX Info: Redefining \% on input line 24204.

Package fancyhdr Warning: \headheight is too small (12.0pt): 
(fancyhdr)                Make it at least 13.07225pt, for example:
(fancyhdr)                \setlength{\headheight}{13.07225pt}.
(fancyhdr)                You might also make \topmargin smaller to compensate:

(fancyhdr)                \addtolength{\topmargin}{-1.07225pt}.

LaTeX Info: Redefining \. on input line 24204.
LaTeX Info: Redefining \% on input line 24204.
[579]
Overfull \hbox (1.55104pt too wide) in paragraph at lines 24271--24272
[][]
 []

LaTeX Info: Redefining \. on input line 24295.
LaTeX Info: Redefining \% on input line 24295.

Package fancyhdr Warning: \headheight is too small (12.0pt): 
(fancyhdr)                Make it at least 13.07225pt, for example:
(fancyhdr)                \setlength{\headheight}{13.07225pt}.
(fancyhdr)                You might also make \topmargin smaller to compensate:

(fancyhdr)                \addtolength{\topmargin}{-1.07225pt}.

LaTeX Info: Redefining \. on input line 24295.
LaTeX Info: Redefining \% on input line 24295.
[580]
Overfull \hbox (1.55104pt too wide) in paragraph at lines 24367--24368
[][]
 []

LaTeX Info: Redefining \. on input line 24381.
LaTeX Info: Redefining \% on input line 24381.

Package fancyhdr Warning: \headheight is too small (12.0pt): 
(fancyhdr)                Make it at least 13.07225pt, for example:
(fancyhdr)                \setlength{\headheight}{13.07225pt}.
(fancyhdr)                You might also make \topmargin smaller to compensate:

(fancyhdr)                \addtolength{\topmargin}{-1.07225pt}.

LaTeX Info: Redefining \. on input line 24381.
LaTeX Info: Redefining \% on input line 24381.
[581]
Overfull \hbox (1.55104pt too wide) in paragraph at lines 24462--24463
[][]
 []

LaTeX Info: Redefining \. on input line 24465.
LaTeX Info: Redefining \% on input line 24465.

Package fancyhdr Warning: \headheight is too small (12.0pt): 
(fancyhdr)                Make it at least 13.07225pt, for example:
(fancyhdr)                \setlength{\headheight}{13.07225pt}.
(fancyhdr)                You might also make \topmargin smaller to compensate:

(fancyhdr)                \addtolength{\topmargin}{-1.07225pt}.

LaTeX Info: Redefining \. on input line 24465.
LaTeX Info: Redefining \% on input line 24465.
[582]
LaTeX Info: Redefining \. on input line 24548.
LaTeX Info: Redefining \% on input line 24548.


Package fancyhdr Warning: \headheight is too small (12.0pt): 
(fancyhdr)                Make it at least 13.07225pt, for example:
(fancyhdr)                \setlength{\headheight}{13.07225pt}.
(fancyhdr)                You might also make \topmargin smaller to compensate:

(fancyhdr)                \addtolength{\topmargin}{-1.07225pt}.

LaTeX Info: Redefining \. on input line 24548.
LaTeX Info: Redefining \% on input line 24548.
[583]
Overfull \hbox (1.55104pt too wide) in paragraph at lines 24556--24557
[][]
 []

LaTeX Info: Redefining \. on input line 24646.
LaTeX Info: Redefining \% on input line 24646.

Package fancyhdr Warning: \headheight is too small (12.0pt): 
(fancyhdr)                Make it at least 13.07225pt, for example:
(fancyhdr)                \setlength{\headheight}{13.07225pt}.
(fancyhdr)                You might also make \topmargin smaller to compensate:

(fancyhdr)                \addtolength{\topmargin}{-1.07225pt}.

LaTeX Info: Redefining \. on input line 24646.
LaTeX Info: Redefining \% on input line 24646.
[584]
Overfull \hbox (12.25482pt too wide) in paragraph at lines 24679--24680
[][]\OT1/cmr/m/it/9 Para el pro-ce-so de re-no-va-ci^^Son $\OML/cmm/m/it/9 N []
$\OT1/cmr/m/it/9 , 
 []

LaTeX Info: Redefining \. on input line 24714.
LaTeX Info: Redefining \% on input line 24714.

Package fancyhdr Warning: \headheight is too small (12.0pt): 
(fancyhdr)                Make it at least 13.07225pt, for example:
(fancyhdr)                \setlength{\headheight}{13.07225pt}.
(fancyhdr)                You might also make \topmargin smaller to compensate:

(fancyhdr)                \addtolength{\topmargin}{-1.07225pt}.

LaTeX Info: Redefining \. on input line 24714.
LaTeX Info: Redefining \% on input line 24714.
[585]
LaTeX Info: Redefining \. on input line 24780.
LaTeX Info: Redefining \% on input line 24780.


Package fancyhdr Warning: \headheight is too small (12.0pt): 
(fancyhdr)                Make it at least 13.07225pt, for example:
(fancyhdr)                \setlength{\headheight}{13.07225pt}.
(fancyhdr)                You might also make \topmargin smaller to compensate:

(fancyhdr)                \addtolength{\topmargin}{-1.07225pt}.

LaTeX Info: Redefining \. on input line 24780.
LaTeX Info: Redefining \% on input line 24780.
[586]
Overfull \hbox (1.55104pt too wide) in paragraph at lines 24797--24798
[][]
 []

LaTeX Info: Redefining \. on input line 24866.
LaTeX Info: Redefining \% on input line 24866.

Package fancyhdr Warning: \headheight is too small (12.0pt): 
(fancyhdr)                Make it at least 13.07225pt, for example:
(fancyhdr)                \setlength{\headheight}{13.07225pt}.
(fancyhdr)                You might also make \topmargin smaller to compensate:

(fancyhdr)                \addtolength{\topmargin}{-1.07225pt}.

LaTeX Info: Redefining \. on input line 24866.
LaTeX Info: Redefining \% on input line 24866.
[587]
Overfull \hbox (12.25482pt too wide) in paragraph at lines 24887--24888
[][]\OT1/cmr/m/it/9 Para el pro-ce-so de re-no-va-ci^^Son $\OML/cmm/m/it/9 N []
$\OT1/cmr/m/it/9 , 
 []

LaTeX Info: Redefining \. on input line 24950.
LaTeX Info: Redefining \% on input line 24950.

Package fancyhdr Warning: \headheight is too small (12.0pt): 
(fancyhdr)                Make it at least 13.07225pt, for example:
(fancyhdr)                \setlength{\headheight}{13.07225pt}.
(fancyhdr)                You might also make \topmargin smaller to compensate:

(fancyhdr)                \addtolength{\topmargin}{-1.07225pt}.

LaTeX Info: Redefining \. on input line 24950.
LaTeX Info: Redefining \% on input line 24950.
[588]
Overfull \hbox (12.25482pt too wide) in paragraph at lines 24971--24972
[][]\OT1/cmr/m/it/9 Para el pro-ce-so de re-no-va-ci^^Son $\OML/cmm/m/it/9 N []
$\OT1/cmr/m/it/9 , 
 []

LaTeX Info: Redefining \. on input line 25031.
LaTeX Info: Redefining \% on input line 25031.

Package fancyhdr Warning: \headheight is too small (12.0pt): 
(fancyhdr)                Make it at least 13.07225pt, for example:
(fancyhdr)                \setlength{\headheight}{13.07225pt}.
(fancyhdr)                You might also make \topmargin smaller to compensate:

(fancyhdr)                \addtolength{\topmargin}{-1.07225pt}.

LaTeX Info: Redefining \. on input line 25031.
LaTeX Info: Redefining \% on input line 25031.
[589]
LaTeX Info: Redefining \. on input line 25107.
LaTeX Info: Redefining \% on input line 25107.


Package fancyhdr Warning: \headheight is too small (12.0pt): 
(fancyhdr)                Make it at least 13.07225pt, for example:
(fancyhdr)                \setlength{\headheight}{13.07225pt}.
(fancyhdr)                You might also make \topmargin smaller to compensate:

(fancyhdr)                \addtolength{\topmargin}{-1.07225pt}.

LaTeX Info: Redefining \. on input line 25107.
LaTeX Info: Redefining \% on input line 25107.
[590]
LaTeX Info: Redefining \. on input line 25195.
LaTeX Info: Redefining \% on input line 25195.


Package fancyhdr Warning: \headheight is too small (12.0pt): 
(fancyhdr)                Make it at least 13.07225pt, for example:
(fancyhdr)                \setlength{\headheight}{13.07225pt}.
(fancyhdr)                You might also make \topmargin smaller to compensate:

(fancyhdr)                \addtolength{\topmargin}{-1.07225pt}.

LaTeX Info: Redefining \. on input line 25195.
LaTeX Info: Redefining \% on input line 25195.
[591]
LaTeX Info: Redefining \. on input line 25277.
LaTeX Info: Redefining \% on input line 25277.


Package fancyhdr Warning: \headheight is too small (12.0pt): 
(fancyhdr)                Make it at least 13.07225pt, for example:
(fancyhdr)                \setlength{\headheight}{13.07225pt}.
(fancyhdr)                You might also make \topmargin smaller to compensate:

(fancyhdr)                \addtolength{\topmargin}{-1.07225pt}.

LaTeX Info: Redefining \. on input line 25277.
LaTeX Info: Redefining \% on input line 25277.
[592]
LaTeX Info: Redefining \. on input line 25353.
LaTeX Info: Redefining \% on input line 25353.


Package fancyhdr Warning: \headheight is too small (12.0pt): 
(fancyhdr)                Make it at least 13.07225pt, for example:
(fancyhdr)                \setlength{\headheight}{13.07225pt}.
(fancyhdr)                You might also make \topmargin smaller to compensate:

(fancyhdr)                \addtolength{\topmargin}{-1.07225pt}.

LaTeX Info: Redefining \. on input line 25353.
LaTeX Info: Redefining \% on input line 25353.
[593]
LaTeX Info: Redefining \. on input line 25426.
LaTeX Info: Redefining \% on input line 25426.


Package fancyhdr Warning: \headheight is too small (12.0pt): 
(fancyhdr)                Make it at least 13.07225pt, for example:
(fancyhdr)                \setlength{\headheight}{13.07225pt}.
(fancyhdr)                You might also make \topmargin smaller to compensate:

(fancyhdr)                \addtolength{\topmargin}{-1.07225pt}.

LaTeX Info: Redefining \. on input line 25426.
LaTeX Info: Redefining \% on input line 25426.
[594]
LaTeX Info: Redefining \. on input line 25485.
LaTeX Info: Redefining \% on input line 25485.


Package fancyhdr Warning: \headheight is too small (12.0pt): 
(fancyhdr)                Make it at least 13.07225pt, for example:
(fancyhdr)                \setlength{\headheight}{13.07225pt}.
(fancyhdr)                You might also make \topmargin smaller to compensate:

(fancyhdr)                \addtolength{\topmargin}{-1.07225pt}.

LaTeX Info: Redefining \. on input line 25485.
LaTeX Info: Redefining \% on input line 25485.
[595]
LaTeX Info: Redefining \. on input line 25556.
LaTeX Info: Redefining \% on input line 25556.


Package fancyhdr Warning: \headheight is too small (12.0pt): 
(fancyhdr)                Make it at least 13.07225pt, for example:
(fancyhdr)                \setlength{\headheight}{13.07225pt}.
(fancyhdr)                You might also make \topmargin smaller to compensate:

(fancyhdr)                \addtolength{\topmargin}{-1.07225pt}.

LaTeX Info: Redefining \. on input line 25556.
LaTeX Info: Redefining \% on input line 25556.
[596]
LaTeX Info: Redefining \. on input line 25641.
LaTeX Info: Redefining \% on input line 25641.


Package fancyhdr Warning: \headheight is too small (12.0pt): 
(fancyhdr)                Make it at least 13.07225pt, for example:
(fancyhdr)                \setlength{\headheight}{13.07225pt}.
(fancyhdr)                You might also make \topmargin smaller to compensate:

(fancyhdr)                \addtolength{\topmargin}{-1.07225pt}.

LaTeX Info: Redefining \. on input line 25641.
LaTeX Info: Redefining \% on input line 25641.
[597]
Overfull \hbox (2.70364pt too wide) in paragraph at lines 25672--25673
[][]\OT1/cmr/m/it/9 Si el par $[]$ es re-ge-ne-ra-ti-vo cl^^Sasi-co, en-ton-ces
 las lon-gi-tu-des de los ci-clos $\OML/cmm/m/it/9 X[]; X[]; [] ;$
 []

LaTeX Info: Redefining \. on input line 25721.
LaTeX Info: Redefining \% on input line 25721.

Package fancyhdr Warning: \headheight is too small (12.0pt): 
(fancyhdr)                Make it at least 13.07225pt, for example:
(fancyhdr)                \setlength{\headheight}{13.07225pt}.
(fancyhdr)                You might also make \topmargin smaller to compensate:

(fancyhdr)                \addtolength{\topmargin}{-1.07225pt}.

LaTeX Info: Redefining \. on input line 25721.
LaTeX Info: Redefining \% on input line 25721.
[598]
LaTeX Info: Redefining \. on input line 25800.
LaTeX Info: Redefining \% on input line 25800.


Package fancyhdr Warning: \headheight is too small (12.0pt): 
(fancyhdr)                Make it at least 13.07225pt, for example:
(fancyhdr)                \setlength{\headheight}{13.07225pt}.
(fancyhdr)                You might also make \topmargin smaller to compensate:

(fancyhdr)                \addtolength{\topmargin}{-1.07225pt}.

LaTeX Info: Redefining \. on input line 25800.
LaTeX Info: Redefining \% on input line 25800.
[599]

LaTeX Warning: Reference `Corolario2' on page 600 undefined on input line 25829
.

LaTeX Info: Redefining \. on input line 25866.
LaTeX Info: Redefining \% on input line 25866.

Package fancyhdr Warning: \headheight is too small (12.0pt): 
(fancyhdr)                Make it at least 13.07225pt, for example:
(fancyhdr)                \setlength{\headheight}{13.07225pt}.
(fancyhdr)                You might also make \topmargin smaller to compensate:

(fancyhdr)                \addtolength{\topmargin}{-1.07225pt}.

LaTeX Info: Redefining \. on input line 25866.
LaTeX Info: Redefining \% on input line 25866.
[600]
LaTeX Info: Redefining \. on input line 25926.
LaTeX Info: Redefining \% on input line 25926.


Package fancyhdr Warning: \headheight is too small (12.0pt): 
(fancyhdr)                Make it at least 13.07225pt, for example:
(fancyhdr)                \setlength{\headheight}{13.07225pt}.
(fancyhdr)                You might also make \topmargin smaller to compensate:

(fancyhdr)                \addtolength{\topmargin}{-1.07225pt}.

LaTeX Info: Redefining \. on input line 25926.
LaTeX Info: Redefining \% on input line 25926.
[601]
LaTeX Info: Redefining \. on input line 25990.
LaTeX Info: Redefining \% on input line 25990.


Package fancyhdr Warning: \headheight is too small (12.0pt): 
(fancyhdr)                Make it at least 13.07225pt, for example:
(fancyhdr)                \setlength{\headheight}{13.07225pt}.
(fancyhdr)                You might also make \topmargin smaller to compensate:

(fancyhdr)                \addtolength{\topmargin}{-1.07225pt}.

LaTeX Info: Redefining \. on input line 25990.
LaTeX Info: Redefining \% on input line 25990.
[602]
LaTeX Info: Redefining \. on input line 26053.
LaTeX Info: Redefining \% on input line 26053.


Package fancyhdr Warning: \headheight is too small (12.0pt): 
(fancyhdr)                Make it at least 13.07225pt, for example:
(fancyhdr)                \setlength{\headheight}{13.07225pt}.
(fancyhdr)                You might also make \topmargin smaller to compensate:

(fancyhdr)                \addtolength{\topmargin}{-1.07225pt}.

LaTeX Info: Redefining \. on input line 26053.
LaTeX Info: Redefining \% on input line 26053.
[603]
Overfull \hbox (13.26288pt too wide) in alignment at lines 26104--26111
 [][][] []
 []

LaTeX Info: Redefining \. on input line 26111.
LaTeX Info: Redefining \% on input line 26111.

Package fancyhdr Warning: \headheight is too small (12.0pt): 
(fancyhdr)                Make it at least 13.07225pt, for example:
(fancyhdr)                \setlength{\headheight}{13.07225pt}.
(fancyhdr)                You might also make \topmargin smaller to compensate:

(fancyhdr)                \addtolength{\topmargin}{-1.07225pt}.

LaTeX Info: Redefining \. on input line 26111.
LaTeX Info: Redefining \% on input line 26111.
[604]
LaTeX Info: Redefining \. on input line 26175.
LaTeX Info: Redefining \% on input line 26175.


Package fancyhdr Warning: \headheight is too small (12.0pt): 
(fancyhdr)                Make it at least 13.07225pt, for example:
(fancyhdr)                \setlength{\headheight}{13.07225pt}.
(fancyhdr)                You might also make \topmargin smaller to compensate:

(fancyhdr)                \addtolength{\topmargin}{-1.07225pt}.

LaTeX Info: Redefining \. on input line 26175.
LaTeX Info: Redefining \% on input line 26175.
[605]
LaTeX Info: Redefining \. on input line 26244.
LaTeX Info: Redefining \% on input line 26244.


Package fancyhdr Warning: \headheight is too small (12.0pt): 
(fancyhdr)                Make it at least 13.07225pt, for example:
(fancyhdr)                \setlength{\headheight}{13.07225pt}.
(fancyhdr)                You might also make \topmargin smaller to compensate:

(fancyhdr)                \addtolength{\topmargin}{-1.07225pt}.

LaTeX Info: Redefining \. on input line 26244.
LaTeX Info: Redefining \% on input line 26244.
[606]

LaTeX Warning: Reference `Corolario2' on page 607 undefined on input line 26264
.

LaTeX Info: Redefining \. on input line 26308.
LaTeX Info: Redefining \% on input line 26308.

Package fancyhdr Warning: \headheight is too small (12.0pt): 
(fancyhdr)                Make it at least 13.07225pt, for example:
(fancyhdr)                \setlength{\headheight}{13.07225pt}.
(fancyhdr)                You might also make \topmargin smaller to compensate:

(fancyhdr)                \addtolength{\topmargin}{-1.07225pt}.

LaTeX Info: Redefining \. on input line 26308.
LaTeX Info: Redefining \% on input line 26308.
[607]
LaTeX Info: Redefining \. on input line 26402.
LaTeX Info: Redefining \% on input line 26402.


Package fancyhdr Warning: \headheight is too small (12.0pt): 
(fancyhdr)                Make it at least 13.07225pt, for example:
(fancyhdr)                \setlength{\headheight}{13.07225pt}.
(fancyhdr)                You might also make \topmargin smaller to compensate:

(fancyhdr)                \addtolength{\topmargin}{-1.07225pt}.

LaTeX Info: Redefining \. on input line 26402.
LaTeX Info: Redefining \% on input line 26402.
[608]
LaTeX Info: Redefining \. on input line 26471.
LaTeX Info: Redefining \% on input line 26471.


Package fancyhdr Warning: \headheight is too small (12.0pt): 
(fancyhdr)                Make it at least 13.07225pt, for example:
(fancyhdr)                \setlength{\headheight}{13.07225pt}.
(fancyhdr)                You might also make \topmargin smaller to compensate:

(fancyhdr)                \addtolength{\topmargin}{-1.07225pt}.

LaTeX Info: Redefining \. on input line 26471.
LaTeX Info: Redefining \% on input line 26471.
[609]
LaTeX Info: Redefining \. on input line 26557.
LaTeX Info: Redefining \% on input line 26557.


Package fancyhdr Warning: \headheight is too small (12.0pt): 
(fancyhdr)                Make it at least 13.07225pt, for example:
(fancyhdr)                \setlength{\headheight}{13.07225pt}.
(fancyhdr)                You might also make \topmargin smaller to compensate:

(fancyhdr)                \addtolength{\topmargin}{-1.07225pt}.

LaTeX Info: Redefining \. on input line 26557.
LaTeX Info: Redefining \% on input line 26557.
[610]
Overfull \hbox (1.55104pt too wide) in paragraph at lines 26585--26586
[][]
 []

LaTeX Info: Redefining \. on input line 26643.
LaTeX Info: Redefining \% on input line 26643.

Package fancyhdr Warning: \headheight is too small (12.0pt): 
(fancyhdr)                Make it at least 13.07225pt, for example:
(fancyhdr)                \setlength{\headheight}{13.07225pt}.
(fancyhdr)                You might also make \topmargin smaller to compensate:

(fancyhdr)                \addtolength{\topmargin}{-1.07225pt}.

LaTeX Info: Redefining \. on input line 26643.
LaTeX Info: Redefining \% on input line 26643.
[611]
Overfull \hbox (1.55104pt too wide) in paragraph at lines 26682--26683
[][]
 []

LaTeX Info: Redefining \. on input line 26727.
LaTeX Info: Redefining \% on input line 26727.

Package fancyhdr Warning: \headheight is too small (12.0pt): 
(fancyhdr)                Make it at least 13.07225pt, for example:
(fancyhdr)                \setlength{\headheight}{13.07225pt}.
(fancyhdr)                You might also make \topmargin smaller to compensate:

(fancyhdr)                \addtolength{\topmargin}{-1.07225pt}.

LaTeX Info: Redefining \. on input line 26727.
LaTeX Info: Redefining \% on input line 26727.
[612]
Overfull \hbox (1.55104pt too wide) in paragraph at lines 26778--26779
[][]
 []

LaTeX Info: Redefining \. on input line 26802.
LaTeX Info: Redefining \% on input line 26802.

Package fancyhdr Warning: \headheight is too small (12.0pt): 
(fancyhdr)                Make it at least 13.07225pt, for example:
(fancyhdr)                \setlength{\headheight}{13.07225pt}.
(fancyhdr)                You might also make \topmargin smaller to compensate:

(fancyhdr)                \addtolength{\topmargin}{-1.07225pt}.

LaTeX Info: Redefining \. on input line 26802.
LaTeX Info: Redefining \% on input line 26802.
[613]
Overfull \hbox (1.55104pt too wide) in paragraph at lines 26873--26874
[][]
 []

LaTeX Info: Redefining \. on input line 26887.
LaTeX Info: Redefining \% on input line 26887.

Package fancyhdr Warning: \headheight is too small (12.0pt): 
(fancyhdr)                Make it at least 13.07225pt, for example:
(fancyhdr)                \setlength{\headheight}{13.07225pt}.
(fancyhdr)                You might also make \topmargin smaller to compensate:

(fancyhdr)                \addtolength{\topmargin}{-1.07225pt}.

LaTeX Info: Redefining \. on input line 26887.
LaTeX Info: Redefining \% on input line 26887.
[614]
Overfull \hbox (1.55104pt too wide) in paragraph at lines 26967--26968
[][]
 []

LaTeX Info: Redefining \. on input line 26970.
LaTeX Info: Redefining \% on input line 26970.

Package fancyhdr Warning: \headheight is too small (12.0pt): 
(fancyhdr)                Make it at least 13.07225pt, for example:
(fancyhdr)                \setlength{\headheight}{13.07225pt}.
(fancyhdr)                You might also make \topmargin smaller to compensate:

(fancyhdr)                \addtolength{\topmargin}{-1.07225pt}.

LaTeX Info: Redefining \. on input line 26970.
LaTeX Info: Redefining \% on input line 26970.
[615]
LaTeX Info: Redefining \. on input line 27074.
LaTeX Info: Redefining \% on input line 27074.


Package fancyhdr Warning: \headheight is too small (12.0pt): 
(fancyhdr)                Make it at least 13.07225pt, for example:
(fancyhdr)                \setlength{\headheight}{13.07225pt}.
(fancyhdr)                You might also make \topmargin smaller to compensate:

(fancyhdr)                \addtolength{\topmargin}{-1.07225pt}.

LaTeX Info: Redefining \. on input line 27074.
LaTeX Info: Redefining \% on input line 27074.
[616]
Overfull \hbox (12.25482pt too wide) in paragraph at lines 27090--27091
[][]\OT1/cmr/m/it/9 Para el pro-ce-so de re-no-va-ci^^Son $\OML/cmm/m/it/9 N []
$\OT1/cmr/m/it/9 , 
 []

LaTeX Info: Redefining \. on input line 27137.
LaTeX Info: Redefining \% on input line 27137.

Package fancyhdr Warning: \headheight is too small (12.0pt): 
(fancyhdr)                Make it at least 13.07225pt, for example:
(fancyhdr)                \setlength{\headheight}{13.07225pt}.
(fancyhdr)                You might also make \topmargin smaller to compensate:

(fancyhdr)                \addtolength{\topmargin}{-1.07225pt}.

LaTeX Info: Redefining \. on input line 27137.
LaTeX Info: Redefining \% on input line 27137.
[617]
Overfull \hbox (1.55104pt too wide) in paragraph at lines 27213--27214
[][]
 []

LaTeX Info: Redefining \. on input line 27222.
LaTeX Info: Redefining \% on input line 27222.

Package fancyhdr Warning: \headheight is too small (12.0pt): 
(fancyhdr)                Make it at least 13.07225pt, for example:
(fancyhdr)                \setlength{\headheight}{13.07225pt}.
(fancyhdr)                You might also make \topmargin smaller to compensate:

(fancyhdr)                \addtolength{\topmargin}{-1.07225pt}.

LaTeX Info: Redefining \. on input line 27222.
LaTeX Info: Redefining \% on input line 27222.
[618]
LaTeX Info: Redefining \. on input line 27298.
LaTeX Info: Redefining \% on input line 27298.


Package fancyhdr Warning: \headheight is too small (12.0pt): 
(fancyhdr)                Make it at least 13.07225pt, for example:
(fancyhdr)                \setlength{\headheight}{13.07225pt}.
(fancyhdr)                You might also make \topmargin smaller to compensate:

(fancyhdr)                \addtolength{\topmargin}{-1.07225pt}.

LaTeX Info: Redefining \. on input line 27298.
LaTeX Info: Redefining \% on input line 27298.
[619]
Overfull \hbox (12.25482pt too wide) in paragraph at lines 27303--27304
[][]\OT1/cmr/m/it/9 Para el pro-ce-so de re-no-va-ci^^Son $\OML/cmm/m/it/9 N []
$\OT1/cmr/m/it/9 , 
 []

LaTeX Info: Redefining \. on input line 27382.
LaTeX Info: Redefining \% on input line 27382.

Package fancyhdr Warning: \headheight is too small (12.0pt): 
(fancyhdr)                Make it at least 13.07225pt, for example:
(fancyhdr)                \setlength{\headheight}{13.07225pt}.
(fancyhdr)                You might also make \topmargin smaller to compensate:

(fancyhdr)                \addtolength{\topmargin}{-1.07225pt}.

LaTeX Info: Redefining \. on input line 27382.
LaTeX Info: Redefining \% on input line 27382.
[620]
Overfull \hbox (12.25482pt too wide) in paragraph at lines 27387--27388
[][]\OT1/cmr/m/it/9 Para el pro-ce-so de re-no-va-ci^^Son $\OML/cmm/m/it/9 N []
$\OT1/cmr/m/it/9 , 
 []

LaTeX Info: Redefining \. on input line 27463.
LaTeX Info: Redefining \% on input line 27463.

Package fancyhdr Warning: \headheight is too small (12.0pt): 
(fancyhdr)                Make it at least 13.07225pt, for example:
(fancyhdr)                \setlength{\headheight}{13.07225pt}.
(fancyhdr)                You might also make \topmargin smaller to compensate:

(fancyhdr)                \addtolength{\topmargin}{-1.07225pt}.

LaTeX Info: Redefining \. on input line 27463.
LaTeX Info: Redefining \% on input line 27463.
[621]
LaTeX Info: Redefining \. on input line 27533.
LaTeX Info: Redefining \% on input line 27533.


Package fancyhdr Warning: \headheight is too small (12.0pt): 
(fancyhdr)                Make it at least 13.07225pt, for example:
(fancyhdr)                \setlength{\headheight}{13.07225pt}.
(fancyhdr)                You might also make \topmargin smaller to compensate:

(fancyhdr)                \addtolength{\topmargin}{-1.07225pt}.

LaTeX Info: Redefining \. on input line 27533.
LaTeX Info: Redefining \% on input line 27533.
[622]
LaTeX Info: Redefining \. on input line 27635.
LaTeX Info: Redefining \% on input line 27635.


Package fancyhdr Warning: \headheight is too small (12.0pt): 
(fancyhdr)                Make it at least 13.07225pt, for example:
(fancyhdr)                \setlength{\headheight}{13.07225pt}.
(fancyhdr)                You might also make \topmargin smaller to compensate:

(fancyhdr)                \addtolength{\topmargin}{-1.07225pt}.

LaTeX Info: Redefining \. on input line 27635.
LaTeX Info: Redefining \% on input line 27635.
[623]
LaTeX Info: Redefining \. on input line 27708.
LaTeX Info: Redefining \% on input line 27708.


Package fancyhdr Warning: \headheight is too small (12.0pt): 
(fancyhdr)                Make it at least 13.07225pt, for example:
(fancyhdr)                \setlength{\headheight}{13.07225pt}.
(fancyhdr)                You might also make \topmargin smaller to compensate:

(fancyhdr)                \addtolength{\topmargin}{-1.07225pt}.

LaTeX Info: Redefining \. on input line 27708.
LaTeX Info: Redefining \% on input line 27708.
[624]
LaTeX Info: Redefining \. on input line 27779.
LaTeX Info: Redefining \% on input line 27779.


Package fancyhdr Warning: \headheight is too small (12.0pt): 
(fancyhdr)                Make it at least 13.07225pt, for example:
(fancyhdr)                \setlength{\headheight}{13.07225pt}.
(fancyhdr)                You might also make \topmargin smaller to compensate:

(fancyhdr)                \addtolength{\topmargin}{-1.07225pt}.

LaTeX Info: Redefining \. on input line 27779.
LaTeX Info: Redefining \% on input line 27779.
[625]
LaTeX Info: Redefining \. on input line 27849.
LaTeX Info: Redefining \% on input line 27849.


Package fancyhdr Warning: \headheight is too small (12.0pt): 
(fancyhdr)                Make it at least 13.07225pt, for example:
(fancyhdr)                \setlength{\headheight}{13.07225pt}.
(fancyhdr)                You might also make \topmargin smaller to compensate:

(fancyhdr)                \addtolength{\topmargin}{-1.07225pt}.

LaTeX Info: Redefining \. on input line 27849.
LaTeX Info: Redefining \% on input line 27849.
[626]

LaTeX Warning: Reference `Corolario2' on page 627 undefined on input line 27873
.

LaTeX Info: Redefining \. on input line 27910.
LaTeX Info: Redefining \% on input line 27910.

Package fancyhdr Warning: \headheight is too small (12.0pt): 
(fancyhdr)                Make it at least 13.07225pt, for example:
(fancyhdr)                \setlength{\headheight}{13.07225pt}.
(fancyhdr)                You might also make \topmargin smaller to compensate:

(fancyhdr)                \addtolength{\topmargin}{-1.07225pt}.

LaTeX Info: Redefining \. on input line 27910.
LaTeX Info: Redefining \% on input line 27910.
[627]
Overfull \hbox (38.20743pt too wide) in paragraph at lines 27919--27921
\OT1/cmr/m/n/9 1\OML/cmm/m/it/9 ; \OT1/cmr/m/n/9 2\OML/cmm/m/it/9 ; \OT1/cmr/m/
n/9 3\OML/cmm/m/it/9 ; \OT1/cmr/m/n/9 4$\OT1/cmr/m/it/9 . Exis-te un in-ter-va-
lo $\OML/cmm/m/it/9 I \OMS/cmsy/m/n/9 6\OT1/cmr/m/n/9 = \OMS/cmsy/m/n/9 ;$ \OT1
/cmr/m/it/9 tal que pa-ra $\OML/cmm/m/it/9 T[] \OMS/cmsy/m/n/9 2 \OML/cmm/m/it/
9 I$\OT1/cmr/m/it/9 , tal que $\U/msb/m/n/9 P [] \OML/cmm/m/it/9 >
 []


Overfull \hbox (16.29744pt too wide) in paragraph at lines 27975--27976
[]\OT1/cmr/m/it/9 An^^Salo-ga-men-te que co-mo se hi-zo pa-ra $\OML/cmm/m/it/9 
Q[]$\OT1/cmr/m/it/9 , te-ne-mos que pa-ra $\OML/cmm/m/it/9 Q[]$ \OT1/cmr/m/it/9
 se tie-ne el in-ter-va-lo $\OML/cmm/m/it/9 I[] \OT1/cmr/m/n/9 = []$
 []

LaTeX Info: Redefining \. on input line 27984.
LaTeX Info: Redefining \% on input line 27984.

Package fancyhdr Warning: \headheight is too small (12.0pt): 
(fancyhdr)                Make it at least 13.07225pt, for example:
(fancyhdr)                \setlength{\headheight}{13.07225pt}.
(fancyhdr)                You might also make \topmargin smaller to compensate:

(fancyhdr)                \addtolength{\topmargin}{-1.07225pt}.

LaTeX Info: Redefining \. on input line 27984.
LaTeX Info: Redefining \% on input line 27984.
[628]
Overfull \hbox (25.68799pt too wide) in alignment at lines 28041--28060
 [][][] []
 []

LaTeX Info: Redefining \. on input line 28096.
LaTeX Info: Redefining \% on input line 28096.

Package fancyhdr Warning: \headheight is too small (12.0pt): 
(fancyhdr)                Make it at least 13.07225pt, for example:
(fancyhdr)                \setlength{\headheight}{13.07225pt}.
(fancyhdr)                You might also make \topmargin smaller to compensate:

(fancyhdr)                \addtolength{\topmargin}{-1.07225pt}.

LaTeX Info: Redefining \. on input line 28096.
LaTeX Info: Redefining \% on input line 28096.
[629]

LaTeX Font Warning: Command \footnotesize invalid in math mode on input line 28
109.

LaTeX Info: Redefining \. on input line 28180.
LaTeX Info: Redefining \% on input line 28180.

Package fancyhdr Warning: \headheight is too small (12.0pt): 
(fancyhdr)                Make it at least 13.07225pt, for example:
(fancyhdr)                \setlength{\headheight}{13.07225pt}.
(fancyhdr)                You might also make \topmargin smaller to compensate:

(fancyhdr)                \addtolength{\topmargin}{-1.07225pt}.

LaTeX Info: Redefining \. on input line 28180.
LaTeX Info: Redefining \% on input line 28180.
[630]
LaTeX Info: Redefining \. on input line 28264.
LaTeX Info: Redefining \% on input line 28264.


Package fancyhdr Warning: \headheight is too small (12.0pt): 
(fancyhdr)                Make it at least 13.07225pt, for example:
(fancyhdr)                \setlength{\headheight}{13.07225pt}.
(fancyhdr)                You might also make \topmargin smaller to compensate:

(fancyhdr)                \addtolength{\topmargin}{-1.07225pt}.

LaTeX Info: Redefining \. on input line 28264.
LaTeX Info: Redefining \% on input line 28264.
[631]
LaTeX Info: Redefining \. on input line 28384.
LaTeX Info: Redefining \% on input line 28384.


Package fancyhdr Warning: \headheight is too small (12.0pt): 
(fancyhdr)                Make it at least 13.07225pt, for example:
(fancyhdr)                \setlength{\headheight}{13.07225pt}.
(fancyhdr)                You might also make \topmargin smaller to compensate:

(fancyhdr)                \addtolength{\topmargin}{-1.07225pt}.

LaTeX Info: Redefining \. on input line 28384.
LaTeX Info: Redefining \% on input line 28384.
[632]
LaTeX Info: Redefining \. on input line 28453.
LaTeX Info: Redefining \% on input line 28453.


Package fancyhdr Warning: \headheight is too small (12.0pt): 
(fancyhdr)                Make it at least 13.07225pt, for example:
(fancyhdr)                \setlength{\headheight}{13.07225pt}.
(fancyhdr)                You might also make \topmargin smaller to compensate:

(fancyhdr)                \addtolength{\topmargin}{-1.07225pt}.

LaTeX Info: Redefining \. on input line 28453.
LaTeX Info: Redefining \% on input line 28453.
[633]
LaTeX Info: Redefining \. on input line 28517.
LaTeX Info: Redefining \% on input line 28517.


Package fancyhdr Warning: \headheight is too small (12.0pt): 
(fancyhdr)                Make it at least 13.07225pt, for example:
(fancyhdr)                \setlength{\headheight}{13.07225pt}.
(fancyhdr)                You might also make \topmargin smaller to compensate:

(fancyhdr)                \addtolength{\topmargin}{-1.07225pt}.

LaTeX Info: Redefining \. on input line 28517.
LaTeX Info: Redefining \% on input line 28517.
[634]
LaTeX Info: Redefining \. on input line 28607.
LaTeX Info: Redefining \% on input line 28607.


Package fancyhdr Warning: \headheight is too small (12.0pt): 
(fancyhdr)                Make it at least 13.07225pt, for example:
(fancyhdr)                \setlength{\headheight}{13.07225pt}.
(fancyhdr)                You might also make \topmargin smaller to compensate:

(fancyhdr)                \addtolength{\topmargin}{-1.07225pt}.

LaTeX Info: Redefining \. on input line 28607.
LaTeX Info: Redefining \% on input line 28607.
[635]
Overfull \hbox (1.55104pt too wide) in paragraph at lines 28619--28620
[][]
 []

LaTeX Info: Redefining \. on input line 28694.
LaTeX Info: Redefining \% on input line 28694.

Package fancyhdr Warning: \headheight is too small (12.0pt): 
(fancyhdr)                Make it at least 13.07225pt, for example:
(fancyhdr)                \setlength{\headheight}{13.07225pt}.
(fancyhdr)                You might also make \topmargin smaller to compensate:

(fancyhdr)                \addtolength{\topmargin}{-1.07225pt}.

LaTeX Info: Redefining \. on input line 28694.
LaTeX Info: Redefining \% on input line 28694.
[636]
Overfull \hbox (1.55104pt too wide) in paragraph at lines 28716--28717
[][]
 []

LaTeX Info: Redefining \. on input line 28776.
LaTeX Info: Redefining \% on input line 28776.

Package fancyhdr Warning: \headheight is too small (12.0pt): 
(fancyhdr)                Make it at least 13.07225pt, for example:
(fancyhdr)                \setlength{\headheight}{13.07225pt}.
(fancyhdr)                You might also make \topmargin smaller to compensate:

(fancyhdr)                \addtolength{\topmargin}{-1.07225pt}.

LaTeX Info: Redefining \. on input line 28776.
LaTeX Info: Redefining \% on input line 28776.
[637]
Overfull \hbox (1.55104pt too wide) in paragraph at lines 28812--28813
[][]
 []

LaTeX Info: Redefining \. on input line 28860.
LaTeX Info: Redefining \% on input line 28860.

Package fancyhdr Warning: \headheight is too small (12.0pt): 
(fancyhdr)                Make it at least 13.07225pt, for example:
(fancyhdr)                \setlength{\headheight}{13.07225pt}.
(fancyhdr)                You might also make \topmargin smaller to compensate:

(fancyhdr)                \addtolength{\topmargin}{-1.07225pt}.

LaTeX Info: Redefining \. on input line 28860.
LaTeX Info: Redefining \% on input line 28860.
[638]
Overfull \hbox (1.55104pt too wide) in paragraph at lines 28907--28908
[][]
 []

LaTeX Info: Redefining \. on input line 28937.
LaTeX Info: Redefining \% on input line 28937.

Package fancyhdr Warning: \headheight is too small (12.0pt): 
(fancyhdr)                Make it at least 13.07225pt, for example:
(fancyhdr)                \setlength{\headheight}{13.07225pt}.
(fancyhdr)                You might also make \topmargin smaller to compensate:

(fancyhdr)                \addtolength{\topmargin}{-1.07225pt}.

LaTeX Info: Redefining \. on input line 28937.
LaTeX Info: Redefining \% on input line 28937.
[639]
Overfull \hbox (1.55104pt too wide) in paragraph at lines 29001--29002
[][]
 []

LaTeX Info: Redefining \. on input line 29025.
LaTeX Info: Redefining \% on input line 29025.

Package fancyhdr Warning: \headheight is too small (12.0pt): 
(fancyhdr)                Make it at least 13.07225pt, for example:
(fancyhdr)                \setlength{\headheight}{13.07225pt}.
(fancyhdr)                You might also make \topmargin smaller to compensate:

(fancyhdr)                \addtolength{\topmargin}{-1.07225pt}.

LaTeX Info: Redefining \. on input line 29025.
LaTeX Info: Redefining \% on input line 29025.
[640]
LaTeX Info: Redefining \. on input line 29119.
LaTeX Info: Redefining \% on input line 29119.


Package fancyhdr Warning: \headheight is too small (12.0pt): 
(fancyhdr)                Make it at least 13.07225pt, for example:
(fancyhdr)                \setlength{\headheight}{13.07225pt}.
(fancyhdr)                You might also make \topmargin smaller to compensate:

(fancyhdr)                \addtolength{\topmargin}{-1.07225pt}.

LaTeX Info: Redefining \. on input line 29119.
LaTeX Info: Redefining \% on input line 29119.
[641]
Overfull \hbox (12.25482pt too wide) in paragraph at lines 29124--29125
[][]\OT1/cmr/m/it/9 Para el pro-ce-so de re-no-va-ci^^Son $\OML/cmm/m/it/9 N []
$\OT1/cmr/m/it/9 , 
 []


Package hyperref Warning: Token not allowed in a PDF string (Unicode):
(hyperref)                removing `\@ifnextchar' on input line 29156.

LaTeX Info: Redefining \. on input line 29177.
LaTeX Info: Redefining \% on input line 29177.

Package fancyhdr Warning: \headheight is too small (12.0pt): 
(fancyhdr)                Make it at least 13.07225pt, for example:
(fancyhdr)                \setlength{\headheight}{13.07225pt}.
(fancyhdr)                You might also make \topmargin smaller to compensate:

(fancyhdr)                \addtolength{\topmargin}{-1.07225pt}.

LaTeX Info: Redefining \. on input line 29177.
LaTeX Info: Redefining \% on input line 29177.
[642]
Overfull \hbox (1.55104pt too wide) in paragraph at lines 29247--29248
[][]
 []

LaTeX Info: Redefining \. on input line 29261.
LaTeX Info: Redefining \% on input line 29261.

Package fancyhdr Warning: \headheight is too small (12.0pt): 
(fancyhdr)                Make it at least 13.07225pt, for example:
(fancyhdr)                \setlength{\headheight}{13.07225pt}.
(fancyhdr)                You might also make \topmargin smaller to compensate:

(fancyhdr)                \addtolength{\topmargin}{-1.07225pt}.

LaTeX Info: Redefining \. on input line 29261.
LaTeX Info: Redefining \% on input line 29261.
[643]
Overfull \hbox (12.25482pt too wide) in paragraph at lines 29337--29338
[][]\OT1/cmr/m/it/9 Para el pro-ce-so de re-no-va-ci^^Son $\OML/cmm/m/it/9 N []
$\OT1/cmr/m/it/9 , 
 []

LaTeX Info: Redefining \. on input line 29340.
LaTeX Info: Redefining \% on input line 29340.

Package fancyhdr Warning: \headheight is too small (12.0pt): 
(fancyhdr)                Make it at least 13.07225pt, for example:
(fancyhdr)                \setlength{\headheight}{13.07225pt}.
(fancyhdr)                You might also make \topmargin smaller to compensate:

(fancyhdr)                \addtolength{\topmargin}{-1.07225pt}.

LaTeX Info: Redefining \. on input line 29340.
LaTeX Info: Redefining \% on input line 29340.
[644]
Overfull \hbox (12.25482pt too wide) in paragraph at lines 29421--29422
[][]\OT1/cmr/m/it/9 Para el pro-ce-so de re-no-va-ci^^Son $\OML/cmm/m/it/9 N []
$\OT1/cmr/m/it/9 , 
 []

LaTeX Info: Redefining \. on input line 29433.
LaTeX Info: Redefining \% on input line 29433.

Package fancyhdr Warning: \headheight is too small (12.0pt): 
(fancyhdr)                Make it at least 13.07225pt, for example:
(fancyhdr)                \setlength{\headheight}{13.07225pt}.
(fancyhdr)                You might also make \topmargin smaller to compensate:

(fancyhdr)                \addtolength{\topmargin}{-1.07225pt}.

LaTeX Info: Redefining \. on input line 29433.
LaTeX Info: Redefining \% on input line 29433.
[645]
LaTeX Info: Redefining \. on input line 29518.
LaTeX Info: Redefining \% on input line 29518.


Package fancyhdr Warning: \headheight is too small (12.0pt): 
(fancyhdr)                Make it at least 13.07225pt, for example:
(fancyhdr)                \setlength{\headheight}{13.07225pt}.
(fancyhdr)                You might also make \topmargin smaller to compensate:

(fancyhdr)                \addtolength{\topmargin}{-1.07225pt}.

LaTeX Info: Redefining \. on input line 29518.
LaTeX Info: Redefining \% on input line 29518.
[646]
LaTeX Info: Redefining \. on input line 29593.
LaTeX Info: Redefining \% on input line 29593.


Package fancyhdr Warning: \headheight is too small (12.0pt): 
(fancyhdr)                Make it at least 13.07225pt, for example:
(fancyhdr)                \setlength{\headheight}{13.07225pt}.
(fancyhdr)                You might also make \topmargin smaller to compensate:

(fancyhdr)                \addtolength{\topmargin}{-1.07225pt}.

LaTeX Info: Redefining \. on input line 29593.
LaTeX Info: Redefining \% on input line 29593.
[647]
LaTeX Info: Redefining \. on input line 29701.
LaTeX Info: Redefining \% on input line 29701.


Package fancyhdr Warning: \headheight is too small (12.0pt): 
(fancyhdr)                Make it at least 13.07225pt, for example:
(fancyhdr)                \setlength{\headheight}{13.07225pt}.
(fancyhdr)                You might also make \topmargin smaller to compensate:

(fancyhdr)                \addtolength{\topmargin}{-1.07225pt}.

LaTeX Info: Redefining \. on input line 29701.
LaTeX Info: Redefining \% on input line 29701.
[648]
LaTeX Info: Redefining \. on input line 29767.
LaTeX Info: Redefining \% on input line 29767.


Package fancyhdr Warning: \headheight is too small (12.0pt): 
(fancyhdr)                Make it at least 13.07225pt, for example:
(fancyhdr)                \setlength{\headheight}{13.07225pt}.
(fancyhdr)                You might also make \topmargin smaller to compensate:

(fancyhdr)                \addtolength{\topmargin}{-1.07225pt}.

LaTeX Info: Redefining \. on input line 29767.
LaTeX Info: Redefining \% on input line 29767.
[649])
LaTeX Info: Redefining \. on input line 216.
LaTeX Info: Redefining \% on input line 216.


Package fancyhdr Warning: \headheight is too small (12.0pt): 
(fancyhdr)                Make it at least 13.07225pt, for example:
(fancyhdr)                \setlength{\headheight}{13.07225pt}.
(fancyhdr)                You might also make \topmargin smaller to compensate:

(fancyhdr)                \addtolength{\topmargin}{-1.07225pt}.

LaTeX Info: Redefining \. on input line 216.
LaTeX Info: Redefining \% on input line 216.
[650]
Cap\'{\i }tulo 31.
(./PropiedadesProcesosRenovacion.tex
Overfull \hbox (21.73314pt too wide) in paragraph at lines 64--65
[][]\OT1/cmr/m/it/9 Si $\OML/cmm/m/it/9 N []$
 []

[651

]
LaTeX Info: Redefining \. on input line 151.
LaTeX Info: Redefining \% on input line 151.


Package fancyhdr Warning: \headheight is too small (12.0pt): 
(fancyhdr)                Make it at least 13.07225pt, for example:
(fancyhdr)                \setlength{\headheight}{13.07225pt}.
(fancyhdr)                You might also make \topmargin smaller to compensate:

(fancyhdr)                \addtolength{\topmargin}{-1.07225pt}.

LaTeX Info: Redefining \. on input line 151.
LaTeX Info: Redefining \% on input line 151.
[652]
Overfull \hbox (21.73314pt too wide) in paragraph at lines 159--160
[][]\OT1/cmr/m/it/9 Si $\OML/cmm/m/it/9 N []$
 []

LaTeX Info: Redefining \. on input line 234.
LaTeX Info: Redefining \% on input line 234.

Package fancyhdr Warning: \headheight is too small (12.0pt): 
(fancyhdr)                Make it at least 13.07225pt, for example:
(fancyhdr)                \setlength{\headheight}{13.07225pt}.
(fancyhdr)                You might also make \topmargin smaller to compensate:

(fancyhdr)                \addtolength{\topmargin}{-1.07225pt}.

LaTeX Info: Redefining \. on input line 234.
LaTeX Info: Redefining \% on input line 234.
[653]
Overfull \hbox (21.73314pt too wide) in paragraph at lines 256--257
[][]\OT1/cmr/m/it/9 Si $\OML/cmm/m/it/9 N []$
 []

LaTeX Info: Redefining \. on input line 313.
LaTeX Info: Redefining \% on input line 313.

Package fancyhdr Warning: \headheight is too small (12.0pt): 
(fancyhdr)                Make it at least 13.07225pt, for example:
(fancyhdr)                \setlength{\headheight}{13.07225pt}.
(fancyhdr)                You might also make \topmargin smaller to compensate:

(fancyhdr)                \addtolength{\topmargin}{-1.07225pt}.

LaTeX Info: Redefining \. on input line 313.
LaTeX Info: Redefining \% on input line 313.
[654]
Overfull \hbox (21.73314pt too wide) in paragraph at lines 352--353
[][]\OT1/cmr/m/it/9 Si $\OML/cmm/m/it/9 N []$
 []

LaTeX Info: Redefining \. on input line 382.
LaTeX Info: Redefining \% on input line 382.

Package fancyhdr Warning: \headheight is too small (12.0pt): 
(fancyhdr)                Make it at least 13.07225pt, for example:
(fancyhdr)                \setlength{\headheight}{13.07225pt}.
(fancyhdr)                You might also make \topmargin smaller to compensate:

(fancyhdr)                \addtolength{\topmargin}{-1.07225pt}.

LaTeX Info: Redefining \. on input line 382.
LaTeX Info: Redefining \% on input line 382.
[655]
Overfull \hbox (21.73314pt too wide) in paragraph at lines 447--448
[][]\OT1/cmr/m/it/9 Si $\OML/cmm/m/it/9 N []$
 []

LaTeX Info: Redefining \. on input line 461.
LaTeX Info: Redefining \% on input line 461.

Package fancyhdr Warning: \headheight is too small (12.0pt): 
(fancyhdr)                Make it at least 13.07225pt, for example:
(fancyhdr)                \setlength{\headheight}{13.07225pt}.
(fancyhdr)                You might also make \topmargin smaller to compensate:

(fancyhdr)                \addtolength{\topmargin}{-1.07225pt}.

LaTeX Info: Redefining \. on input line 461.
LaTeX Info: Redefining \% on input line 461.
[656]
LaTeX Info: Redefining \. on input line 533.
LaTeX Info: Redefining \% on input line 533.


Package fancyhdr Warning: \headheight is too small (12.0pt): 
(fancyhdr)                Make it at least 13.07225pt, for example:
(fancyhdr)                \setlength{\headheight}{13.07225pt}.
(fancyhdr)                You might also make \topmargin smaller to compensate:

(fancyhdr)                \addtolength{\topmargin}{-1.07225pt}.

LaTeX Info: Redefining \. on input line 533.
LaTeX Info: Redefining \% on input line 533.
[657]
Overfull \hbox (4.25398pt too wide) in paragraph at lines 541--542
[][]\OT1/cmr/m/it/9 Si
 []

LaTeX Info: Redefining \. on input line 615.
LaTeX Info: Redefining \% on input line 615.

Package fancyhdr Warning: \headheight is too small (12.0pt): 
(fancyhdr)                Make it at least 13.07225pt, for example:
(fancyhdr)                \setlength{\headheight}{13.07225pt}.
(fancyhdr)                You might also make \topmargin smaller to compensate:

(fancyhdr)                \addtolength{\topmargin}{-1.07225pt}.

LaTeX Info: Redefining \. on input line 615.
LaTeX Info: Redefining \% on input line 615.
[658]
Overfull \hbox (4.25398pt too wide) in paragraph at lines 637--638
[][]\OT1/cmr/m/it/9 Si
 []

LaTeX Info: Redefining \. on input line 693.
LaTeX Info: Redefining \% on input line 693.

Package fancyhdr Warning: \headheight is too small (12.0pt): 
(fancyhdr)                Make it at least 13.07225pt, for example:
(fancyhdr)                \setlength{\headheight}{13.07225pt}.
(fancyhdr)                You might also make \topmargin smaller to compensate:

(fancyhdr)                \addtolength{\topmargin}{-1.07225pt}.

LaTeX Info: Redefining \. on input line 693.
LaTeX Info: Redefining \% on input line 693.
[659]
Overfull \hbox (4.25398pt too wide) in paragraph at lines 732--733
[][]\OT1/cmr/m/it/9 Si
 []

LaTeX Info: Redefining \. on input line 762.
LaTeX Info: Redefining \% on input line 762.

Package fancyhdr Warning: \headheight is too small (12.0pt): 
(fancyhdr)                Make it at least 13.07225pt, for example:
(fancyhdr)                \setlength{\headheight}{13.07225pt}.
(fancyhdr)                You might also make \topmargin smaller to compensate:

(fancyhdr)                \addtolength{\topmargin}{-1.07225pt}.

LaTeX Info: Redefining \. on input line 762.
LaTeX Info: Redefining \% on input line 762.
[660]
Overfull \hbox (4.25398pt too wide) in paragraph at lines 828--829
[][]\OT1/cmr/m/it/9 Si
 []

LaTeX Info: Redefining \. on input line 842.
LaTeX Info: Redefining \% on input line 842.

Package fancyhdr Warning: \headheight is too small (12.0pt): 
(fancyhdr)                Make it at least 13.07225pt, for example:
(fancyhdr)                \setlength{\headheight}{13.07225pt}.
(fancyhdr)                You might also make \topmargin smaller to compensate:

(fancyhdr)                \addtolength{\topmargin}{-1.07225pt}.

LaTeX Info: Redefining \. on input line 842.
LaTeX Info: Redefining \% on input line 842.
[661]
LaTeX Info: Redefining \. on input line 915.
LaTeX Info: Redefining \% on input line 915.


Package fancyhdr Warning: \headheight is too small (12.0pt): 
(fancyhdr)                Make it at least 13.07225pt, for example:
(fancyhdr)                \setlength{\headheight}{13.07225pt}.
(fancyhdr)                You might also make \topmargin smaller to compensate:

(fancyhdr)                \addtolength{\topmargin}{-1.07225pt}.

LaTeX Info: Redefining \. on input line 915.
LaTeX Info: Redefining \% on input line 915.
[662]
Overfull \hbox (4.25398pt too wide) in paragraph at lines 923--924
[][]\OT1/cmr/m/it/9 Si
 []

LaTeX Info: Redefining \. on input line 995.
LaTeX Info: Redefining \% on input line 995.

Package fancyhdr Warning: \headheight is too small (12.0pt): 
(fancyhdr)                Make it at least 13.07225pt, for example:
(fancyhdr)                \setlength{\headheight}{13.07225pt}.
(fancyhdr)                You might also make \topmargin smaller to compensate:

(fancyhdr)                \addtolength{\topmargin}{-1.07225pt}.

LaTeX Info: Redefining \. on input line 995.
LaTeX Info: Redefining \% on input line 995.
[663]
Overfull \hbox (4.25398pt too wide) in paragraph at lines 1017--1018
[][]\OT1/cmr/m/it/9 Si
 []

LaTeX Info: Redefining \. on input line 1073.
LaTeX Info: Redefining \% on input line 1073.

Package fancyhdr Warning: \headheight is too small (12.0pt): 
(fancyhdr)                Make it at least 13.07225pt, for example:
(fancyhdr)                \setlength{\headheight}{13.07225pt}.
(fancyhdr)                You might also make \topmargin smaller to compensate:

(fancyhdr)                \addtolength{\topmargin}{-1.07225pt}.

LaTeX Info: Redefining \. on input line 1073.
LaTeX Info: Redefining \% on input line 1073.
[664]
Overfull \hbox (4.25398pt too wide) in paragraph at lines 1112--1113
[][]\OT1/cmr/m/it/9 Si
 []

LaTeX Info: Redefining \. on input line 1142.
LaTeX Info: Redefining \% on input line 1142.

Package fancyhdr Warning: \headheight is too small (12.0pt): 
(fancyhdr)                Make it at least 13.07225pt, for example:
(fancyhdr)                \setlength{\headheight}{13.07225pt}.
(fancyhdr)                You might also make \topmargin smaller to compensate:

(fancyhdr)                \addtolength{\topmargin}{-1.07225pt}.

LaTeX Info: Redefining \. on input line 1142.
LaTeX Info: Redefining \% on input line 1142.
[665]
Overfull \hbox (4.25398pt too wide) in paragraph at lines 1208--1209
[][]\OT1/cmr/m/it/9 Si
 []

LaTeX Info: Redefining \. on input line 1222.
LaTeX Info: Redefining \% on input line 1222.

Package fancyhdr Warning: \headheight is too small (12.0pt): 
(fancyhdr)                Make it at least 13.07225pt, for example:
(fancyhdr)                \setlength{\headheight}{13.07225pt}.
(fancyhdr)                You might also make \topmargin smaller to compensate:

(fancyhdr)                \addtolength{\topmargin}{-1.07225pt}.

LaTeX Info: Redefining \. on input line 1222.
LaTeX Info: Redefining \% on input line 1222.
[666]
LaTeX Info: Redefining \. on input line 1295.
LaTeX Info: Redefining \% on input line 1295.


Package fancyhdr Warning: \headheight is too small (12.0pt): 
(fancyhdr)                Make it at least 13.07225pt, for example:
(fancyhdr)                \setlength{\headheight}{13.07225pt}.
(fancyhdr)                You might also make \topmargin smaller to compensate:

(fancyhdr)                \addtolength{\topmargin}{-1.07225pt}.

LaTeX Info: Redefining \. on input line 1295.
LaTeX Info: Redefining \% on input line 1295.
[667]
Overfull \hbox (4.25398pt too wide) in paragraph at lines 1303--1304
[][]\OT1/cmr/m/it/9 Si
 []

LaTeX Info: Redefining \. on input line 1378.
LaTeX Info: Redefining \% on input line 1378.

Package fancyhdr Warning: \headheight is too small (12.0pt): 
(fancyhdr)                Make it at least 13.07225pt, for example:
(fancyhdr)                \setlength{\headheight}{13.07225pt}.
(fancyhdr)                You might also make \topmargin smaller to compensate:

(fancyhdr)                \addtolength{\topmargin}{-1.07225pt}.

LaTeX Info: Redefining \. on input line 1378.
LaTeX Info: Redefining \% on input line 1378.
[668]
Overfull \hbox (4.25398pt too wide) in paragraph at lines 1400--1401
[][]\OT1/cmr/m/it/9 Si
 []

LaTeX Info: Redefining \. on input line 1456.
LaTeX Info: Redefining \% on input line 1456.

Package fancyhdr Warning: \headheight is too small (12.0pt): 
(fancyhdr)                Make it at least 13.07225pt, for example:
(fancyhdr)                \setlength{\headheight}{13.07225pt}.
(fancyhdr)                You might also make \topmargin smaller to compensate:

(fancyhdr)                \addtolength{\topmargin}{-1.07225pt}.

LaTeX Info: Redefining \. on input line 1456.
LaTeX Info: Redefining \% on input line 1456.
[669]
Overfull \hbox (4.25398pt too wide) in paragraph at lines 1495--1496
[][]\OT1/cmr/m/it/9 Si
 []

LaTeX Info: Redefining \. on input line 1525.
LaTeX Info: Redefining \% on input line 1525.

Package fancyhdr Warning: \headheight is too small (12.0pt): 
(fancyhdr)                Make it at least 13.07225pt, for example:
(fancyhdr)                \setlength{\headheight}{13.07225pt}.
(fancyhdr)                You might also make \topmargin smaller to compensate:

(fancyhdr)                \addtolength{\topmargin}{-1.07225pt}.

LaTeX Info: Redefining \. on input line 1525.
LaTeX Info: Redefining \% on input line 1525.
[670]
Overfull \hbox (4.25398pt too wide) in paragraph at lines 1592--1593
[][]\OT1/cmr/m/it/9 Si
 []

LaTeX Info: Redefining \. on input line 1606.
LaTeX Info: Redefining \% on input line 1606.

Package fancyhdr Warning: \headheight is too small (12.0pt): 
(fancyhdr)                Make it at least 13.07225pt, for example:
(fancyhdr)                \setlength{\headheight}{13.07225pt}.
(fancyhdr)                You might also make \topmargin smaller to compensate:

(fancyhdr)                \addtolength{\topmargin}{-1.07225pt}.

LaTeX Info: Redefining \. on input line 1606.
LaTeX Info: Redefining \% on input line 1606.
[671]
LaTeX Info: Redefining \. on input line 1680.
LaTeX Info: Redefining \% on input line 1680.


Package fancyhdr Warning: \headheight is too small (12.0pt): 
(fancyhdr)                Make it at least 13.07225pt, for example:
(fancyhdr)                \setlength{\headheight}{13.07225pt}.
(fancyhdr)                You might also make \topmargin smaller to compensate:

(fancyhdr)                \addtolength{\topmargin}{-1.07225pt}.

LaTeX Info: Redefining \. on input line 1680.
LaTeX Info: Redefining \% on input line 1680.
[672]
Overfull \hbox (4.25398pt too wide) in paragraph at lines 1688--1689
[][]\OT1/cmr/m/it/9 Si
 []

LaTeX Info: Redefining \. on input line 1761.
LaTeX Info: Redefining \% on input line 1761.

Package fancyhdr Warning: \headheight is too small (12.0pt): 
(fancyhdr)                Make it at least 13.07225pt, for example:
(fancyhdr)                \setlength{\headheight}{13.07225pt}.
(fancyhdr)                You might also make \topmargin smaller to compensate:

(fancyhdr)                \addtolength{\topmargin}{-1.07225pt}.

LaTeX Info: Redefining \. on input line 1761.
LaTeX Info: Redefining \% on input line 1761.
[673]
Overfull \hbox (4.25398pt too wide) in paragraph at lines 1783--1784
[][]\OT1/cmr/m/it/9 Si
 []

LaTeX Info: Redefining \. on input line 1838.
LaTeX Info: Redefining \% on input line 1838.

Package fancyhdr Warning: \headheight is too small (12.0pt): 
(fancyhdr)                Make it at least 13.07225pt, for example:
(fancyhdr)                \setlength{\headheight}{13.07225pt}.
(fancyhdr)                You might also make \topmargin smaller to compensate:

(fancyhdr)                \addtolength{\topmargin}{-1.07225pt}.

LaTeX Info: Redefining \. on input line 1838.
LaTeX Info: Redefining \% on input line 1838.
[674]
Overfull \hbox (4.25398pt too wide) in paragraph at lines 1877--1878
[][]\OT1/cmr/m/it/9 Si
 []

LaTeX Info: Redefining \. on input line 1907.
LaTeX Info: Redefining \% on input line 1907.

Package fancyhdr Warning: \headheight is too small (12.0pt): 
(fancyhdr)                Make it at least 13.07225pt, for example:
(fancyhdr)                \setlength{\headheight}{13.07225pt}.
(fancyhdr)                You might also make \topmargin smaller to compensate:

(fancyhdr)                \addtolength{\topmargin}{-1.07225pt}.

LaTeX Info: Redefining \. on input line 1907.
LaTeX Info: Redefining \% on input line 1907.
[675])
LaTeX Info: Redefining \. on input line 219.
LaTeX Info: Redefining \% on input line 219.


Package fancyhdr Warning: \headheight is too small (12.0pt): 
(fancyhdr)                Make it at least 13.07225pt, for example:
(fancyhdr)                \setlength{\headheight}{13.07225pt}.
(fancyhdr)                You might also make \topmargin smaller to compensate:

(fancyhdr)                \addtolength{\topmargin}{-1.07225pt}.

LaTeX Info: Redefining \. on input line 219.
LaTeX Info: Redefining \% on input line 219.
[676]
Cap\'{\i }tulo 32.
(./RegenerativeProcessesReview.tex [677

]
LaTeX Info: Redefining \. on input line 40.
LaTeX Info: Redefining \% on input line 40.


Package fancyhdr Warning: \headheight is too small (12.0pt): 
(fancyhdr)                Make it at least 13.07225pt, for example:
(fancyhdr)                \setlength{\headheight}{13.07225pt}.
(fancyhdr)                You might also make \topmargin smaller to compensate:

(fancyhdr)                \addtolength{\topmargin}{-1.07225pt}.

LaTeX Info: Redefining \. on input line 40.
LaTeX Info: Redefining \% on input line 40.
[678]
LaTeX Info: Redefining \. on input line 124.
LaTeX Info: Redefining \% on input line 124.


Package fancyhdr Warning: \headheight is too small (12.0pt): 
(fancyhdr)                Make it at least 13.07225pt, for example:
(fancyhdr)                \setlength{\headheight}{13.07225pt}.
(fancyhdr)                You might also make \topmargin smaller to compensate:

(fancyhdr)                \addtolength{\topmargin}{-1.07225pt}.

LaTeX Info: Redefining \. on input line 124.
LaTeX Info: Redefining \% on input line 124.
[679]
Overfull \hbox (6.15556pt too wide) in paragraph at lines 188--189
[][]\OT1/cmr/m/it/9 Un con-jun-to de tra-yec-to-rias $\OML/cmm/m/it/9 H$ \OT1/c
mr/m/it/9 de un PEOSCT $\OML/cmm/m/it/9 Z$\OT1/cmr/m/it/9 , es in-ter-na-men-te
 shift-invariante
 []

LaTeX Info: Redefining \. on input line 215.
LaTeX Info: Redefining \% on input line 215.

Package fancyhdr Warning: \headheight is too small (12.0pt): 
(fancyhdr)                Make it at least 13.07225pt, for example:
(fancyhdr)                \setlength{\headheight}{13.07225pt}.
(fancyhdr)                You might also make \topmargin smaller to compensate:

(fancyhdr)                \addtolength{\topmargin}{-1.07225pt}.

LaTeX Info: Redefining \. on input line 215.
LaTeX Info: Redefining \% on input line 215.
[680]
LaTeX Info: Redefining \. on input line 307.
LaTeX Info: Redefining \% on input line 307.


Package fancyhdr Warning: \headheight is too small (12.0pt): 
(fancyhdr)                Make it at least 13.07225pt, for example:
(fancyhdr)                \setlength{\headheight}{13.07225pt}.
(fancyhdr)                You might also make \topmargin smaller to compensate:

(fancyhdr)                \addtolength{\topmargin}{-1.07225pt}.

LaTeX Info: Redefining \. on input line 307.
LaTeX Info: Redefining \% on input line 307.
[681]
LaTeX Info: Redefining \. on input line 386.
LaTeX Info: Redefining \% on input line 386.


Package fancyhdr Warning: \headheight is too small (12.0pt): 
(fancyhdr)                Make it at least 13.07225pt, for example:
(fancyhdr)                \setlength{\headheight}{13.07225pt}.
(fancyhdr)                You might also make \topmargin smaller to compensate:

(fancyhdr)                \addtolength{\topmargin}{-1.07225pt}.

LaTeX Info: Redefining \. on input line 386.
LaTeX Info: Redefining \% on input line 386.
[682]
LaTeX Info: Redefining \. on input line 435.
LaTeX Info: Redefining \% on input line 435.


Package fancyhdr Warning: \headheight is too small (12.0pt): 
(fancyhdr)                Make it at least 13.07225pt, for example:
(fancyhdr)                \setlength{\headheight}{13.07225pt}.
(fancyhdr)                You might also make \topmargin smaller to compensate:

(fancyhdr)                \addtolength{\topmargin}{-1.07225pt}.

LaTeX Info: Redefining \. on input line 435.
LaTeX Info: Redefining \% on input line 435.
[683]
LaTeX Info: Redefining \. on input line 522.
LaTeX Info: Redefining \% on input line 522.


Package fancyhdr Warning: \headheight is too small (12.0pt): 
(fancyhdr)                Make it at least 13.07225pt, for example:
(fancyhdr)                \setlength{\headheight}{13.07225pt}.
(fancyhdr)                You might also make \topmargin smaller to compensate:

(fancyhdr)                \addtolength{\topmargin}{-1.07225pt}.

LaTeX Info: Redefining \. on input line 522.
LaTeX Info: Redefining \% on input line 522.
[684]
LaTeX Info: Redefining \. on input line 598.
LaTeX Info: Redefining \% on input line 598.


Package fancyhdr Warning: \headheight is too small (12.0pt): 
(fancyhdr)                Make it at least 13.07225pt, for example:
(fancyhdr)                \setlength{\headheight}{13.07225pt}.
(fancyhdr)                You might also make \topmargin smaller to compensate:

(fancyhdr)                \addtolength{\topmargin}{-1.07225pt}.

LaTeX Info: Redefining \. on input line 598.
LaTeX Info: Redefining \% on input line 598.
[685]
LaTeX Info: Redefining \. on input line 676.
LaTeX Info: Redefining \% on input line 676.


Package fancyhdr Warning: \headheight is too small (12.0pt): 
(fancyhdr)                Make it at least 13.07225pt, for example:
(fancyhdr)                \setlength{\headheight}{13.07225pt}.
(fancyhdr)                You might also make \topmargin smaller to compensate:

(fancyhdr)                \addtolength{\topmargin}{-1.07225pt}.

LaTeX Info: Redefining \. on input line 676.
LaTeX Info: Redefining \% on input line 676.
[686]
LaTeX Info: Redefining \. on input line 749.
LaTeX Info: Redefining \% on input line 749.


Package fancyhdr Warning: \headheight is too small (12.0pt): 
(fancyhdr)                Make it at least 13.07225pt, for example:
(fancyhdr)                \setlength{\headheight}{13.07225pt}.
(fancyhdr)                You might also make \topmargin smaller to compensate:

(fancyhdr)                \addtolength{\topmargin}{-1.07225pt}.

LaTeX Info: Redefining \. on input line 749.
LaTeX Info: Redefining \% on input line 749.
[687]
LaTeX Info: Redefining \. on input line 818.
LaTeX Info: Redefining \% on input line 818.


Package fancyhdr Warning: \headheight is too small (12.0pt): 
(fancyhdr)                Make it at least 13.07225pt, for example:
(fancyhdr)                \setlength{\headheight}{13.07225pt}.
(fancyhdr)                You might also make \topmargin smaller to compensate:

(fancyhdr)                \addtolength{\topmargin}{-1.07225pt}.

LaTeX Info: Redefining \. on input line 818.
LaTeX Info: Redefining \% on input line 818.
[688]

Package hyperref Warning: Token not allowed in a PDF string (Unicode):
(hyperref)                removing `\@ifnextchar' on input line 829.

LaTeX Info: Redefining \. on input line 890.
LaTeX Info: Redefining \% on input line 890.

Package fancyhdr Warning: \headheight is too small (12.0pt): 
(fancyhdr)                Make it at least 13.07225pt, for example:
(fancyhdr)                \setlength{\headheight}{13.07225pt}.
(fancyhdr)                You might also make \topmargin smaller to compensate:

(fancyhdr)                \addtolength{\topmargin}{-1.07225pt}.

LaTeX Info: Redefining \. on input line 890.
LaTeX Info: Redefining \% on input line 890.
[689]
LaTeX Info: Redefining \. on input line 970.
LaTeX Info: Redefining \% on input line 970.


Package fancyhdr Warning: \headheight is too small (12.0pt): 
(fancyhdr)                Make it at least 13.07225pt, for example:
(fancyhdr)                \setlength{\headheight}{13.07225pt}.
(fancyhdr)                You might also make \topmargin smaller to compensate:

(fancyhdr)                \addtolength{\topmargin}{-1.07225pt}.

LaTeX Info: Redefining \. on input line 970.
LaTeX Info: Redefining \% on input line 970.
[690]
Overfull \hbox (3.45555pt too wide) in paragraph at lines 1030--1030
|[]\OT1/cmr/bx/n/14.4 Procesos Re-ge-ne-ra-ti-vos Es-ta-cio-na-rios - Stidham [
[]]| 
 []


Package hyperref Warning: Token not allowed in a PDF string (Unicode):
(hyperref)                removing `\@ifnextchar' on input line 1030.

LaTeX Info: Redefining \. on input line 1038.
LaTeX Info: Redefining \% on input line 1038.

Package fancyhdr Warning: \headheight is too small (12.0pt): 
(fancyhdr)                Make it at least 13.07225pt, for example:
(fancyhdr)                \setlength{\headheight}{13.07225pt}.
(fancyhdr)                You might also make \topmargin smaller to compensate:

(fancyhdr)                \addtolength{\topmargin}{-1.07225pt}.

LaTeX Info: Redefining \. on input line 1038.
LaTeX Info: Redefining \% on input line 1038.
[691]
LaTeX Info: Redefining \. on input line 1106.
LaTeX Info: Redefining \% on input line 1106.


Package fancyhdr Warning: \headheight is too small (12.0pt): 
(fancyhdr)                Make it at least 13.07225pt, for example:
(fancyhdr)                \setlength{\headheight}{13.07225pt}.
(fancyhdr)                You might also make \topmargin smaller to compensate:

(fancyhdr)                \addtolength{\topmargin}{-1.07225pt}.

LaTeX Info: Redefining \. on input line 1106.
LaTeX Info: Redefining \% on input line 1106.
[692]
LaTeX Info: Redefining \. on input line 1178.
LaTeX Info: Redefining \% on input line 1178.


Package fancyhdr Warning: \headheight is too small (12.0pt): 
(fancyhdr)                Make it at least 13.07225pt, for example:
(fancyhdr)                \setlength{\headheight}{13.07225pt}.
(fancyhdr)                You might also make \topmargin smaller to compensate:

(fancyhdr)                \addtolength{\topmargin}{-1.07225pt}.

LaTeX Info: Redefining \. on input line 1178.
LaTeX Info: Redefining \% on input line 1178.
[693]
LaTeX Info: Redefining \. on input line 1244.
LaTeX Info: Redefining \% on input line 1244.


Package fancyhdr Warning: \headheight is too small (12.0pt): 
(fancyhdr)                Make it at least 13.07225pt, for example:
(fancyhdr)                \setlength{\headheight}{13.07225pt}.
(fancyhdr)                You might also make \topmargin smaller to compensate:

(fancyhdr)                \addtolength{\topmargin}{-1.07225pt}.

LaTeX Info: Redefining \. on input line 1244.
LaTeX Info: Redefining \% on input line 1244.
[694]
LaTeX Info: Redefining \. on input line 1317.
LaTeX Info: Redefining \% on input line 1317.


Package fancyhdr Warning: \headheight is too small (12.0pt): 
(fancyhdr)                Make it at least 13.07225pt, for example:
(fancyhdr)                \setlength{\headheight}{13.07225pt}.
(fancyhdr)                You might also make \topmargin smaller to compensate:

(fancyhdr)                \addtolength{\topmargin}{-1.07225pt}.

LaTeX Info: Redefining \. on input line 1317.
LaTeX Info: Redefining \% on input line 1317.
[695]
LaTeX Info: Redefining \. on input line 1385.
LaTeX Info: Redefining \% on input line 1385.


Package fancyhdr Warning: \headheight is too small (12.0pt): 
(fancyhdr)                Make it at least 13.07225pt, for example:
(fancyhdr)                \setlength{\headheight}{13.07225pt}.
(fancyhdr)                You might also make \topmargin smaller to compensate:

(fancyhdr)                \addtolength{\topmargin}{-1.07225pt}.

LaTeX Info: Redefining \. on input line 1385.
LaTeX Info: Redefining \% on input line 1385.
[696]
LaTeX Info: Redefining \. on input line 1454.
LaTeX Info: Redefining \% on input line 1454.


Package fancyhdr Warning: \headheight is too small (12.0pt): 
(fancyhdr)                Make it at least 13.07225pt, for example:
(fancyhdr)                \setlength{\headheight}{13.07225pt}.
(fancyhdr)                You might also make \topmargin smaller to compensate:

(fancyhdr)                \addtolength{\topmargin}{-1.07225pt}.

LaTeX Info: Redefining \. on input line 1454.
LaTeX Info: Redefining \% on input line 1454.
[697]
LaTeX Info: Redefining \. on input line 1553.
LaTeX Info: Redefining \% on input line 1553.


Package fancyhdr Warning: \headheight is too small (12.0pt): 
(fancyhdr)                Make it at least 13.07225pt, for example:
(fancyhdr)                \setlength{\headheight}{13.07225pt}.
(fancyhdr)                You might also make \topmargin smaller to compensate:

(fancyhdr)                \addtolength{\topmargin}{-1.07225pt}.

LaTeX Info: Redefining \. on input line 1553.
LaTeX Info: Redefining \% on input line 1553.
[698]
LaTeX Info: Redefining \. on input line 1625.
LaTeX Info: Redefining \% on input line 1625.


Package fancyhdr Warning: \headheight is too small (12.0pt): 
(fancyhdr)                Make it at least 13.07225pt, for example:
(fancyhdr)                \setlength{\headheight}{13.07225pt}.
(fancyhdr)                You might also make \topmargin smaller to compensate:

(fancyhdr)                \addtolength{\topmargin}{-1.07225pt}.

LaTeX Info: Redefining \. on input line 1625.
LaTeX Info: Redefining \% on input line 1625.
[699]
Overfull \hbox (21.73314pt too wide) in paragraph at lines 1642--1643
[][]\OT1/cmr/m/it/9 Si $\OML/cmm/m/it/9 N []$
 []

LaTeX Info: Redefining \. on input line 1716.
LaTeX Info: Redefining \% on input line 1716.

Package fancyhdr Warning: \headheight is too small (12.0pt): 
(fancyhdr)                Make it at least 13.07225pt, for example:
(fancyhdr)                \setlength{\headheight}{13.07225pt}.
(fancyhdr)                You might also make \topmargin smaller to compensate:

(fancyhdr)                \addtolength{\topmargin}{-1.07225pt}.

LaTeX Info: Redefining \. on input line 1716.
LaTeX Info: Redefining \% on input line 1716.
[700]
Overfull \hbox (21.73314pt too wide) in paragraph at lines 1738--1739
[][]\OT1/cmr/m/it/9 Si $\OML/cmm/m/it/9 N []$
 []

LaTeX Info: Redefining \. on input line 1799.
LaTeX Info: Redefining \% on input line 1799.

Package fancyhdr Warning: \headheight is too small (12.0pt): 
(fancyhdr)                Make it at least 13.07225pt, for example:
(fancyhdr)                \setlength{\headheight}{13.07225pt}.
(fancyhdr)                You might also make \topmargin smaller to compensate:

(fancyhdr)                \addtolength{\topmargin}{-1.07225pt}.

LaTeX Info: Redefining \. on input line 1799.
LaTeX Info: Redefining \% on input line 1799.
[701]
Overfull \hbox (21.73314pt too wide) in paragraph at lines 1835--1836
[][]\OT1/cmr/m/it/9 Si $\OML/cmm/m/it/9 N []$
 []

LaTeX Info: Redefining \. on input line 1884.
LaTeX Info: Redefining \% on input line 1884.

Package fancyhdr Warning: \headheight is too small (12.0pt): 
(fancyhdr)                Make it at least 13.07225pt, for example:
(fancyhdr)                \setlength{\headheight}{13.07225pt}.
(fancyhdr)                You might also make \topmargin smaller to compensate:

(fancyhdr)                \addtolength{\topmargin}{-1.07225pt}.

LaTeX Info: Redefining \. on input line 1884.
LaTeX Info: Redefining \% on input line 1884.
[702]
Overfull \hbox (21.73314pt too wide) in paragraph at lines 1931--1932
[][]\OT1/cmr/m/it/9 Si $\OML/cmm/m/it/9 N []$
 []

LaTeX Info: Redefining \. on input line 1961.
LaTeX Info: Redefining \% on input line 1961.

Package fancyhdr Warning: \headheight is too small (12.0pt): 
(fancyhdr)                Make it at least 13.07225pt, for example:
(fancyhdr)                \setlength{\headheight}{13.07225pt}.
(fancyhdr)                You might also make \topmargin smaller to compensate:

(fancyhdr)                \addtolength{\topmargin}{-1.07225pt}.

LaTeX Info: Redefining \. on input line 1961.
LaTeX Info: Redefining \% on input line 1961.
[703]
Overfull \hbox (21.73314pt too wide) in paragraph at lines 2026--2027
[][]\OT1/cmr/m/it/9 Si $\OML/cmm/m/it/9 N []$
 []

LaTeX Info: Redefining \. on input line 2050.
LaTeX Info: Redefining \% on input line 2050.

Package fancyhdr Warning: \headheight is too small (12.0pt): 
(fancyhdr)                Make it at least 13.07225pt, for example:
(fancyhdr)                \setlength{\headheight}{13.07225pt}.
(fancyhdr)                You might also make \topmargin smaller to compensate:

(fancyhdr)                \addtolength{\topmargin}{-1.07225pt}.

LaTeX Info: Redefining \. on input line 2050.
LaTeX Info: Redefining \% on input line 2050.
[704]
Overfull \hbox (4.25398pt too wide) in paragraph at lines 2120--2121
[][]\OT1/cmr/m/it/9 Si
 []

LaTeX Info: Redefining \. on input line 2134.
LaTeX Info: Redefining \% on input line 2134.

Package fancyhdr Warning: \headheight is too small (12.0pt): 
(fancyhdr)                Make it at least 13.07225pt, for example:
(fancyhdr)                \setlength{\headheight}{13.07225pt}.
(fancyhdr)                You might also make \topmargin smaller to compensate:

(fancyhdr)                \addtolength{\topmargin}{-1.07225pt}.

LaTeX Info: Redefining \. on input line 2134.
LaTeX Info: Redefining \% on input line 2134.
[705]
Overfull \hbox (4.25398pt too wide) in paragraph at lines 2216--2217
[][]\OT1/cmr/m/it/9 Si
 []

LaTeX Info: Redefining \. on input line 2219.
LaTeX Info: Redefining \% on input line 2219.

Package fancyhdr Warning: \headheight is too small (12.0pt): 
(fancyhdr)                Make it at least 13.07225pt, for example:
(fancyhdr)                \setlength{\headheight}{13.07225pt}.
(fancyhdr)                You might also make \topmargin smaller to compensate:

(fancyhdr)                \addtolength{\topmargin}{-1.07225pt}.

LaTeX Info: Redefining \. on input line 2219.
LaTeX Info: Redefining \% on input line 2219.
[706]
LaTeX Info: Redefining \. on input line 2305.
LaTeX Info: Redefining \% on input line 2305.


Package fancyhdr Warning: \headheight is too small (12.0pt): 
(fancyhdr)                Make it at least 13.07225pt, for example:
(fancyhdr)                \setlength{\headheight}{13.07225pt}.
(fancyhdr)                You might also make \topmargin smaller to compensate:

(fancyhdr)                \addtolength{\topmargin}{-1.07225pt}.

LaTeX Info: Redefining \. on input line 2305.
LaTeX Info: Redefining \% on input line 2305.
[707]
Overfull \hbox (4.25398pt too wide) in paragraph at lines 2313--2314
[][]\OT1/cmr/m/it/9 Si
 []

LaTeX Info: Redefining \. on input line 2387.
LaTeX Info: Redefining \% on input line 2387.

Package fancyhdr Warning: \headheight is too small (12.0pt): 
(fancyhdr)                Make it at least 13.07225pt, for example:
(fancyhdr)                \setlength{\headheight}{13.07225pt}.
(fancyhdr)                You might also make \topmargin smaller to compensate:

(fancyhdr)                \addtolength{\topmargin}{-1.07225pt}.

LaTeX Info: Redefining \. on input line 2387.
LaTeX Info: Redefining \% on input line 2387.
[708]
Overfull \hbox (4.25398pt too wide) in paragraph at lines 2409--2410
[][]\OT1/cmr/m/it/9 Si
 []

LaTeX Info: Redefining \. on input line 2482.
LaTeX Info: Redefining \% on input line 2482.

Package fancyhdr Warning: \headheight is too small (12.0pt): 
(fancyhdr)                Make it at least 13.07225pt, for example:
(fancyhdr)                \setlength{\headheight}{13.07225pt}.
(fancyhdr)                You might also make \topmargin smaller to compensate:

(fancyhdr)                \addtolength{\topmargin}{-1.07225pt}.

LaTeX Info: Redefining \. on input line 2482.
LaTeX Info: Redefining \% on input line 2482.
[709]
Overfull \hbox (4.25398pt too wide) in paragraph at lines 2504--2505
[][]\OT1/cmr/m/it/9 Si
 []

LaTeX Info: Redefining \. on input line 2562.
LaTeX Info: Redefining \% on input line 2562.

Package fancyhdr Warning: \headheight is too small (12.0pt): 
(fancyhdr)                Make it at least 13.07225pt, for example:
(fancyhdr)                \setlength{\headheight}{13.07225pt}.
(fancyhdr)                You might also make \topmargin smaller to compensate:

(fancyhdr)                \addtolength{\topmargin}{-1.07225pt}.

LaTeX Info: Redefining \. on input line 2562.
LaTeX Info: Redefining \% on input line 2562.
[710]
Overfull \hbox (4.25398pt too wide) in paragraph at lines 2598--2599
[][]\OT1/cmr/m/it/9 Si
 []

LaTeX Info: Redefining \. on input line 2644.
LaTeX Info: Redefining \% on input line 2644.

Package fancyhdr Warning: \headheight is too small (12.0pt): 
(fancyhdr)                Make it at least 13.07225pt, for example:
(fancyhdr)                \setlength{\headheight}{13.07225pt}.
(fancyhdr)                You might also make \topmargin smaller to compensate:

(fancyhdr)                \addtolength{\topmargin}{-1.07225pt}.

LaTeX Info: Redefining \. on input line 2644.
LaTeX Info: Redefining \% on input line 2644.
[711]
Overfull \hbox (1.60495pt too wide) in paragraph at lines 2721--2722
[][]\OT1/cmr/m/it/9 Para el pro-ce-so de re-no-va-ci^^Son $\OML/cmm/m/it/9 N []
$\OT1/cmr/m/it/9 , 
 []

LaTeX Info: Redefining \. on input line 2741.
LaTeX Info: Redefining \% on input line 2741.

Package fancyhdr Warning: \headheight is too small (12.0pt): 
(fancyhdr)                Make it at least 13.07225pt, for example:
(fancyhdr)                \setlength{\headheight}{13.07225pt}.
(fancyhdr)                You might also make \topmargin smaller to compensate:

(fancyhdr)                \addtolength{\topmargin}{-1.07225pt}.

LaTeX Info: Redefining \. on input line 2741.
LaTeX Info: Redefining \% on input line 2741.
[712]
Overfull \hbox (1.60495pt too wide) in paragraph at lines 2818--2819
[][]\OT1/cmr/m/it/9 Para el pro-ce-so de re-no-va-ci^^Son $\OML/cmm/m/it/9 N []
$\OT1/cmr/m/it/9 , 
 []

LaTeX Info: Redefining \. on input line 2837.
LaTeX Info: Redefining \% on input line 2837.

Package fancyhdr Warning: \headheight is too small (12.0pt): 
(fancyhdr)                Make it at least 13.07225pt, for example:
(fancyhdr)                \setlength{\headheight}{13.07225pt}.
(fancyhdr)                You might also make \topmargin smaller to compensate:

(fancyhdr)                \addtolength{\topmargin}{-1.07225pt}.

LaTeX Info: Redefining \. on input line 2837.
LaTeX Info: Redefining \% on input line 2837.
[713]
Overfull \hbox (1.60495pt too wide) in paragraph at lines 2914--2915
[][]\OT1/cmr/m/it/9 Para el pro-ce-so de re-no-va-ci^^Son $\OML/cmm/m/it/9 N []
$\OT1/cmr/m/it/9 , 
 []

LaTeX Info: Redefining \. on input line 2927.
LaTeX Info: Redefining \% on input line 2927.

Package fancyhdr Warning: \headheight is too small (12.0pt): 
(fancyhdr)                Make it at least 13.07225pt, for example:
(fancyhdr)                \setlength{\headheight}{13.07225pt}.
(fancyhdr)                You might also make \topmargin smaller to compensate:

(fancyhdr)                \addtolength{\topmargin}{-1.07225pt}.

LaTeX Info: Redefining \. on input line 2927.
LaTeX Info: Redefining \% on input line 2927.
[714]
LaTeX Info: Redefining \. on input line 2996.
LaTeX Info: Redefining \% on input line 2996.


Package fancyhdr Warning: \headheight is too small (12.0pt): 
(fancyhdr)                Make it at least 13.07225pt, for example:
(fancyhdr)                \setlength{\headheight}{13.07225pt}.
(fancyhdr)                You might also make \topmargin smaller to compensate:

(fancyhdr)                \addtolength{\topmargin}{-1.07225pt}.

LaTeX Info: Redefining \. on input line 2996.
LaTeX Info: Redefining \% on input line 2996.
[715]
LaTeX Info: Redefining \. on input line 3075.
LaTeX Info: Redefining \% on input line 3075.


Package fancyhdr Warning: \headheight is too small (12.0pt): 
(fancyhdr)                Make it at least 13.07225pt, for example:
(fancyhdr)                \setlength{\headheight}{13.07225pt}.
(fancyhdr)                You might also make \topmargin smaller to compensate:

(fancyhdr)                \addtolength{\topmargin}{-1.07225pt}.

LaTeX Info: Redefining \. on input line 3075.
LaTeX Info: Redefining \% on input line 3075.
[716]
LaTeX Info: Redefining \. on input line 3175.
LaTeX Info: Redefining \% on input line 3175.


Package fancyhdr Warning: \headheight is too small (12.0pt): 
(fancyhdr)                Make it at least 13.07225pt, for example:
(fancyhdr)                \setlength{\headheight}{13.07225pt}.
(fancyhdr)                You might also make \topmargin smaller to compensate:

(fancyhdr)                \addtolength{\topmargin}{-1.07225pt}.

LaTeX Info: Redefining \. on input line 3175.
LaTeX Info: Redefining \% on input line 3175.
[717]
LaTeX Info: Redefining \. on input line 3235.
LaTeX Info: Redefining \% on input line 3235.


Package fancyhdr Warning: \headheight is too small (12.0pt): 
(fancyhdr)                Make it at least 13.07225pt, for example:
(fancyhdr)                \setlength{\headheight}{13.07225pt}.
(fancyhdr)                You might also make \topmargin smaller to compensate:

(fancyhdr)                \addtolength{\topmargin}{-1.07225pt}.

LaTeX Info: Redefining \. on input line 3235.
LaTeX Info: Redefining \% on input line 3235.
[718]
LaTeX Info: Redefining \. on input line 3293.
LaTeX Info: Redefining \% on input line 3293.


Package fancyhdr Warning: \headheight is too small (12.0pt): 
(fancyhdr)                Make it at least 13.07225pt, for example:
(fancyhdr)                \setlength{\headheight}{13.07225pt}.
(fancyhdr)                You might also make \topmargin smaller to compensate:

(fancyhdr)                \addtolength{\topmargin}{-1.07225pt}.

LaTeX Info: Redefining \. on input line 3293.
LaTeX Info: Redefining \% on input line 3293.
[719]

Package hyperref Warning: Token not allowed in a PDF string (Unicode):
(hyperref)                removing `\@ifnextchar' on input line 3296.

LaTeX Info: Redefining \. on input line 3364.
LaTeX Info: Redefining \% on input line 3364.

Package fancyhdr Warning: \headheight is too small (12.0pt): 
(fancyhdr)                Make it at least 13.07225pt, for example:
(fancyhdr)                \setlength{\headheight}{13.07225pt}.
(fancyhdr)                You might also make \topmargin smaller to compensate:

(fancyhdr)                \addtolength{\topmargin}{-1.07225pt}.

LaTeX Info: Redefining \. on input line 3364.
LaTeX Info: Redefining \% on input line 3364.
[720]
Overfull \hbox (21.73314pt too wide) in paragraph at lines 3387--3388
[][]\OT1/cmr/m/it/9 Si $\OML/cmm/m/it/9 N []$
 []

LaTeX Info: Redefining \. on input line 3451.
LaTeX Info: Redefining \% on input line 3451.

Package fancyhdr Warning: \headheight is too small (12.0pt): 
(fancyhdr)                Make it at least 13.07225pt, for example:
(fancyhdr)                \setlength{\headheight}{13.07225pt}.
(fancyhdr)                You might also make \topmargin smaller to compensate:

(fancyhdr)                \addtolength{\topmargin}{-1.07225pt}.

LaTeX Info: Redefining \. on input line 3451.
LaTeX Info: Redefining \% on input line 3451.
[721]
Overfull \hbox (1.60495pt too wide) in paragraph at lines 3477--3478
[][]\OT1/cmr/m/it/9 Para el pro-ce-so de re-no-va-ci^^Son $\OML/cmm/m/it/9 N []
$\OT1/cmr/m/it/9 , 
 []

LaTeX Info: Redefining \. on input line 3535.
LaTeX Info: Redefining \% on input line 3535.

Package fancyhdr Warning: \headheight is too small (12.0pt): 
(fancyhdr)                Make it at least 13.07225pt, for example:
(fancyhdr)                \setlength{\headheight}{13.07225pt}.
(fancyhdr)                You might also make \topmargin smaller to compensate:

(fancyhdr)                \addtolength{\topmargin}{-1.07225pt}.

LaTeX Info: Redefining \. on input line 3535.
LaTeX Info: Redefining \% on input line 3535.
[722]
Overfull \hbox (1.60495pt too wide) in paragraph at lines 3561--3562
[][]\OT1/cmr/m/it/9 Para el pro-ce-so de re-no-va-ci^^Son $\OML/cmm/m/it/9 N []
$\OT1/cmr/m/it/9 , 
 []

LaTeX Info: Redefining \. on input line 3615.
LaTeX Info: Redefining \% on input line 3615.

Package fancyhdr Warning: \headheight is too small (12.0pt): 
(fancyhdr)                Make it at least 13.07225pt, for example:
(fancyhdr)                \setlength{\headheight}{13.07225pt}.
(fancyhdr)                You might also make \topmargin smaller to compensate:

(fancyhdr)                \addtolength{\topmargin}{-1.07225pt}.

LaTeX Info: Redefining \. on input line 3615.
LaTeX Info: Redefining \% on input line 3615.
[723]
LaTeX Info: Redefining \. on input line 3697.
LaTeX Info: Redefining \% on input line 3697.


Package fancyhdr Warning: \headheight is too small (12.0pt): 
(fancyhdr)                Make it at least 13.07225pt, for example:
(fancyhdr)                \setlength{\headheight}{13.07225pt}.
(fancyhdr)                You might also make \topmargin smaller to compensate:

(fancyhdr)                \addtolength{\topmargin}{-1.07225pt}.

LaTeX Info: Redefining \. on input line 3697.
LaTeX Info: Redefining \% on input line 3697.
[724]
LaTeX Info: Redefining \. on input line 3771.
LaTeX Info: Redefining \% on input line 3771.


Package fancyhdr Warning: \headheight is too small (12.0pt): 
(fancyhdr)                Make it at least 13.07225pt, for example:
(fancyhdr)                \setlength{\headheight}{13.07225pt}.
(fancyhdr)                You might also make \topmargin smaller to compensate:

(fancyhdr)                \addtolength{\topmargin}{-1.07225pt}.

LaTeX Info: Redefining \. on input line 3771.
LaTeX Info: Redefining \% on input line 3771.
[725]
LaTeX Info: Redefining \. on input line 3858.
LaTeX Info: Redefining \% on input line 3858.


Package fancyhdr Warning: \headheight is too small (12.0pt): 
(fancyhdr)                Make it at least 13.07225pt, for example:
(fancyhdr)                \setlength{\headheight}{13.07225pt}.
(fancyhdr)                You might also make \topmargin smaller to compensate:

(fancyhdr)                \addtolength{\topmargin}{-1.07225pt}.

LaTeX Info: Redefining \. on input line 3858.
LaTeX Info: Redefining \% on input line 3858.
[726]
Overfull \hbox (21.73314pt too wide) in paragraph at lines 3897--3898
[][]\OT1/cmr/m/it/9 Si $\OML/cmm/m/it/9 N []$
 []

LaTeX Info: Redefining \. on input line 3939.
LaTeX Info: Redefining \% on input line 3939.

Package fancyhdr Warning: \headheight is too small (12.0pt): 
(fancyhdr)                Make it at least 13.07225pt, for example:
(fancyhdr)                \setlength{\headheight}{13.07225pt}.
(fancyhdr)                You might also make \topmargin smaller to compensate:

(fancyhdr)                \addtolength{\topmargin}{-1.07225pt}.

LaTeX Info: Redefining \. on input line 3939.
LaTeX Info: Redefining \% on input line 3939.
[727]
Overfull \hbox (1.60495pt too wide) in paragraph at lines 3987--3988
[][]\OT1/cmr/m/it/9 Para el pro-ce-so de re-no-va-ci^^Son $\OML/cmm/m/it/9 N []
$\OT1/cmr/m/it/9 , 
 []

LaTeX Info: Redefining \. on input line 4028.
LaTeX Info: Redefining \% on input line 4028.

Package fancyhdr Warning: \headheight is too small (12.0pt): 
(fancyhdr)                Make it at least 13.07225pt, for example:
(fancyhdr)                \setlength{\headheight}{13.07225pt}.
(fancyhdr)                You might also make \topmargin smaller to compensate:

(fancyhdr)                \addtolength{\topmargin}{-1.07225pt}.

LaTeX Info: Redefining \. on input line 4028.
LaTeX Info: Redefining \% on input line 4028.
[728]
Overfull \hbox (1.60495pt too wide) in paragraph at lines 4071--4072
[][]\OT1/cmr/m/it/9 Para el pro-ce-so de re-no-va-ci^^Son $\OML/cmm/m/it/9 N []
$\OT1/cmr/m/it/9 , 
 []

LaTeX Info: Redefining \. on input line 4110.
LaTeX Info: Redefining \% on input line 4110.

Package fancyhdr Warning: \headheight is too small (12.0pt): 
(fancyhdr)                Make it at least 13.07225pt, for example:
(fancyhdr)                \setlength{\headheight}{13.07225pt}.
(fancyhdr)                You might also make \topmargin smaller to compensate:

(fancyhdr)                \addtolength{\topmargin}{-1.07225pt}.

LaTeX Info: Redefining \. on input line 4110.
LaTeX Info: Redefining \% on input line 4110.
[729]
LaTeX Info: Redefining \. on input line 4189.
LaTeX Info: Redefining \% on input line 4189.


Package fancyhdr Warning: \headheight is too small (12.0pt): 
(fancyhdr)                Make it at least 13.07225pt, for example:
(fancyhdr)                \setlength{\headheight}{13.07225pt}.
(fancyhdr)                You might also make \topmargin smaller to compensate:

(fancyhdr)                \addtolength{\topmargin}{-1.07225pt}.

LaTeX Info: Redefining \. on input line 4189.
LaTeX Info: Redefining \% on input line 4189.
[730]
LaTeX Info: Redefining \. on input line 4268.
LaTeX Info: Redefining \% on input line 4268.


Package fancyhdr Warning: \headheight is too small (12.0pt): 
(fancyhdr)                Make it at least 13.07225pt, for example:
(fancyhdr)                \setlength{\headheight}{13.07225pt}.
(fancyhdr)                You might also make \topmargin smaller to compensate:

(fancyhdr)                \addtolength{\topmargin}{-1.07225pt}.

LaTeX Info: Redefining \. on input line 4268.
LaTeX Info: Redefining \% on input line 4268.
[731]

LaTeX Font Warning: Command \footnotesize invalid in math mode on input line 43
19.

LaTeX Info: Redefining \. on input line 4360.
LaTeX Info: Redefining \% on input line 4360.

Package fancyhdr Warning: \headheight is too small (12.0pt): 
(fancyhdr)                Make it at least 13.07225pt, for example:
(fancyhdr)                \setlength{\headheight}{13.07225pt}.
(fancyhdr)                You might also make \topmargin smaller to compensate:

(fancyhdr)                \addtolength{\topmargin}{-1.07225pt}.

LaTeX Info: Redefining \. on input line 4360.
LaTeX Info: Redefining \% on input line 4360.
[732])
LaTeX Info: Redefining \. on input line 222.
LaTeX Info: Redefining \% on input line 222.


Package fancyhdr Warning: \headheight is too small (12.0pt): 
(fancyhdr)                Make it at least 13.07225pt, for example:
(fancyhdr)                \setlength{\headheight}{13.07225pt}.
(fancyhdr)                You might also make \topmargin smaller to compensate:

(fancyhdr)                \addtolength{\topmargin}{-1.07225pt}.

LaTeX Info: Redefining \. on input line 222.
LaTeX Info: Redefining \% on input line 222.
[733]
Cap\'{\i }tulo 33.

! LaTeX Error: File `TeoriaColas.tex' not found.

Type X to quit or <RETURN> to proceed,
or enter new name. (Default extension: tex)

Enter file name: 
(/usr/local/texlive/2024/texmf-dist/tex/latex/tools/.tex File ignored) [734

]
Cap\'{\i }tulo 34.
(./ModelosFlujo.tex [735

]
Underfull \hbox (badness 10000) in paragraph at lines 115--118

 []


Underfull \hbox (badness 10000) in paragraph at lines 153--161

 []


Underfull \hbox (badness 10000) in paragraph at lines 162--165

 []


Underfull \hbox (badness 10000) in paragraph at lines 171--175

 []

LaTeX Info: Redefining \. on input line 193.
LaTeX Info: Redefining \% on input line 193.

Package fancyhdr Warning: \headheight is too small (12.0pt): 
(fancyhdr)                Make it at least 13.07225pt, for example:
(fancyhdr)                \setlength{\headheight}{13.07225pt}.
(fancyhdr)                You might also make \topmargin smaller to compensate:

(fancyhdr)                \addtolength{\topmargin}{-1.07225pt}.

LaTeX Info: Redefining \. on input line 193.
LaTeX Info: Redefining \% on input line 193.
[736]
Underfull \hbox (badness 10000) in paragraph at lines 248--251

 []

LaTeX Info: Redefining \. on input line 288.
LaTeX Info: Redefining \% on input line 288.

Package fancyhdr Warning: \headheight is too small (12.0pt): 
(fancyhdr)                Make it at least 13.07225pt, for example:
(fancyhdr)                \setlength{\headheight}{13.07225pt}.
(fancyhdr)                You might also make \topmargin smaller to compensate:

(fancyhdr)                \addtolength{\topmargin}{-1.07225pt}.

LaTeX Info: Redefining \. on input line 288.
LaTeX Info: Redefining \% on input line 288.
[737]
Overfull \hbox (4.93385pt too wide) in paragraph at lines 305--308
[][]\OT1/cmr/m/it/9 Sea $\OML/cmm/m/it/9 B$ \OT1/cmr/m/it/9 con-jun-to pe-que~n
o ce-rra-do, su-pon-ga-mos que $\OML/cmm/m/it/9 P[] [] \OMS/cmsy/m/n/9 ^^Q
 []


LaTeX Warning: Citation `MeynTweedie' on page 738 undefined on input line 333.


Underfull \hbox (badness 10000) in paragraph at lines 346--353

 []


Underfull \hbox (badness 10000) in paragraph at lines 360--366

 []


Underfull \hbox (badness 10000) in paragraph at lines 371--373

 []


Underfull \hbox (badness 10000) in paragraph at lines 380--382

 []

LaTeX Info: Redefining \. on input line 382.
LaTeX Info: Redefining \% on input line 382.

Package fancyhdr Warning: \headheight is too small (12.0pt): 
(fancyhdr)                Make it at least 13.07225pt, for example:
(fancyhdr)                \setlength{\headheight}{13.07225pt}.
(fancyhdr)                You might also make \topmargin smaller to compensate:

(fancyhdr)                \addtolength{\topmargin}{-1.07225pt}.

LaTeX Info: Redefining \. on input line 382.
LaTeX Info: Redefining \% on input line 382.
[738]
LaTeX Info: Redefining \. on input line 493.
LaTeX Info: Redefining \% on input line 493.


Package fancyhdr Warning: \headheight is too small (12.0pt): 
(fancyhdr)                Make it at least 13.07225pt, for example:
(fancyhdr)                \setlength{\headheight}{13.07225pt}.
(fancyhdr)                You might also make \topmargin smaller to compensate:

(fancyhdr)                \addtolength{\topmargin}{-1.07225pt}.

LaTeX Info: Redefining \. on input line 493.
LaTeX Info: Redefining \% on input line 493.
[739]
LaTeX Info: Redefining \. on input line 603.
LaTeX Info: Redefining \% on input line 603.


Package fancyhdr Warning: \headheight is too small (12.0pt): 
(fancyhdr)                Make it at least 13.07225pt, for example:
(fancyhdr)                \setlength{\headheight}{13.07225pt}.
(fancyhdr)                You might also make \topmargin smaller to compensate:

(fancyhdr)                \addtolength{\topmargin}{-1.07225pt}.

LaTeX Info: Redefining \. on input line 603.
LaTeX Info: Redefining \% on input line 603.
[740]
LaTeX Info: Redefining \. on input line 717.
LaTeX Info: Redefining \% on input line 717.


Package fancyhdr Warning: \headheight is too small (12.0pt): 
(fancyhdr)                Make it at least 13.07225pt, for example:
(fancyhdr)                \setlength{\headheight}{13.07225pt}.
(fancyhdr)                You might also make \topmargin smaller to compensate:

(fancyhdr)                \addtolength{\topmargin}{-1.07225pt}.

LaTeX Info: Redefining \. on input line 717.
LaTeX Info: Redefining \% on input line 717.
[741]
LaTeX Info: Redefining \. on input line 841.
LaTeX Info: Redefining \% on input line 841.


Package fancyhdr Warning: \headheight is too small (12.0pt): 
(fancyhdr)                Make it at least 13.07225pt, for example:
(fancyhdr)                \setlength{\headheight}{13.07225pt}.
(fancyhdr)                You might also make \topmargin smaller to compensate:

(fancyhdr)                \addtolength{\topmargin}{-1.07225pt}.

LaTeX Info: Redefining \. on input line 841.
LaTeX Info: Redefining \% on input line 841.
[742]
Underfull \hbox (badness 10000) in paragraph at lines 878--888

 []


Underfull \hbox (badness 10000) in paragraph at lines 889--891

 []


Underfull \hbox (badness 10000) in paragraph at lines 908--910

 []

LaTeX Info: Redefining \. on input line 912.
LaTeX Info: Redefining \% on input line 912.

Package fancyhdr Warning: \headheight is too small (12.0pt): 
(fancyhdr)                Make it at least 13.07225pt, for example:
(fancyhdr)                \setlength{\headheight}{13.07225pt}.
(fancyhdr)                You might also make \topmargin smaller to compensate:

(fancyhdr)                \addtolength{\topmargin}{-1.07225pt}.

LaTeX Info: Redefining \. on input line 912.
LaTeX Info: Redefining \% on input line 912.
[743]
LaTeX Info: Redefining \. on input line 1012.
LaTeX Info: Redefining \% on input line 1012.


Package fancyhdr Warning: \headheight is too small (12.0pt): 
(fancyhdr)                Make it at least 13.07225pt, for example:
(fancyhdr)                \setlength{\headheight}{13.07225pt}.
(fancyhdr)                You might also make \topmargin smaller to compensate:

(fancyhdr)                \addtolength{\topmargin}{-1.07225pt}.

LaTeX Info: Redefining \. on input line 1012.
LaTeX Info: Redefining \% on input line 1012.
[744]
Overfull \hbox (19.24037pt too wide) in paragraph at lines 1070--1072
[][]\OT1/cmr/m/it/9 Sea $\OT1/cmr/m/n/9 0 \OML/cmm/m/it/9 < ^^V < \U/msb/m/n/9 
E [] \OMS/cmsy/m/n/9 ^^T
 []

LaTeX Info: Redefining \. on input line 1111.
LaTeX Info: Redefining \% on input line 1111.

Package fancyhdr Warning: \headheight is too small (12.0pt): 
(fancyhdr)                Make it at least 13.07225pt, for example:
(fancyhdr)                \setlength{\headheight}{13.07225pt}.
(fancyhdr)                You might also make \topmargin smaller to compensate:

(fancyhdr)                \addtolength{\topmargin}{-1.07225pt}.

LaTeX Info: Redefining \. on input line 1111.
LaTeX Info: Redefining \% on input line 1111.
[745]
Overfull \hbox (12.66248pt too wide) in paragraph at lines 1167--1172
[][]\OT1/cmr/m/it/9 Sea $[]$ una su-ce-si^^Son in-de-pen-dien-te e id^^Senti-
 []


Overfull \hbox (1.95837pt too wide) in paragraph at lines 1185--1188
[][]\OT1/cmr/m/it/9 Suponga que los su-pues-tos A1) y A2) se cum-
 []

LaTeX Info: Redefining \. on input line 1195.
LaTeX Info: Redefining \% on input line 1195.

Package fancyhdr Warning: \headheight is too small (12.0pt): 
(fancyhdr)                Make it at least 13.07225pt, for example:
(fancyhdr)                \setlength{\headheight}{13.07225pt}.
(fancyhdr)                You might also make \topmargin smaller to compensate:

(fancyhdr)                \addtolength{\topmargin}{-1.07225pt}.

LaTeX Info: Redefining \. on input line 1195.
LaTeX Info: Redefining \% on input line 1195.
[746]

LaTeX Warning: Citation `RBA' on page 747 undefined on input line 1303.

LaTeX Info: Redefining \. on input line 1313.
LaTeX Info: Redefining \% on input line 1313.

Package fancyhdr Warning: \headheight is too small (12.0pt): 
(fancyhdr)                Make it at least 13.07225pt, for example:
(fancyhdr)                \setlength{\headheight}{13.07225pt}.
(fancyhdr)                You might also make \topmargin smaller to compensate:

(fancyhdr)                \addtolength{\topmargin}{-1.07225pt}.

LaTeX Info: Redefining \. on input line 1313.
LaTeX Info: Redefining \% on input line 1313.
[747]

LaTeX Warning: Citation `RBA' on page 748 undefined on input line 1316.

LaTeX Info: Redefining \. on input line 1427.
LaTeX Info: Redefining \% on input line 1427.

Package fancyhdr Warning: \headheight is too small (12.0pt): 
(fancyhdr)                Make it at least 13.07225pt, for example:
(fancyhdr)                \setlength{\headheight}{13.07225pt}.
(fancyhdr)                You might also make \topmargin smaller to compensate:

(fancyhdr)                \addtolength{\topmargin}{-1.07225pt}.

LaTeX Info: Redefining \. on input line 1427.
LaTeX Info: Redefining \% on input line 1427.
[748]
LaTeX Info: Redefining \. on input line 1547.
LaTeX Info: Redefining \% on input line 1547.


Package fancyhdr Warning: \headheight is too small (12.0pt): 
(fancyhdr)                Make it at least 13.07225pt, for example:
(fancyhdr)                \setlength{\headheight}{13.07225pt}.
(fancyhdr)                You might also make \topmargin smaller to compensate:

(fancyhdr)                \addtolength{\topmargin}{-1.07225pt}.

LaTeX Info: Redefining \. on input line 1547.
LaTeX Info: Redefining \% on input line 1547.
[749]
LaTeX Info: Redefining \. on input line 1624.
LaTeX Info: Redefining \% on input line 1624.


Package fancyhdr Warning: \headheight is too small (12.0pt): 
(fancyhdr)                Make it at least 13.07225pt, for example:
(fancyhdr)                \setlength{\headheight}{13.07225pt}.
(fancyhdr)                You might also make \topmargin smaller to compensate:

(fancyhdr)                \addtolength{\topmargin}{-1.07225pt}.

LaTeX Info: Redefining \. on input line 1624.
LaTeX Info: Redefining \% on input line 1624.
[750]
Underfull \hbox (badness 10000) in paragraph at lines 1706--1716

 []


Underfull \hbox (badness 10000) in paragraph at lines 1717--1719

 []

LaTeX Info: Redefining \. on input line 1719.
LaTeX Info: Redefining \% on input line 1719.

Package fancyhdr Warning: \headheight is too small (12.0pt): 
(fancyhdr)                Make it at least 13.07225pt, for example:
(fancyhdr)                \setlength{\headheight}{13.07225pt}.
(fancyhdr)                You might also make \topmargin smaller to compensate:

(fancyhdr)                \addtolength{\topmargin}{-1.07225pt}.

LaTeX Info: Redefining \. on input line 1719.
LaTeX Info: Redefining \% on input line 1719.
[751]
Underfull \hbox (badness 10000) in paragraph at lines 1736--1738

 []

LaTeX Info: Redefining \. on input line 1808.
LaTeX Info: Redefining \% on input line 1808.

Package fancyhdr Warning: \headheight is too small (12.0pt): 
(fancyhdr)                Make it at least 13.07225pt, for example:
(fancyhdr)                \setlength{\headheight}{13.07225pt}.
(fancyhdr)                You might also make \topmargin smaller to compensate:

(fancyhdr)                \addtolength{\topmargin}{-1.07225pt}.

LaTeX Info: Redefining \. on input line 1808.
LaTeX Info: Redefining \% on input line 1808.
[752]
Overfull \hbox (24.5653pt too wide) in paragraph at lines 1861--1863
[][]\OT1/cmr/m/it/9 Sea $\OT1/cmr/m/n/9 0 \OML/cmm/m/it/9 < ^^V < \U/msb/m/n/9 
E [] \OMS/cmsy/m/n/9 ^^T
 []

LaTeX Info: Redefining \. on input line 1891.
LaTeX Info: Redefining \% on input line 1891.

Package fancyhdr Warning: \headheight is too small (12.0pt): 
(fancyhdr)                Make it at least 13.07225pt, for example:
(fancyhdr)                \setlength{\headheight}{13.07225pt}.
(fancyhdr)                You might also make \topmargin smaller to compensate:

(fancyhdr)                \addtolength{\topmargin}{-1.07225pt}.

LaTeX Info: Redefining \. on input line 1891.
LaTeX Info: Redefining \% on input line 1891.
[753]
Overfull \hbox (9.70418pt too wide) in paragraph at lines 1978--1983
[][]\OT1/cmr/m/it/9 Sea $[]$ una su-ce-si^^Son in-de-pen-dien-te e id^^Senti-
 []

LaTeX Info: Redefining \. on input line 1992.
LaTeX Info: Redefining \% on input line 1992.

Package fancyhdr Warning: \headheight is too small (12.0pt): 
(fancyhdr)                Make it at least 13.07225pt, for example:
(fancyhdr)                \setlength{\headheight}{13.07225pt}.
(fancyhdr)                You might also make \topmargin smaller to compensate:

(fancyhdr)                \addtolength{\topmargin}{-1.07225pt}.

LaTeX Info: Redefining \. on input line 1992.
LaTeX Info: Redefining \% on input line 1992.
[754]
Overfull \hbox (1.95837pt too wide) in paragraph at lines 1996--1999
[][]\OT1/cmr/m/it/9 Suponga que los su-pues-tos A1) y A2) se cum-
 []

LaTeX Info: Redefining \. on input line 2109.
LaTeX Info: Redefining \% on input line 2109.

Package fancyhdr Warning: \headheight is too small (12.0pt): 
(fancyhdr)                Make it at least 13.07225pt, for example:
(fancyhdr)                \setlength{\headheight}{13.07225pt}.
(fancyhdr)                You might also make \topmargin smaller to compensate:

(fancyhdr)                \addtolength{\topmargin}{-1.07225pt}.

LaTeX Info: Redefining \. on input line 2109.
LaTeX Info: Redefining \% on input line 2109.
[755]

LaTeX Warning: Citation `RBA' on page 756 undefined on input line 2112.


LaTeX Warning: Citation `RBA' on page 756 undefined on input line 2125.

LaTeX Info: Redefining \. on input line 2233.
LaTeX Info: Redefining \% on input line 2233.

Package fancyhdr Warning: \headheight is too small (12.0pt): 
(fancyhdr)                Make it at least 13.07225pt, for example:
(fancyhdr)                \setlength{\headheight}{13.07225pt}.
(fancyhdr)                You might also make \topmargin smaller to compensate:

(fancyhdr)                \addtolength{\topmargin}{-1.07225pt}.

LaTeX Info: Redefining \. on input line 2233.
LaTeX Info: Redefining \% on input line 2233.
[756]
LaTeX Info: Redefining \. on input line 2339.
LaTeX Info: Redefining \% on input line 2339.


Package fancyhdr Warning: \headheight is too small (12.0pt): 
(fancyhdr)                Make it at least 13.07225pt, for example:
(fancyhdr)                \setlength{\headheight}{13.07225pt}.
(fancyhdr)                You might also make \topmargin smaller to compensate:

(fancyhdr)                \addtolength{\topmargin}{-1.07225pt}.

LaTeX Info: Redefining \. on input line 2339.
LaTeX Info: Redefining \% on input line 2339.
[757]
LaTeX Info: Redefining \. on input line 2399.
LaTeX Info: Redefining \% on input line 2399.


Package fancyhdr Warning: \headheight is too small (12.0pt): 
(fancyhdr)                Make it at least 13.07225pt, for example:
(fancyhdr)                \setlength{\headheight}{13.07225pt}.
(fancyhdr)                You might also make \topmargin smaller to compensate:

(fancyhdr)                \addtolength{\topmargin}{-1.07225pt}.

LaTeX Info: Redefining \. on input line 2399.
LaTeX Info: Redefining \% on input line 2399.
[758]
Underfull \hbox (badness 10000) in paragraph at lines 2477--2487

 []

LaTeX Info: Redefining \. on input line 2487.
LaTeX Info: Redefining \% on input line 2487.

Package fancyhdr Warning: \headheight is too small (12.0pt): 
(fancyhdr)                Make it at least 13.07225pt, for example:
(fancyhdr)                \setlength{\headheight}{13.07225pt}.
(fancyhdr)                You might also make \topmargin smaller to compensate:

(fancyhdr)                \addtolength{\topmargin}{-1.07225pt}.

LaTeX Info: Redefining \. on input line 2487.
LaTeX Info: Redefining \% on input line 2487.
[759]
Underfull \hbox (badness 10000) in paragraph at lines 2488--2490

 []


Underfull \hbox (badness 10000) in paragraph at lines 2507--2509

 []

LaTeX Info: Redefining \. on input line 2579.
LaTeX Info: Redefining \% on input line 2579.

Package fancyhdr Warning: \headheight is too small (12.0pt): 
(fancyhdr)                Make it at least 13.07225pt, for example:
(fancyhdr)                \setlength{\headheight}{13.07225pt}.
(fancyhdr)                You might also make \topmargin smaller to compensate:

(fancyhdr)                \addtolength{\topmargin}{-1.07225pt}.

LaTeX Info: Redefining \. on input line 2579.
LaTeX Info: Redefining \% on input line 2579.
[760]
LaTeX Info: Redefining \. on input line 2671.
LaTeX Info: Redefining \% on input line 2671.


Package fancyhdr Warning: \headheight is too small (12.0pt): 
(fancyhdr)                Make it at least 13.07225pt, for example:
(fancyhdr)                \setlength{\headheight}{13.07225pt}.
(fancyhdr)                You might also make \topmargin smaller to compensate:

(fancyhdr)                \addtolength{\topmargin}{-1.07225pt}.

LaTeX Info: Redefining \. on input line 2671.
LaTeX Info: Redefining \% on input line 2671.
[761]
Overfull \hbox (24.5653pt too wide) in paragraph at lines 2730--2732
[][]\OT1/cmr/m/it/9 Sea $\OT1/cmr/m/n/9 0 \OML/cmm/m/it/9 < ^^V < \U/msb/m/n/9 
E [] \OMS/cmsy/m/n/9 ^^T
 []

LaTeX Info: Redefining \. on input line 2771.
LaTeX Info: Redefining \% on input line 2771.

Package fancyhdr Warning: \headheight is too small (12.0pt): 
(fancyhdr)                Make it at least 13.07225pt, for example:
(fancyhdr)                \setlength{\headheight}{13.07225pt}.
(fancyhdr)                You might also make \topmargin smaller to compensate:

(fancyhdr)                \addtolength{\topmargin}{-1.07225pt}.

LaTeX Info: Redefining \. on input line 2771.
LaTeX Info: Redefining \% on input line 2771.
[762]
Overfull \hbox (9.70418pt too wide) in paragraph at lines 2824--2829
[][]\OT1/cmr/m/it/9 Sea $[]$ una su-ce-si^^Son in-de-pen-dien-te e id^^Senti-
 []


Overfull \hbox (1.95837pt too wide) in paragraph at lines 2842--2845
[][]\OT1/cmr/m/it/9 Suponga que los su-pues-tos A1) y A2) se cum-
 []

LaTeX Info: Redefining \. on input line 2852.
LaTeX Info: Redefining \% on input line 2852.

Package fancyhdr Warning: \headheight is too small (12.0pt): 
(fancyhdr)                Make it at least 13.07225pt, for example:
(fancyhdr)                \setlength{\headheight}{13.07225pt}.
(fancyhdr)                You might also make \topmargin smaller to compensate:

(fancyhdr)                \addtolength{\topmargin}{-1.07225pt}.

LaTeX Info: Redefining \. on input line 2852.
LaTeX Info: Redefining \% on input line 2852.
[763]
Underfull \hbox (badness 10000) in paragraph at lines 2943--2945

 []

LaTeX Info: Redefining \. on input line 2952.
LaTeX Info: Redefining \% on input line 2952.

Package fancyhdr Warning: \headheight is too small (12.0pt): 
(fancyhdr)                Make it at least 13.07225pt, for example:
(fancyhdr)                \setlength{\headheight}{13.07225pt}.
(fancyhdr)                You might also make \topmargin smaller to compensate:

(fancyhdr)                \addtolength{\topmargin}{-1.07225pt}.

LaTeX Info: Redefining \. on input line 2952.
LaTeX Info: Redefining \% on input line 2952.
[764]
Underfull \hbox (badness 10000) in paragraph at lines 2985--2989

 []


Underfull \hbox (badness 10000) in paragraph at lines 3011--3016

 []

LaTeX Info: Redefining \. on input line 3050.
LaTeX Info: Redefining \% on input line 3050.

Package fancyhdr Warning: \headheight is too small (12.0pt): 
(fancyhdr)                Make it at least 13.07225pt, for example:
(fancyhdr)                \setlength{\headheight}{13.07225pt}.
(fancyhdr)                You might also make \topmargin smaller to compensate:

(fancyhdr)                \addtolength{\topmargin}{-1.07225pt}.

LaTeX Info: Redefining \. on input line 3050.
LaTeX Info: Redefining \% on input line 3050.
[765]
Underfull \hbox (badness 10000) in paragraph at lines 3067--3077

 []


Underfull \hbox (badness 10000) in paragraph at lines 3078--3080

 []


Underfull \hbox (badness 10000) in paragraph at lines 3097--3099

 []

LaTeX Info: Redefining \. on input line 3125.
LaTeX Info: Redefining \% on input line 3125.

Package fancyhdr Warning: \headheight is too small (12.0pt): 
(fancyhdr)                Make it at least 13.07225pt, for example:
(fancyhdr)                \setlength{\headheight}{13.07225pt}.
(fancyhdr)                You might also make \topmargin smaller to compensate:

(fancyhdr)                \addtolength{\topmargin}{-1.07225pt}.

LaTeX Info: Redefining \. on input line 3125.
LaTeX Info: Redefining \% on input line 3125.
[766]
LaTeX Info: Redefining \. on input line 3231.
LaTeX Info: Redefining \% on input line 3231.


Package fancyhdr Warning: \headheight is too small (12.0pt): 
(fancyhdr)                Make it at least 13.07225pt, for example:
(fancyhdr)                \setlength{\headheight}{13.07225pt}.
(fancyhdr)                You might also make \topmargin smaller to compensate:

(fancyhdr)                \addtolength{\topmargin}{-1.07225pt}.

LaTeX Info: Redefining \. on input line 3231.
LaTeX Info: Redefining \% on input line 3231.
[767]
LaTeX Info: Redefining \. on input line 3339.
LaTeX Info: Redefining \% on input line 3339.


Package fancyhdr Warning: \headheight is too small (12.0pt): 
(fancyhdr)                Make it at least 13.07225pt, for example:
(fancyhdr)                \setlength{\headheight}{13.07225pt}.
(fancyhdr)                You might also make \topmargin smaller to compensate:

(fancyhdr)                \addtolength{\topmargin}{-1.07225pt}.

LaTeX Info: Redefining \. on input line 3339.
LaTeX Info: Redefining \% on input line 3339.
[768]
Overfull \hbox (9.70418pt too wide) in paragraph at lines 3345--3350
[][]\OT1/cmr/m/it/9 Sea $[]$ una su-ce-si^^Son in-de-pen-dien-te e id^^Senti-
 []


Overfull \hbox (1.95837pt too wide) in paragraph at lines 3363--3366
[][]\OT1/cmr/m/it/9 Suponga que los su-pues-tos A1) y A2) se cum-
 []

LaTeX Info: Redefining \. on input line 3434.
LaTeX Info: Redefining \% on input line 3434.

Package fancyhdr Warning: \headheight is too small (12.0pt): 
(fancyhdr)                Make it at least 13.07225pt, for example:
(fancyhdr)                \setlength{\headheight}{13.07225pt}.
(fancyhdr)                You might also make \topmargin smaller to compensate:

(fancyhdr)                \addtolength{\topmargin}{-1.07225pt}.

LaTeX Info: Redefining \. on input line 3434.
LaTeX Info: Redefining \% on input line 3434.
[769]

LaTeX Warning: Citation `RBA' on page 770 undefined on input line 3499.


LaTeX Warning: Citation `RBA' on page 770 undefined on input line 3512.

LaTeX Info: Redefining \. on input line 3558.
LaTeX Info: Redefining \% on input line 3558.

Package fancyhdr Warning: \headheight is too small (12.0pt): 
(fancyhdr)                Make it at least 13.07225pt, for example:
(fancyhdr)                \setlength{\headheight}{13.07225pt}.
(fancyhdr)                You might also make \topmargin smaller to compensate:

(fancyhdr)                \addtolength{\topmargin}{-1.07225pt}.

LaTeX Info: Redefining \. on input line 3558.
LaTeX Info: Redefining \% on input line 3558.
[770]

LaTeX Warning: Reference `Equation.4.4' on page 771 undefined on input line 358
3.


Overfull \hbox (24.5653pt too wide) in paragraph at lines 3648--3650
[][]\OT1/cmr/m/it/9 Sea $\OT1/cmr/m/n/9 0 \OML/cmm/m/it/9 < ^^V < \U/msb/m/n/9 
E [] \OMS/cmsy/m/n/9 ^^T
 []

LaTeX Info: Redefining \. on input line 3656.
LaTeX Info: Redefining \% on input line 3656.

Package fancyhdr Warning: \headheight is too small (12.0pt): 
(fancyhdr)                Make it at least 13.07225pt, for example:
(fancyhdr)                \setlength{\headheight}{13.07225pt}.
(fancyhdr)                You might also make \topmargin smaller to compensate:

(fancyhdr)                \addtolength{\topmargin}{-1.07225pt}.

LaTeX Info: Redefining \. on input line 3656.
LaTeX Info: Redefining \% on input line 3656.
[771]
LaTeX Info: Redefining \. on input line 3748.
LaTeX Info: Redefining \% on input line 3748.


Package fancyhdr Warning: \headheight is too small (12.0pt): 
(fancyhdr)                Make it at least 13.07225pt, for example:
(fancyhdr)                \setlength{\headheight}{13.07225pt}.
(fancyhdr)                You might also make \topmargin smaller to compensate:

(fancyhdr)                \addtolength{\topmargin}{-1.07225pt}.

LaTeX Info: Redefining \. on input line 3748.
LaTeX Info: Redefining \% on input line 3748.
[772]
Underfull \hbox (badness 10000) in paragraph at lines 3848--3851

 []

LaTeX Info: Redefining \. on input line 3867.
LaTeX Info: Redefining \% on input line 3867.

Package fancyhdr Warning: \headheight is too small (12.0pt): 
(fancyhdr)                Make it at least 13.07225pt, for example:
(fancyhdr)                \setlength{\headheight}{13.07225pt}.
(fancyhdr)                You might also make \topmargin smaller to compensate:

(fancyhdr)                \addtolength{\topmargin}{-1.07225pt}.

LaTeX Info: Redefining \. on input line 3867.
LaTeX Info: Redefining \% on input line 3867.
[773]
Underfull \hbox (badness 10000) in paragraph at lines 3886--3894

 []


Underfull \hbox (badness 10000) in paragraph at lines 3895--3898

 []


Underfull \hbox (badness 10000) in paragraph at lines 3904--3908

 []

LaTeX Info: Redefining \. on input line 3963.
LaTeX Info: Redefining \% on input line 3963.

Package fancyhdr Warning: \headheight is too small (12.0pt): 
(fancyhdr)                Make it at least 13.07225pt, for example:
(fancyhdr)                \setlength{\headheight}{13.07225pt}.
(fancyhdr)                You might also make \topmargin smaller to compensate:

(fancyhdr)                \addtolength{\topmargin}{-1.07225pt}.

LaTeX Info: Redefining \. on input line 3963.
LaTeX Info: Redefining \% on input line 3963.
[774]
Underfull \hbox (badness 10000) in paragraph at lines 3981--3984

 []


Overfull \hbox (10.25879pt too wide) in paragraph at lines 4038--4041
[][]\OT1/cmr/m/it/9 Sea $\OML/cmm/m/it/9 B$ \OT1/cmr/m/it/9 con-jun-to pe-que~n
o ce-rra-do, su-pon-ga-mos que $\OML/cmm/m/it/9 P[] [] \OMS/cmsy/m/n/9 ^^Q
 []

LaTeX Info: Redefining \. on input line 4059.
LaTeX Info: Redefining \% on input line 4059.

Package fancyhdr Warning: \headheight is too small (12.0pt): 
(fancyhdr)                Make it at least 13.07225pt, for example:
(fancyhdr)                \setlength{\headheight}{13.07225pt}.
(fancyhdr)                You might also make \topmargin smaller to compensate:

(fancyhdr)                \addtolength{\topmargin}{-1.07225pt}.

LaTeX Info: Redefining \. on input line 4059.
LaTeX Info: Redefining \% on input line 4059.
[775]

LaTeX Warning: Citation `MeynTweedie' on page 776 undefined on input line 4066.



Underfull \hbox (badness 10000) in paragraph at lines 4079--4086

 []


Underfull \hbox (badness 10000) in paragraph at lines 4093--4099

 []


Underfull \hbox (badness 10000) in paragraph at lines 4104--4106

 []


Underfull \hbox (badness 10000) in paragraph at lines 4113--4115

 []


Overfull \hbox (2.02307pt too wide) in paragraph at lines 4129--4140
\OT1/cmr/m/it/9 quier l^^S^^Pmi-te $[]$ en ([]35.2.347[]) es un \OT1/cmr/m/n/9 
flu-jo l^^S^^Pmi-te \OT1/cmr/m/it/9 de la dis-ci-pli-na. Cual-quier so-lu-ci^^S
on ([]35.2.348[])-
 []

LaTeX Info: Redefining \. on input line 4152.
LaTeX Info: Redefining \% on input line 4152.

Package fancyhdr Warning: \headheight is too small (12.0pt): 
(fancyhdr)                Make it at least 13.07225pt, for example:
(fancyhdr)                \setlength{\headheight}{13.07225pt}.
(fancyhdr)                You might also make \topmargin smaller to compensate:

(fancyhdr)                \addtolength{\topmargin}{-1.07225pt}.

LaTeX Info: Redefining \. on input line 4152.
LaTeX Info: Redefining \% on input line 4152.
[776]
LaTeX Info: Redefining \. on input line 4264.
LaTeX Info: Redefining \% on input line 4264.


Package fancyhdr Warning: \headheight is too small (12.0pt): 
(fancyhdr)                Make it at least 13.07225pt, for example:
(fancyhdr)                \setlength{\headheight}{13.07225pt}.
(fancyhdr)                You might also make \topmargin smaller to compensate:

(fancyhdr)                \addtolength{\topmargin}{-1.07225pt}.

LaTeX Info: Redefining \. on input line 4264.
LaTeX Info: Redefining \% on input line 4264.
[777]
LaTeX Info: Redefining \. on input line 4369.
LaTeX Info: Redefining \% on input line 4369.


Package fancyhdr Warning: \headheight is too small (12.0pt): 
(fancyhdr)                Make it at least 13.07225pt, for example:
(fancyhdr)                \setlength{\headheight}{13.07225pt}.
(fancyhdr)                You might also make \topmargin smaller to compensate:

(fancyhdr)                \addtolength{\topmargin}{-1.07225pt}.

LaTeX Info: Redefining \. on input line 4369.
LaTeX Info: Redefining \% on input line 4369.
[778]
LaTeX Info: Redefining \. on input line 4499.
LaTeX Info: Redefining \% on input line 4499.


Package fancyhdr Warning: \headheight is too small (12.0pt): 
(fancyhdr)                Make it at least 13.07225pt, for example:
(fancyhdr)                \setlength{\headheight}{13.07225pt}.
(fancyhdr)                You might also make \topmargin smaller to compensate:

(fancyhdr)                \addtolength{\topmargin}{-1.07225pt}.

LaTeX Info: Redefining \. on input line 4499.
LaTeX Info: Redefining \% on input line 4499.
[779]
LaTeX Info: Redefining \. on input line 4601.
LaTeX Info: Redefining \% on input line 4601.


Package fancyhdr Warning: \headheight is too small (12.0pt): 
(fancyhdr)                Make it at least 13.07225pt, for example:
(fancyhdr)                \setlength{\headheight}{13.07225pt}.
(fancyhdr)                You might also make \topmargin smaller to compensate:

(fancyhdr)                \addtolength{\topmargin}{-1.07225pt}.

LaTeX Info: Redefining \. on input line 4601.
LaTeX Info: Redefining \% on input line 4601.
[780]
Underfull \hbox (badness 10000) in paragraph at lines 4611--4621

 []


Underfull \hbox (badness 10000) in paragraph at lines 4622--4624

 []


Underfull \hbox (badness 10000) in paragraph at lines 4641--4643

 []

LaTeX Info: Redefining \. on input line 4687.
LaTeX Info: Redefining \% on input line 4687.

Package fancyhdr Warning: \headheight is too small (12.0pt): 
(fancyhdr)                Make it at least 13.07225pt, for example:
(fancyhdr)                \setlength{\headheight}{13.07225pt}.
(fancyhdr)                You might also make \topmargin smaller to compensate:

(fancyhdr)                \addtolength{\topmargin}{-1.07225pt}.

LaTeX Info: Redefining \. on input line 4687.
LaTeX Info: Redefining \% on input line 4687.
[781]
LaTeX Info: Redefining \. on input line 4776.
LaTeX Info: Redefining \% on input line 4776.


Package fancyhdr Warning: \headheight is too small (12.0pt): 
(fancyhdr)                Make it at least 13.07225pt, for example:
(fancyhdr)                \setlength{\headheight}{13.07225pt}.
(fancyhdr)                You might also make \topmargin smaller to compensate:

(fancyhdr)                \addtolength{\topmargin}{-1.07225pt}.

LaTeX Info: Redefining \. on input line 4776.
LaTeX Info: Redefining \% on input line 4776.
[782]
Overfull \hbox (24.5653pt too wide) in paragraph at lines 4803--4805
[][]\OT1/cmr/m/it/9 Sea $\OT1/cmr/m/n/9 0 \OML/cmm/m/it/9 < ^^V < \U/msb/m/n/9 
E [] \OMS/cmsy/m/n/9 ^^T
 []

LaTeX Info: Redefining \. on input line 4876.
LaTeX Info: Redefining \% on input line 4876.

Package fancyhdr Warning: \headheight is too small (12.0pt): 
(fancyhdr)                Make it at least 13.07225pt, for example:
(fancyhdr)                \setlength{\headheight}{13.07225pt}.
(fancyhdr)                You might also make \topmargin smaller to compensate:

(fancyhdr)                \addtolength{\topmargin}{-1.07225pt}.

LaTeX Info: Redefining \. on input line 4876.
LaTeX Info: Redefining \% on input line 4876.
[783]
Overfull \hbox (12.66248pt too wide) in paragraph at lines 4900--4905
[][]\OT1/cmr/m/it/9 Sea $[]$ una su-ce-si^^Son in-de-pen-dien-te e id^^Senti-
 []


Overfull \hbox (1.95837pt too wide) in paragraph at lines 4918--4921
[][]\OT1/cmr/m/it/9 Suponga que los su-pues-tos A1) y A2) se cum-
 []

LaTeX Info: Redefining \. on input line 4977.
LaTeX Info: Redefining \% on input line 4977.

Package fancyhdr Warning: \headheight is too small (12.0pt): 
(fancyhdr)                Make it at least 13.07225pt, for example:
(fancyhdr)                \setlength{\headheight}{13.07225pt}.
(fancyhdr)                You might also make \topmargin smaller to compensate:

(fancyhdr)                \addtolength{\topmargin}{-1.07225pt}.

LaTeX Info: Redefining \. on input line 4977.
LaTeX Info: Redefining \% on input line 4977.
[784]

LaTeX Warning: Citation `RBA' on page 785 undefined on input line 5036.


LaTeX Warning: Citation `RBA' on page 785 undefined on input line 5049.

LaTeX Info: Redefining \. on input line 5112.
LaTeX Info: Redefining \% on input line 5112.

Package fancyhdr Warning: \headheight is too small (12.0pt): 
(fancyhdr)                Make it at least 13.07225pt, for example:
(fancyhdr)                \setlength{\headheight}{13.07225pt}.
(fancyhdr)                You might also make \topmargin smaller to compensate:

(fancyhdr)                \addtolength{\topmargin}{-1.07225pt}.

LaTeX Info: Redefining \. on input line 5112.
LaTeX Info: Redefining \% on input line 5112.
[785]
LaTeX Info: Redefining \. on input line 5214.
LaTeX Info: Redefining \% on input line 5214.


Package fancyhdr Warning: \headheight is too small (12.0pt): 
(fancyhdr)                Make it at least 13.07225pt, for example:
(fancyhdr)                \setlength{\headheight}{13.07225pt}.
(fancyhdr)                You might also make \topmargin smaller to compensate:

(fancyhdr)                \addtolength{\topmargin}{-1.07225pt}.

LaTeX Info: Redefining \. on input line 5214.
LaTeX Info: Redefining \% on input line 5214.
[786]
LaTeX Info: Redefining \. on input line 5310.
LaTeX Info: Redefining \% on input line 5310.


Package fancyhdr Warning: \headheight is too small (12.0pt): 
(fancyhdr)                Make it at least 13.07225pt, for example:
(fancyhdr)                \setlength{\headheight}{13.07225pt}.
(fancyhdr)                You might also make \topmargin smaller to compensate:

(fancyhdr)                \addtolength{\topmargin}{-1.07225pt}.

LaTeX Info: Redefining \. on input line 5310.
LaTeX Info: Redefining \% on input line 5310.
[787]
LaTeX Info: Redefining \. on input line 5416.
LaTeX Info: Redefining \% on input line 5416.


Package fancyhdr Warning: \headheight is too small (12.0pt): 
(fancyhdr)                Make it at least 13.07225pt, for example:
(fancyhdr)                \setlength{\headheight}{13.07225pt}.
(fancyhdr)                You might also make \topmargin smaller to compensate:

(fancyhdr)                \addtolength{\topmargin}{-1.07225pt}.

LaTeX Info: Redefining \. on input line 5416.
LaTeX Info: Redefining \% on input line 5416.
[788]
Underfull \hbox (badness 10000) in paragraph at lines 5439--5449

 []


Underfull \hbox (badness 10000) in paragraph at lines 5450--5452

 []


Underfull \hbox (badness 10000) in paragraph at lines 5469--5471

 []

LaTeX Info: Redefining \. on input line 5484.
LaTeX Info: Redefining \% on input line 5484.

Package fancyhdr Warning: \headheight is too small (12.0pt): 
(fancyhdr)                Make it at least 13.07225pt, for example:
(fancyhdr)                \setlength{\headheight}{13.07225pt}.
(fancyhdr)                You might also make \topmargin smaller to compensate:

(fancyhdr)                \addtolength{\topmargin}{-1.07225pt}.

LaTeX Info: Redefining \. on input line 5484.
LaTeX Info: Redefining \% on input line 5484.
[789]
LaTeX Info: Redefining \. on input line 5585.
LaTeX Info: Redefining \% on input line 5585.


Package fancyhdr Warning: \headheight is too small (12.0pt): 
(fancyhdr)                Make it at least 13.07225pt, for example:
(fancyhdr)                \setlength{\headheight}{13.07225pt}.
(fancyhdr)                You might also make \topmargin smaller to compensate:

(fancyhdr)                \addtolength{\topmargin}{-1.07225pt}.

LaTeX Info: Redefining \. on input line 5585.
LaTeX Info: Redefining \% on input line 5585.
[790]
Overfull \hbox (24.5653pt too wide) in paragraph at lines 5594--5596
[][]\OT1/cmr/m/it/9 Sea $\OT1/cmr/m/n/9 0 \OML/cmm/m/it/9 < ^^V < \U/msb/m/n/9 
E [] \OMS/cmsy/m/n/9 ^^T
 []

LaTeX Info: Redefining \. on input line 5682.
LaTeX Info: Redefining \% on input line 5682.

Package fancyhdr Warning: \headheight is too small (12.0pt): 
(fancyhdr)                Make it at least 13.07225pt, for example:
(fancyhdr)                \setlength{\headheight}{13.07225pt}.
(fancyhdr)                You might also make \topmargin smaller to compensate:

(fancyhdr)                \addtolength{\topmargin}{-1.07225pt}.

LaTeX Info: Redefining \. on input line 5682.
LaTeX Info: Redefining \% on input line 5682.
[791]
Overfull \hbox (20.52505pt too wide) in paragraph at lines 5711--5716
\OT1/cmr/m/it/9 id^^Senti-ca-men-te dis-tri-bui-da que to-ma va-lo-res en $[]$,
 y sea $\OML/cmm/m/it/9 E [] \OT1/cmr/m/n/9 = \OML/cmm/m/it/9 max []$\OT1/cmr/m
/it/9 .
 []


Overfull \hbox (1.95837pt too wide) in paragraph at lines 5729--5732
[][]\OT1/cmr/m/it/9 Suponga que los su-pues-tos A1) y A2) se cum-
 []

LaTeX Info: Redefining \. on input line 5790.
LaTeX Info: Redefining \% on input line 5790.

Package fancyhdr Warning: \headheight is too small (12.0pt): 
(fancyhdr)                Make it at least 13.07225pt, for example:
(fancyhdr)                \setlength{\headheight}{13.07225pt}.
(fancyhdr)                You might also make \topmargin smaller to compensate:

(fancyhdr)                \addtolength{\topmargin}{-1.07225pt}.

LaTeX Info: Redefining \. on input line 5790.
LaTeX Info: Redefining \% on input line 5790.
[792]

LaTeX Warning: Citation `RBA' on page 793 undefined on input line 5845.


LaTeX Warning: Citation `RBA' on page 793 undefined on input line 5858.

LaTeX Info: Redefining \. on input line 5922.
LaTeX Info: Redefining \% on input line 5922.

Package fancyhdr Warning: \headheight is too small (12.0pt): 
(fancyhdr)                Make it at least 13.07225pt, for example:
(fancyhdr)                \setlength{\headheight}{13.07225pt}.
(fancyhdr)                You might also make \topmargin smaller to compensate:

(fancyhdr)                \addtolength{\topmargin}{-1.07225pt}.

LaTeX Info: Redefining \. on input line 5922.
LaTeX Info: Redefining \% on input line 5922.
[793]
LaTeX Info: Redefining \. on input line 6032.
LaTeX Info: Redefining \% on input line 6032.


Package fancyhdr Warning: \headheight is too small (12.0pt): 
(fancyhdr)                Make it at least 13.07225pt, for example:
(fancyhdr)                \setlength{\headheight}{13.07225pt}.
(fancyhdr)                You might also make \topmargin smaller to compensate:

(fancyhdr)                \addtolength{\topmargin}{-1.07225pt}.

LaTeX Info: Redefining \. on input line 6032.
LaTeX Info: Redefining \% on input line 6032.
[794]
LaTeX Info: Redefining \. on input line 6119.
LaTeX Info: Redefining \% on input line 6119.


Package fancyhdr Warning: \headheight is too small (12.0pt): 
(fancyhdr)                Make it at least 13.07225pt, for example:
(fancyhdr)                \setlength{\headheight}{13.07225pt}.
(fancyhdr)                You might also make \topmargin smaller to compensate:

(fancyhdr)                \addtolength{\topmargin}{-1.07225pt}.

LaTeX Info: Redefining \. on input line 6119.
LaTeX Info: Redefining \% on input line 6119.
[795]
LaTeX Info: Redefining \. on input line 6200.
LaTeX Info: Redefining \% on input line 6200.


Package fancyhdr Warning: \headheight is too small (12.0pt): 
(fancyhdr)                Make it at least 13.07225pt, for example:
(fancyhdr)                \setlength{\headheight}{13.07225pt}.
(fancyhdr)                You might also make \topmargin smaller to compensate:

(fancyhdr)                \addtolength{\topmargin}{-1.07225pt}.

LaTeX Info: Redefining \. on input line 6200.
LaTeX Info: Redefining \% on input line 6200.
[796]
Underfull \hbox (badness 10000) in paragraph at lines 6210--6220

 []


Underfull \hbox (badness 10000) in paragraph at lines 6221--6223

 []


Underfull \hbox (badness 10000) in paragraph at lines 6240--6242

 []

LaTeX Info: Redefining \. on input line 6286.
LaTeX Info: Redefining \% on input line 6286.

Package fancyhdr Warning: \headheight is too small (12.0pt): 
(fancyhdr)                Make it at least 13.07225pt, for example:
(fancyhdr)                \setlength{\headheight}{13.07225pt}.
(fancyhdr)                You might also make \topmargin smaller to compensate:

(fancyhdr)                \addtolength{\topmargin}{-1.07225pt}.

LaTeX Info: Redefining \. on input line 6286.
LaTeX Info: Redefining \% on input line 6286.
[797]
LaTeX Info: Redefining \. on input line 6392.
LaTeX Info: Redefining \% on input line 6392.


Package fancyhdr Warning: \headheight is too small (12.0pt): 
(fancyhdr)                Make it at least 13.07225pt, for example:
(fancyhdr)                \setlength{\headheight}{13.07225pt}.
(fancyhdr)                You might also make \topmargin smaller to compensate:

(fancyhdr)                \addtolength{\topmargin}{-1.07225pt}.

LaTeX Info: Redefining \. on input line 6392.
LaTeX Info: Redefining \% on input line 6392.
[798]
Overfull \hbox (24.5653pt too wide) in paragraph at lines 6463--6465
[][]\OT1/cmr/m/it/9 Sea $\OT1/cmr/m/n/9 0 \OML/cmm/m/it/9 < ^^V < \U/msb/m/n/9 
E [] \OMS/cmsy/m/n/9 ^^T
 []

LaTeX Info: Redefining \. on input line 6483.
LaTeX Info: Redefining \% on input line 6483.

Package fancyhdr Warning: \headheight is too small (12.0pt): 
(fancyhdr)                Make it at least 13.07225pt, for example:
(fancyhdr)                \setlength{\headheight}{13.07225pt}.
(fancyhdr)                You might also make \topmargin smaller to compensate:

(fancyhdr)                \addtolength{\topmargin}{-1.07225pt}.

LaTeX Info: Redefining \. on input line 6483.
LaTeX Info: Redefining \% on input line 6483.
[799]
Overfull \hbox (20.52505pt too wide) in paragraph at lines 6557--6562
\OT1/cmr/m/it/9 id^^Senti-ca-men-te dis-tri-bui-da que to-ma va-lo-res en $[]$,
 y sea $\OML/cmm/m/it/9 E [] \OT1/cmr/m/n/9 = \OML/cmm/m/it/9 max []$\OT1/cmr/m
/it/9 .
 []

LaTeX Info: Redefining \. on input line 6571.
LaTeX Info: Redefining \% on input line 6571.

Package fancyhdr Warning: \headheight is too small (12.0pt): 
(fancyhdr)                Make it at least 13.07225pt, for example:
(fancyhdr)                \setlength{\headheight}{13.07225pt}.
(fancyhdr)                You might also make \topmargin smaller to compensate:

(fancyhdr)                \addtolength{\topmargin}{-1.07225pt}.

LaTeX Info: Redefining \. on input line 6571.
LaTeX Info: Redefining \% on input line 6571.
[800]
Overfull \hbox (1.95837pt too wide) in paragraph at lines 6575--6578
[][]\OT1/cmr/m/it/9 Suponga que los su-pues-tos A1) y A2) se cum-
 []

LaTeX Info: Redefining \. on input line 6680.
LaTeX Info: Redefining \% on input line 6680.

Package fancyhdr Warning: \headheight is too small (12.0pt): 
(fancyhdr)                Make it at least 13.07225pt, for example:
(fancyhdr)                \setlength{\headheight}{13.07225pt}.
(fancyhdr)                You might also make \topmargin smaller to compensate:

(fancyhdr)                \addtolength{\topmargin}{-1.07225pt}.

LaTeX Info: Redefining \. on input line 6680.
LaTeX Info: Redefining \% on input line 6680.
[801]
Underfull \hbox (badness 10000) in paragraph at lines 6680--6682

 []


Underfull \hbox (badness 10000) in paragraph at lines 6722--6726

 []


Underfull \hbox (badness 10000) in paragraph at lines 6748--6753

 []

LaTeX Info: Redefining \. on input line 6767.
LaTeX Info: Redefining \% on input line 6767.

Package fancyhdr Warning: \headheight is too small (12.0pt): 
(fancyhdr)                Make it at least 13.07225pt, for example:
(fancyhdr)                \setlength{\headheight}{13.07225pt}.
(fancyhdr)                You might also make \topmargin smaller to compensate:

(fancyhdr)                \addtolength{\topmargin}{-1.07225pt}.

LaTeX Info: Redefining \. on input line 6767.
LaTeX Info: Redefining \% on input line 6767.
[802]
Underfull \hbox (badness 10000) in paragraph at lines 6804--6814

 []


Underfull \hbox (badness 10000) in paragraph at lines 6815--6817

 []


Underfull \hbox (badness 10000) in paragraph at lines 6834--6836

 []

LaTeX Info: Redefining \. on input line 6841.
LaTeX Info: Redefining \% on input line 6841.

Package fancyhdr Warning: \headheight is too small (12.0pt): 
(fancyhdr)                Make it at least 13.07225pt, for example:
(fancyhdr)                \setlength{\headheight}{13.07225pt}.
(fancyhdr)                You might also make \topmargin smaller to compensate:

(fancyhdr)                \addtolength{\topmargin}{-1.07225pt}.

LaTeX Info: Redefining \. on input line 6841.
LaTeX Info: Redefining \% on input line 6841.
[803]
LaTeX Info: Redefining \. on input line 6950.
LaTeX Info: Redefining \% on input line 6950.


Package fancyhdr Warning: \headheight is too small (12.0pt): 
(fancyhdr)                Make it at least 13.07225pt, for example:
(fancyhdr)                \setlength{\headheight}{13.07225pt}.
(fancyhdr)                You might also make \topmargin smaller to compensate:

(fancyhdr)                \addtolength{\topmargin}{-1.07225pt}.

LaTeX Info: Redefining \. on input line 6950.
LaTeX Info: Redefining \% on input line 6950.
[804]
LaTeX Info: Redefining \. on input line 7048.
LaTeX Info: Redefining \% on input line 7048.


Package fancyhdr Warning: \headheight is too small (12.0pt): 
(fancyhdr)                Make it at least 13.07225pt, for example:
(fancyhdr)                \setlength{\headheight}{13.07225pt}.
(fancyhdr)                You might also make \topmargin smaller to compensate:

(fancyhdr)                \addtolength{\topmargin}{-1.07225pt}.

LaTeX Info: Redefining \. on input line 7048.
LaTeX Info: Redefining \% on input line 7048.
[805]
Overfull \hbox (20.52505pt too wide) in paragraph at lines 7082--7087
\OT1/cmr/m/it/9 id^^Senti-ca-men-te dis-tri-bui-da que to-ma va-lo-res en $[]$,
 y sea $\OML/cmm/m/it/9 E [] \OT1/cmr/m/n/9 = \OML/cmm/m/it/9 max []$\OT1/cmr/m
/it/9 .
 []

LaTeX Info: Redefining \. on input line 7135.
LaTeX Info: Redefining \% on input line 7135.

Package fancyhdr Warning: \headheight is too small (12.0pt): 
(fancyhdr)                Make it at least 13.07225pt, for example:
(fancyhdr)                \setlength{\headheight}{13.07225pt}.
(fancyhdr)                You might also make \topmargin smaller to compensate:

(fancyhdr)                \addtolength{\topmargin}{-1.07225pt}.

LaTeX Info: Redefining \. on input line 7135.
LaTeX Info: Redefining \% on input line 7135.
[806]
LaTeX Info: Redefining \. on input line 7188.
LaTeX Info: Redefining \% on input line 7188.


Package fancyhdr Warning: \headheight is too small (12.0pt): 
(fancyhdr)                Make it at least 13.07225pt, for example:
(fancyhdr)                \setlength{\headheight}{13.07225pt}.
(fancyhdr)                You might also make \topmargin smaller to compensate:

(fancyhdr)                \addtolength{\topmargin}{-1.07225pt}.

LaTeX Info: Redefining \. on input line 7188.
LaTeX Info: Redefining \% on input line 7188.
[807]

LaTeX Warning: Citation `RBA' on page 808 undefined on input line 7237.


LaTeX Warning: Citation `RBA' on page 808 undefined on input line 7250.


LaTeX Warning: Reference `Equation.4.4' on page 808 undefined on input line 732
1.

LaTeX Info: Redefining \. on input line 7330.
LaTeX Info: Redefining \% on input line 7330.

Package fancyhdr Warning: \headheight is too small (12.0pt): 
(fancyhdr)                Make it at least 13.07225pt, for example:
(fancyhdr)                \setlength{\headheight}{13.07225pt}.
(fancyhdr)                You might also make \topmargin smaller to compensate:

(fancyhdr)                \addtolength{\topmargin}{-1.07225pt}.

LaTeX Info: Redefining \. on input line 7330.
LaTeX Info: Redefining \% on input line 7330.
[808]
LaTeX Info: Redefining \. on input line 7427.
LaTeX Info: Redefining \% on input line 7427.


Package fancyhdr Warning: \headheight is too small (12.0pt): 
(fancyhdr)                Make it at least 13.07225pt, for example:
(fancyhdr)                \setlength{\headheight}{13.07225pt}.
(fancyhdr)                You might also make \topmargin smaller to compensate:

(fancyhdr)                \addtolength{\topmargin}{-1.07225pt}.

LaTeX Info: Redefining \. on input line 7427.
LaTeX Info: Redefining \% on input line 7427.
[809]
Underfull \hbox (badness 10000) in paragraph at lines 7492--7496

 []

LaTeX Info: Redefining \. on input line 7513.
LaTeX Info: Redefining \% on input line 7513.

Package fancyhdr Warning: \headheight is too small (12.0pt): 
(fancyhdr)                Make it at least 13.07225pt, for example:
(fancyhdr)                \setlength{\headheight}{13.07225pt}.
(fancyhdr)                You might also make \topmargin smaller to compensate:

(fancyhdr)                \addtolength{\topmargin}{-1.07225pt}.

LaTeX Info: Redefining \. on input line 7513.
LaTeX Info: Redefining \% on input line 7513.
[810]
LaTeX Info: Redefining \. on input line 7621.
LaTeX Info: Redefining \% on input line 7621.


Package fancyhdr Warning: \headheight is too small (12.0pt): 
(fancyhdr)                Make it at least 13.07225pt, for example:
(fancyhdr)                \setlength{\headheight}{13.07225pt}.
(fancyhdr)                You might also make \topmargin smaller to compensate:

(fancyhdr)                \addtolength{\topmargin}{-1.07225pt}.

LaTeX Info: Redefining \. on input line 7621.
LaTeX Info: Redefining \% on input line 7621.
[811]
LaTeX Info: Redefining \. on input line 7748.
LaTeX Info: Redefining \% on input line 7748.


Package fancyhdr Warning: \headheight is too small (12.0pt): 
(fancyhdr)                Make it at least 13.07225pt, for example:
(fancyhdr)                \setlength{\headheight}{13.07225pt}.
(fancyhdr)                You might also make \topmargin smaller to compensate:

(fancyhdr)                \addtolength{\topmargin}{-1.07225pt}.

LaTeX Info: Redefining \. on input line 7748.
LaTeX Info: Redefining \% on input line 7748.
[812]

LaTeX Warning: Citation `RBA' on page 813 undefined on input line 7780.


LaTeX Warning: Citation `RBA' on page 813 undefined on input line 7793.

LaTeX Info: Redefining \. on input line 7881.
LaTeX Info: Redefining \% on input line 7881.

Package fancyhdr Warning: \headheight is too small (12.0pt): 
(fancyhdr)                Make it at least 13.07225pt, for example:
(fancyhdr)                \setlength{\headheight}{13.07225pt}.
(fancyhdr)                You might also make \topmargin smaller to compensate:

(fancyhdr)                \addtolength{\topmargin}{-1.07225pt}.

LaTeX Info: Redefining \. on input line 7881.
LaTeX Info: Redefining \% on input line 7881.
[813]
LaTeX Info: Redefining \. on input line 8005.
LaTeX Info: Redefining \% on input line 8005.


Package fancyhdr Warning: \headheight is too small (12.0pt): 
(fancyhdr)                Make it at least 13.07225pt, for example:
(fancyhdr)                \setlength{\headheight}{13.07225pt}.
(fancyhdr)                You might also make \topmargin smaller to compensate:

(fancyhdr)                \addtolength{\topmargin}{-1.07225pt}.

LaTeX Info: Redefining \. on input line 8005.
LaTeX Info: Redefining \% on input line 8005.
[814]
LaTeX Info: Redefining \. on input line 8064.
LaTeX Info: Redefining \% on input line 8064.


Package fancyhdr Warning: \headheight is too small (12.0pt): 
(fancyhdr)                Make it at least 13.07225pt, for example:
(fancyhdr)                \setlength{\headheight}{13.07225pt}.
(fancyhdr)                You might also make \topmargin smaller to compensate:

(fancyhdr)                \addtolength{\topmargin}{-1.07225pt}.

LaTeX Info: Redefining \. on input line 8064.
LaTeX Info: Redefining \% on input line 8064.
[815]
Underfull \hbox (badness 10000) in paragraph at lines 8144--8154

 []

LaTeX Info: Redefining \. on input line 8154.
LaTeX Info: Redefining \% on input line 8154.

Package fancyhdr Warning: \headheight is too small (12.0pt): 
(fancyhdr)                Make it at least 13.07225pt, for example:
(fancyhdr)                \setlength{\headheight}{13.07225pt}.
(fancyhdr)                You might also make \topmargin smaller to compensate:

(fancyhdr)                \addtolength{\topmargin}{-1.07225pt}.

LaTeX Info: Redefining \. on input line 8154.
LaTeX Info: Redefining \% on input line 8154.
[816]
Underfull \hbox (badness 10000) in paragraph at lines 8155--8157

 []


Underfull \hbox (badness 10000) in paragraph at lines 8174--8176

 []

LaTeX Info: Redefining \. on input line 8231.
LaTeX Info: Redefining \% on input line 8231.

Package fancyhdr Warning: \headheight is too small (12.0pt): 
(fancyhdr)                Make it at least 13.07225pt, for example:
(fancyhdr)                \setlength{\headheight}{13.07225pt}.
(fancyhdr)                You might also make \topmargin smaller to compensate:

(fancyhdr)                \addtolength{\topmargin}{-1.07225pt}.

LaTeX Info: Redefining \. on input line 8231.
LaTeX Info: Redefining \% on input line 8231.
[817]
LaTeX Info: Redefining \. on input line 8338.
LaTeX Info: Redefining \% on input line 8338.


Package fancyhdr Warning: \headheight is too small (12.0pt): 
(fancyhdr)                Make it at least 13.07225pt, for example:
(fancyhdr)                \setlength{\headheight}{13.07225pt}.
(fancyhdr)                You might also make \topmargin smaller to compensate:

(fancyhdr)                \addtolength{\topmargin}{-1.07225pt}.

LaTeX Info: Redefining \. on input line 8338.
LaTeX Info: Redefining \% on input line 8338.
[818]
LaTeX Info: Redefining \. on input line 8438.
LaTeX Info: Redefining \% on input line 8438.


Package fancyhdr Warning: \headheight is too small (12.0pt): 
(fancyhdr)                Make it at least 13.07225pt, for example:
(fancyhdr)                \setlength{\headheight}{13.07225pt}.
(fancyhdr)                You might also make \topmargin smaller to compensate:

(fancyhdr)                \addtolength{\topmargin}{-1.07225pt}.

LaTeX Info: Redefining \. on input line 8438.
LaTeX Info: Redefining \% on input line 8438.
[819]
Overfull \hbox (20.52505pt too wide) in paragraph at lines 8492--8497
\OT1/cmr/m/it/9 id^^Senti-ca-men-te dis-tri-bui-da que to-ma va-lo-res en $[]$,
 y sea $\OML/cmm/m/it/9 E [] \OT1/cmr/m/n/9 = \OML/cmm/m/it/9 max []$\OT1/cmr/m
/it/9 .
 []

LaTeX Info: Redefining \. on input line 8520.
LaTeX Info: Redefining \% on input line 8520.

Package fancyhdr Warning: \headheight is too small (12.0pt): 
(fancyhdr)                Make it at least 13.07225pt, for example:
(fancyhdr)                \setlength{\headheight}{13.07225pt}.
(fancyhdr)                You might also make \topmargin smaller to compensate:

(fancyhdr)                \addtolength{\topmargin}{-1.07225pt}.

LaTeX Info: Redefining \. on input line 8520.
LaTeX Info: Redefining \% on input line 8520.
[820]
Underfull \hbox (badness 10000) in paragraph at lines 8584--8590

 []


Underfull \hbox (badness 10000) in paragraph at lines 8591--8594

 []

LaTeX Info: Redefining \. on input line 8617.
LaTeX Info: Redefining \% on input line 8617.

Package fancyhdr Warning: \headheight is too small (12.0pt): 
(fancyhdr)                Make it at least 13.07225pt, for example:
(fancyhdr)                \setlength{\headheight}{13.07225pt}.
(fancyhdr)                You might also make \topmargin smaller to compensate:

(fancyhdr)                \addtolength{\topmargin}{-1.07225pt}.

LaTeX Info: Redefining \. on input line 8617.
LaTeX Info: Redefining \% on input line 8617.
[821]
Underfull \hbox (badness 10000) in paragraph at lines 8629--8645

 []


Overfull \hbox (11.73541pt too wide) in paragraph at lines 8667--8672
\OT1/cmr/m/n/9 nien-do. El pro-ce-so $\OML/cmm/m/it/9 X$ \OT1/cmr/m/n/9 evo-lu-
cio-na en el es-pa-cio de es-ta-dos: $\U/msb/m/n/9 X \OT1/cmr/m/n/9 = \U/msb/m/
n/9 Z[] \OMS/cmsy/m/n/9 ^^B \U/msb/m/n/9 R[] \OMS/cmsy/m/n/9 ^^B [][] ^^B
 []


Underfull \hbox (badness 10000) in paragraph at lines 8667--8672

 []


Underfull \hbox (badness 10000) in paragraph at lines 8719--8724

 []

LaTeX Info: Redefining \. on input line 8724.
LaTeX Info: Redefining \% on input line 8724.

Package fancyhdr Warning: \headheight is too small (12.0pt): 
(fancyhdr)                Make it at least 13.07225pt, for example:
(fancyhdr)                \setlength{\headheight}{13.07225pt}.
(fancyhdr)                You might also make \topmargin smaller to compensate:

(fancyhdr)                \addtolength{\topmargin}{-1.07225pt}.

LaTeX Info: Redefining \. on input line 8724.
LaTeX Info: Redefining \% on input line 8724.
[822]
Underfull \hbox (badness 10000) in paragraph at lines 8747--8749

 []


Overfull \hbox (13.80875pt too wide) in paragraph at lines 8804--8807
[][]\OT1/cmr/m/it/9 Sea $\OML/cmm/m/it/9 B$ \OT1/cmr/m/it/9 con-jun-to pe-que~n
o ce-rra-do, su-pon-ga-mos que $\OML/cmm/m/it/9 P[] [] \OMS/cmsy/m/n/9 ^^Q
 []

LaTeX Info: Redefining \. on input line 8826.
LaTeX Info: Redefining \% on input line 8826.

Package fancyhdr Warning: \headheight is too small (12.0pt): 
(fancyhdr)                Make it at least 13.07225pt, for example:
(fancyhdr)                \setlength{\headheight}{13.07225pt}.
(fancyhdr)                You might also make \topmargin smaller to compensate:

(fancyhdr)                \addtolength{\topmargin}{-1.07225pt}.

LaTeX Info: Redefining \. on input line 8826.
LaTeX Info: Redefining \% on input line 8826.
[823]
Underfull \hbox (badness 10000) in paragraph at lines 8851--8853

 []


Underfull \hbox (badness 10000) in paragraph at lines 8861--8869

 []


Underfull \hbox (badness 10000) in paragraph at lines 8874--8876

 []


Underfull \hbox (badness 10000) in paragraph at lines 8883--8885

 []

LaTeX Info: Redefining \. on input line 8918.
LaTeX Info: Redefining \% on input line 8918.

Package fancyhdr Warning: \headheight is too small (12.0pt): 
(fancyhdr)                Make it at least 13.07225pt, for example:
(fancyhdr)                \setlength{\headheight}{13.07225pt}.
(fancyhdr)                You might also make \topmargin smaller to compensate:

(fancyhdr)                \addtolength{\topmargin}{-1.07225pt}.

LaTeX Info: Redefining \. on input line 8918.
LaTeX Info: Redefining \% on input line 8918.
[824]
Overfull \hbox (11.53986pt too wide) in paragraph at lines 8942--8949
[][]\OT1/cmr/m/it/9 Si el mo-de-lo de flu-jo de-fi-ni-do por ([]35.2.348[])-([]
35.2.351[])
 []

LaTeX Info: Redefining \. on input line 9025.
LaTeX Info: Redefining \% on input line 9025.

Package fancyhdr Warning: \headheight is too small (12.0pt): 
(fancyhdr)                Make it at least 13.07225pt, for example:
(fancyhdr)                \setlength{\headheight}{13.07225pt}.
(fancyhdr)                You might also make \topmargin smaller to compensate:

(fancyhdr)                \addtolength{\topmargin}{-1.07225pt}.

LaTeX Info: Redefining \. on input line 9025.
LaTeX Info: Redefining \% on input line 9025.
[825]
LaTeX Info: Redefining \. on input line 9114.
LaTeX Info: Redefining \% on input line 9114.


Package fancyhdr Warning: \headheight is too small (12.0pt): 
(fancyhdr)                Make it at least 13.07225pt, for example:
(fancyhdr)                \setlength{\headheight}{13.07225pt}.
(fancyhdr)                You might also make \topmargin smaller to compensate:

(fancyhdr)                \addtolength{\topmargin}{-1.07225pt}.

LaTeX Info: Redefining \. on input line 9114.
LaTeX Info: Redefining \% on input line 9114.
[826]
Overfull \hbox (1.18367pt too wide) in paragraph at lines 9174--9177
[][]\OT1/cmr/m/it/9 Suponga que los su-pues-tos (A1) y (A2)
 []

LaTeX Info: Redefining \. on input line 9200.
LaTeX Info: Redefining \% on input line 9200.

Package fancyhdr Warning: \headheight is too small (12.0pt): 
(fancyhdr)                Make it at least 13.07225pt, for example:
(fancyhdr)                \setlength{\headheight}{13.07225pt}.
(fancyhdr)                You might also make \topmargin smaller to compensate:

(fancyhdr)                \addtolength{\topmargin}{-1.07225pt}.

LaTeX Info: Redefining \. on input line 9200.
LaTeX Info: Redefining \% on input line 9200.
[827]
Overfull \hbox (4.78777pt too wide) in paragraph at lines 9211--9214
[][]\OT1/cmr/m/it/9 Suponga que se cum-plen (A1) y (A2), adem^^Sas
 []

LaTeX Info: Redefining \. on input line 9302.
LaTeX Info: Redefining \% on input line 9302.

Package fancyhdr Warning: \headheight is too small (12.0pt): 
(fancyhdr)                Make it at least 13.07225pt, for example:
(fancyhdr)                \setlength{\headheight}{13.07225pt}.
(fancyhdr)                You might also make \topmargin smaller to compensate:

(fancyhdr)                \addtolength{\topmargin}{-1.07225pt}.

LaTeX Info: Redefining \. on input line 9302.
LaTeX Info: Redefining \% on input line 9302.
[828]
Underfull \hbox (badness 10000) in paragraph at lines 9313--9315

 []

LaTeX Info: Redefining \. on input line 9398.
LaTeX Info: Redefining \% on input line 9398.

Package fancyhdr Warning: \headheight is too small (12.0pt): 
(fancyhdr)                Make it at least 13.07225pt, for example:
(fancyhdr)                \setlength{\headheight}{13.07225pt}.
(fancyhdr)                You might also make \topmargin smaller to compensate:

(fancyhdr)                \addtolength{\topmargin}{-1.07225pt}.

LaTeX Info: Redefining \. on input line 9398.
LaTeX Info: Redefining \% on input line 9398.
[829]

LaTeX Warning: Citation `MaynDown' on page 830 undefined on input line 9488.

LaTeX Info: Redefining \. on input line 9509.
LaTeX Info: Redefining \% on input line 9509.

Package fancyhdr Warning: \headheight is too small (12.0pt): 
(fancyhdr)                Make it at least 13.07225pt, for example:
(fancyhdr)                \setlength{\headheight}{13.07225pt}.
(fancyhdr)                You might also make \topmargin smaller to compensate:

(fancyhdr)                \addtolength{\topmargin}{-1.07225pt}.

LaTeX Info: Redefining \. on input line 9509.
LaTeX Info: Redefining \% on input line 9509.
[830]
Overfull \hbox (6.83731pt too wide) in paragraph at lines 9528--9530
[][]\OT1/cmr/m/it/9 La de-mos-tra-ci^^Son de es-te re-sul-ta-do se da apli-can-
do los teo-re-mas []35.2.44[], []36.1.53[],
 []

LaTeX Info: Redefining \. on input line 9600.
LaTeX Info: Redefining \% on input line 9600.

Package fancyhdr Warning: \headheight is too small (12.0pt): 
(fancyhdr)                Make it at least 13.07225pt, for example:
(fancyhdr)                \setlength{\headheight}{13.07225pt}.
(fancyhdr)                You might also make \topmargin smaller to compensate:

(fancyhdr)                \addtolength{\topmargin}{-1.07225pt}.

LaTeX Info: Redefining \. on input line 9600.
LaTeX Info: Redefining \% on input line 9600.
[831]
Overfull \hbox (5.58934pt too wide) in paragraph at lines 9612--9617
\OT1/cmr/m/n/9 y se uti-li-za $\OML/cmm/m/it/9 E[]$ \OT1/cmr/m/n/9 pa-ra de-no-
tar el ope-ra-dor es-pe-ran-za co-rres-pon-dien-te, as, el pro-ce-so $\OML/cmm/
m/it/9 X \OT1/cmr/m/n/9 = []$
 []


LaTeX Warning: Citation `MeynTweedie' on page 832 undefined on input line 9627.


LaTeX Info: Redefining \. on input line 9684.
LaTeX Info: Redefining \% on input line 9684.

Package fancyhdr Warning: \headheight is too small (12.0pt): 
(fancyhdr)                Make it at least 13.07225pt, for example:
(fancyhdr)                \setlength{\headheight}{13.07225pt}.
(fancyhdr)                You might also make \topmargin smaller to compensate:

(fancyhdr)                \addtolength{\topmargin}{-1.07225pt}.

LaTeX Info: Redefining \. on input line 9684.
LaTeX Info: Redefining \% on input line 9684.
[832]
LaTeX Info: Redefining \. on input line 9780.
LaTeX Info: Redefining \% on input line 9780.


Package fancyhdr Warning: \headheight is too small (12.0pt): 
(fancyhdr)                Make it at least 13.07225pt, for example:
(fancyhdr)                \setlength{\headheight}{13.07225pt}.
(fancyhdr)                You might also make \topmargin smaller to compensate:

(fancyhdr)                \addtolength{\topmargin}{-1.07225pt}.

LaTeX Info: Redefining \. on input line 9780.
LaTeX Info: Redefining \% on input line 9780.
[833]
LaTeX Info: Redefining \. on input line 9863.
LaTeX Info: Redefining \% on input line 9863.


Package fancyhdr Warning: \headheight is too small (12.0pt): 
(fancyhdr)                Make it at least 13.07225pt, for example:
(fancyhdr)                \setlength{\headheight}{13.07225pt}.
(fancyhdr)                You might also make \topmargin smaller to compensate:

(fancyhdr)                \addtolength{\topmargin}{-1.07225pt}.

LaTeX Info: Redefining \. on input line 9863.
LaTeX Info: Redefining \% on input line 9863.
[834]
LaTeX Info: Redefining \. on input line 9950.
LaTeX Info: Redefining \% on input line 9950.


Package fancyhdr Warning: \headheight is too small (12.0pt): 
(fancyhdr)                Make it at least 13.07225pt, for example:
(fancyhdr)                \setlength{\headheight}{13.07225pt}.
(fancyhdr)                You might also make \topmargin smaller to compensate:

(fancyhdr)                \addtolength{\topmargin}{-1.07225pt}.

LaTeX Info: Redefining \. on input line 9950.
LaTeX Info: Redefining \% on input line 9950.
[835]
Underfull \hbox (badness 10000) in paragraph at lines 9977--9983

 []


Underfull \hbox (badness 10000) in paragraph at lines 9984--9987

 []


Underfull \hbox (badness 10000) in paragraph at lines 10023--10039

 []

LaTeX Info: Redefining \. on input line 10043.
LaTeX Info: Redefining \% on input line 10043.

Package fancyhdr Warning: \headheight is too small (12.0pt): 
(fancyhdr)                Make it at least 13.07225pt, for example:
(fancyhdr)                \setlength{\headheight}{13.07225pt}.
(fancyhdr)                You might also make \topmargin smaller to compensate:

(fancyhdr)                \addtolength{\topmargin}{-1.07225pt}.

LaTeX Info: Redefining \. on input line 10043.
LaTeX Info: Redefining \% on input line 10043.
[836]
Overfull \hbox (11.73541pt too wide) in paragraph at lines 10061--10066
\OT1/cmr/m/n/9 nien-do. El pro-ce-so $\OML/cmm/m/it/9 X$ \OT1/cmr/m/n/9 evo-lu-
cio-na en el es-pa-cio de es-ta-dos: $\U/msb/m/n/9 X \OT1/cmr/m/n/9 = \U/msb/m/
n/9 Z[] \OMS/cmsy/m/n/9 ^^B \U/msb/m/n/9 R[] \OMS/cmsy/m/n/9 ^^B [][] ^^B
 []


Underfull \hbox (badness 10000) in paragraph at lines 10061--10066

 []


Underfull \hbox (badness 10000) in paragraph at lines 10113--10118

 []

LaTeX Info: Redefining \. on input line 10141.
LaTeX Info: Redefining \% on input line 10141.

Package fancyhdr Warning: \headheight is too small (12.0pt): 
(fancyhdr)                Make it at least 13.07225pt, for example:
(fancyhdr)                \setlength{\headheight}{13.07225pt}.
(fancyhdr)                You might also make \topmargin smaller to compensate:

(fancyhdr)                \addtolength{\topmargin}{-1.07225pt}.

LaTeX Info: Redefining \. on input line 10141.
LaTeX Info: Redefining \% on input line 10141.
[837]
Underfull \hbox (badness 10000) in paragraph at lines 10141--10143

 []


Overfull \hbox (13.80875pt too wide) in paragraph at lines 10198--10201
[][]\OT1/cmr/m/it/9 Sea $\OML/cmm/m/it/9 B$ \OT1/cmr/m/it/9 con-jun-to pe-que~n
o ce-rra-do, su-pon-ga-mos que $\OML/cmm/m/it/9 P[] [] \OMS/cmsy/m/n/9 ^^Q
 []

LaTeX Info: Redefining \. on input line 10244.
LaTeX Info: Redefining \% on input line 10244.

Package fancyhdr Warning: \headheight is too small (12.0pt): 
(fancyhdr)                Make it at least 13.07225pt, for example:
(fancyhdr)                \setlength{\headheight}{13.07225pt}.
(fancyhdr)                You might also make \topmargin smaller to compensate:

(fancyhdr)                \addtolength{\topmargin}{-1.07225pt}.

LaTeX Info: Redefining \. on input line 10244.
LaTeX Info: Redefining \% on input line 10244.
[838]
Underfull \hbox (badness 10000) in paragraph at lines 10245--10247

 []


Underfull \hbox (badness 10000) in paragraph at lines 10255--10263

 []


Underfull \hbox (badness 10000) in paragraph at lines 10268--10270

 []


Underfull \hbox (badness 10000) in paragraph at lines 10277--10279

 []


Overfull \hbox (11.53986pt too wide) in paragraph at lines 10336--10343
[][]\OT1/cmr/m/it/9 Si el mo-de-lo de flu-jo de-fi-ni-do por ([]35.2.348[])-([]
35.2.351[])
 []

LaTeX Info: Redefining \. on input line 10343.
LaTeX Info: Redefining \% on input line 10343.

Package fancyhdr Warning: \headheight is too small (12.0pt): 
(fancyhdr)                Make it at least 13.07225pt, for example:
(fancyhdr)                \setlength{\headheight}{13.07225pt}.
(fancyhdr)                You might also make \topmargin smaller to compensate:

(fancyhdr)                \addtolength{\topmargin}{-1.07225pt}.

LaTeX Info: Redefining \. on input line 10343.
LaTeX Info: Redefining \% on input line 10343.
[839]
Underfull \hbox (badness 10000) in paragraph at lines 10413--10416

 []


Underfull \hbox (badness 10000) in paragraph at lines 10435--10442

 []


Underfull \hbox (badness 10000) in paragraph at lines 10454--10466

 []

LaTeX Info: Redefining \. on input line 10466.
LaTeX Info: Redefining \% on input line 10466.

Package fancyhdr Warning: \headheight is too small (12.0pt): 
(fancyhdr)                Make it at least 13.07225pt, for example:
(fancyhdr)                \setlength{\headheight}{13.07225pt}.
(fancyhdr)                You might also make \topmargin smaller to compensate:

(fancyhdr)                \addtolength{\topmargin}{-1.07225pt}.

LaTeX Info: Redefining \. on input line 10466.
LaTeX Info: Redefining \% on input line 10466.
[840]
Underfull \hbox (badness 10000) in paragraph at lines 10479--10484

 []


LaTeX Warning: Citation `Dai2' on page 841 undefined on input line 10489.


Underfull \hbox (badness 10000) in paragraph at lines 10485--10490

 []


Underfull \hbox (badness 10000) in paragraph at lines 10491--10497

 []


Underfull \hbox (badness 10000) in paragraph at lines 10503--10506

 []

LaTeX Info: Redefining \. on input line 10549.
LaTeX Info: Redefining \% on input line 10549.

Package fancyhdr Warning: \headheight is too small (12.0pt): 
(fancyhdr)                Make it at least 13.07225pt, for example:
(fancyhdr)                \setlength{\headheight}{13.07225pt}.
(fancyhdr)                You might also make \topmargin smaller to compensate:

(fancyhdr)                \addtolength{\topmargin}{-1.07225pt}.

LaTeX Info: Redefining \. on input line 10549.
LaTeX Info: Redefining \% on input line 10549.
[841]
Overfull \hbox (1.38362pt too wide) in paragraph at lines 10549--10554
\OT1/cmr/m/it/9 Se uti-li-za $\OML/cmm/m/it/9 E[]$ \OT1/cmr/m/it/9 pa-ra de-no-
tar el ope-ra-dor es-pe-ran-za co-rres-pon-dien-te, as^^S^^P, el pro-ce-so $\OM
L/cmm/m/it/9 X \OT1/cmr/m/n/9 = []$
 []


LaTeX Warning: Citation `MeynTweedie' on page 842 undefined on input line 10555
.


LaTeX Warning: Citation `MaynDown' on page 842 undefined on input line 10619.

LaTeX Info: Redefining \. on input line 10655.
LaTeX Info: Redefining \% on input line 10655.

Package fancyhdr Warning: \headheight is too small (12.0pt): 
(fancyhdr)                Make it at least 13.07225pt, for example:
(fancyhdr)                \setlength{\headheight}{13.07225pt}.
(fancyhdr)                You might also make \topmargin smaller to compensate:

(fancyhdr)                \addtolength{\topmargin}{-1.07225pt}.

LaTeX Info: Redefining \. on input line 10655.
LaTeX Info: Redefining \% on input line 10655.
[842]

LaTeX Warning: Citation `Dai2' on page 843 undefined on input line 10663.


LaTeX Warning: Citation `MaynDown' on page 843 undefined on input line 10688.

LaTeX Info: Redefining \. on input line 10759.
LaTeX Info: Redefining \% on input line 10759.

Package fancyhdr Warning: \headheight is too small (12.0pt): 
(fancyhdr)                Make it at least 13.07225pt, for example:
(fancyhdr)                \setlength{\headheight}{13.07225pt}.
(fancyhdr)                You might also make \topmargin smaller to compensate:

(fancyhdr)                \addtolength{\topmargin}{-1.07225pt}.

LaTeX Info: Redefining \. on input line 10759.
LaTeX Info: Redefining \% on input line 10759.
[843]
Underfull \hbox (badness 10000) in paragraph at lines 10777--10783

 []


Underfull \hbox (badness 10000) in paragraph at lines 10784--10787

 []


Underfull \hbox (badness 10000) in paragraph at lines 10822--10838

 []


Overfull \hbox (11.73541pt too wide) in paragraph at lines 10860--10865
\OT1/cmr/m/n/9 nien-do. El pro-ce-so $\OML/cmm/m/it/9 X$ \OT1/cmr/m/n/9 evo-lu-
cio-na en el es-pa-cio de es-ta-dos: $\U/msb/m/n/9 X \OT1/cmr/m/n/9 = \U/msb/m/
n/9 Z[] \OMS/cmsy/m/n/9 ^^B \U/msb/m/n/9 R[] \OMS/cmsy/m/n/9 ^^B [][] ^^B
 []


Underfull \hbox (badness 10000) in paragraph at lines 10860--10865

 []

LaTeX Info: Redefining \. on input line 10866.
LaTeX Info: Redefining \% on input line 10866.

Package fancyhdr Warning: \headheight is too small (12.0pt): 
(fancyhdr)                Make it at least 13.07225pt, for example:
(fancyhdr)                \setlength{\headheight}{13.07225pt}.
(fancyhdr)                You might also make \topmargin smaller to compensate:

(fancyhdr)                \addtolength{\topmargin}{-1.07225pt}.

LaTeX Info: Redefining \. on input line 10866.
LaTeX Info: Redefining \% on input line 10866.
[844]
Underfull \hbox (badness 10000) in paragraph at lines 10912--10917

 []


Underfull \hbox (badness 10000) in paragraph at lines 10940--10942

 []

LaTeX Info: Redefining \. on input line 10954.
LaTeX Info: Redefining \% on input line 10954.

Package fancyhdr Warning: \headheight is too small (12.0pt): 
(fancyhdr)                Make it at least 13.07225pt, for example:
(fancyhdr)                \setlength{\headheight}{13.07225pt}.
(fancyhdr)                You might also make \topmargin smaller to compensate:

(fancyhdr)                \addtolength{\topmargin}{-1.07225pt}.

LaTeX Info: Redefining \. on input line 10954.
LaTeX Info: Redefining \% on input line 10954.
[845]
Overfull \hbox (13.80875pt too wide) in paragraph at lines 10997--11000
[][]\OT1/cmr/m/it/9 Sea $\OML/cmm/m/it/9 B$ \OT1/cmr/m/it/9 con-jun-to pe-que~n
o ce-rra-do, su-pon-ga-mos que $\OML/cmm/m/it/9 P[] [] \OMS/cmsy/m/n/9 ^^Q
 []


Underfull \hbox (badness 10000) in paragraph at lines 11044--11046

 []


Underfull \hbox (badness 10000) in paragraph at lines 11054--11062

 []

LaTeX Info: Redefining \. on input line 11062.
LaTeX Info: Redefining \% on input line 11062.

Package fancyhdr Warning: \headheight is too small (12.0pt): 
(fancyhdr)                Make it at least 13.07225pt, for example:
(fancyhdr)                \setlength{\headheight}{13.07225pt}.
(fancyhdr)                You might also make \topmargin smaller to compensate:

(fancyhdr)                \addtolength{\topmargin}{-1.07225pt}.

LaTeX Info: Redefining \. on input line 11062.
LaTeX Info: Redefining \% on input line 11062.
[846]
Underfull \hbox (badness 10000) in paragraph at lines 11067--11069

 []


Underfull \hbox (badness 10000) in paragraph at lines 11076--11078

 []


Overfull \hbox (11.53986pt too wide) in paragraph at lines 11135--11142
[][]\OT1/cmr/m/it/9 Si el mo-de-lo de flu-jo de-fi-ni-do por ([]35.2.348[])-([]
35.2.351[])
 []

LaTeX Info: Redefining \. on input line 11157.
LaTeX Info: Redefining \% on input line 11157.

Package fancyhdr Warning: \headheight is too small (12.0pt): 
(fancyhdr)                Make it at least 13.07225pt, for example:
(fancyhdr)                \setlength{\headheight}{13.07225pt}.
(fancyhdr)                You might also make \topmargin smaller to compensate:

(fancyhdr)                \addtolength{\topmargin}{-1.07225pt}.

LaTeX Info: Redefining \. on input line 11157.
LaTeX Info: Redefining \% on input line 11157.
[847]
Underfull \hbox (badness 10000) in paragraph at lines 11212--11218

 []


Underfull \hbox (badness 10000) in paragraph at lines 11219--11222

 []


Underfull \hbox (badness 10000) in paragraph at lines 11257--11273

 []

LaTeX Info: Redefining \. on input line 11273.
LaTeX Info: Redefining \% on input line 11273.

Package fancyhdr Warning: \headheight is too small (12.0pt): 
(fancyhdr)                Make it at least 13.07225pt, for example:
(fancyhdr)                \setlength{\headheight}{13.07225pt}.
(fancyhdr)                You might also make \topmargin smaller to compensate:

(fancyhdr)                \addtolength{\topmargin}{-1.07225pt}.

LaTeX Info: Redefining \. on input line 11273.
LaTeX Info: Redefining \% on input line 11273.
[848]
Overfull \hbox (11.73541pt too wide) in paragraph at lines 11295--11300
\OT1/cmr/m/n/9 nien-do. El pro-ce-so $\OML/cmm/m/it/9 X$ \OT1/cmr/m/n/9 evo-lu-
cio-na en el es-pa-cio de es-ta-dos: $\U/msb/m/n/9 X \OT1/cmr/m/n/9 = \U/msb/m/
n/9 Z[] \OMS/cmsy/m/n/9 ^^B \U/msb/m/n/9 R[] \OMS/cmsy/m/n/9 ^^B [][] ^^B
 []


Underfull \hbox (badness 10000) in paragraph at lines 11295--11300

 []


Underfull \hbox (badness 10000) in paragraph at lines 11347--11352

 []

LaTeX Info: Redefining \. on input line 11368.
LaTeX Info: Redefining \% on input line 11368.

Package fancyhdr Warning: \headheight is too small (12.0pt): 
(fancyhdr)                Make it at least 13.07225pt, for example:
(fancyhdr)                \setlength{\headheight}{13.07225pt}.
(fancyhdr)                You might also make \topmargin smaller to compensate:

(fancyhdr)                \addtolength{\topmargin}{-1.07225pt}.

LaTeX Info: Redefining \. on input line 11368.
LaTeX Info: Redefining \% on input line 11368.
[849]
Underfull \hbox (badness 10000) in paragraph at lines 11375--11377

 []


Overfull \hbox (13.80875pt too wide) in paragraph at lines 11432--11435
[][]\OT1/cmr/m/it/9 Sea $\OML/cmm/m/it/9 B$ \OT1/cmr/m/it/9 con-jun-to pe-que~n
o ce-rra-do, su-pon-ga-mos que $\OML/cmm/m/it/9 P[] [] \OMS/cmsy/m/n/9 ^^Q
 []

LaTeX Info: Redefining \. on input line 11459.
LaTeX Info: Redefining \% on input line 11459.

Package fancyhdr Warning: \headheight is too small (12.0pt): 
(fancyhdr)                Make it at least 13.07225pt, for example:
(fancyhdr)                \setlength{\headheight}{13.07225pt}.
(fancyhdr)                You might also make \topmargin smaller to compensate:

(fancyhdr)                \addtolength{\topmargin}{-1.07225pt}.

LaTeX Info: Redefining \. on input line 11459.
LaTeX Info: Redefining \% on input line 11459.
[850]
Underfull \hbox (badness 10000) in paragraph at lines 11479--11481

 []


Underfull \hbox (badness 10000) in paragraph at lines 11489--11497

 []


Underfull \hbox (badness 10000) in paragraph at lines 11502--11504

 []


Underfull \hbox (badness 10000) in paragraph at lines 11511--11513

 []

LaTeX Info: Redefining \. on input line 11560.
LaTeX Info: Redefining \% on input line 11560.

Package fancyhdr Warning: \headheight is too small (12.0pt): 
(fancyhdr)                Make it at least 13.07225pt, for example:
(fancyhdr)                \setlength{\headheight}{13.07225pt}.
(fancyhdr)                You might also make \topmargin smaller to compensate:

(fancyhdr)                \addtolength{\topmargin}{-1.07225pt}.

LaTeX Info: Redefining \. on input line 11560.
LaTeX Info: Redefining \% on input line 11560.
[851]
Overfull \hbox (11.53986pt too wide) in paragraph at lines 11570--11577
[][]\OT1/cmr/m/it/9 Si el mo-de-lo de flu-jo de-fi-ni-do por ([]35.2.348[])-([]
35.2.351[])
 []

LaTeX Info: Redefining \. on input line 11665.
LaTeX Info: Redefining \% on input line 11665.

Package fancyhdr Warning: \headheight is too small (12.0pt): 
(fancyhdr)                Make it at least 13.07225pt, for example:
(fancyhdr)                \setlength{\headheight}{13.07225pt}.
(fancyhdr)                You might also make \topmargin smaller to compensate:

(fancyhdr)                \addtolength{\topmargin}{-1.07225pt}.

LaTeX Info: Redefining \. on input line 11665.
LaTeX Info: Redefining \% on input line 11665.
[852]
Underfull \hbox (badness 10000) in paragraph at lines 11690--11695

 []


Underfull \hbox (badness 10000) in paragraph at lines 11718--11720

 []

LaTeX Info: Redefining \. on input line 11753.
LaTeX Info: Redefining \% on input line 11753.

Package fancyhdr Warning: \headheight is too small (12.0pt): 
(fancyhdr)                Make it at least 13.07225pt, for example:
(fancyhdr)                \setlength{\headheight}{13.07225pt}.
(fancyhdr)                You might also make \topmargin smaller to compensate:

(fancyhdr)                \addtolength{\topmargin}{-1.07225pt}.

LaTeX Info: Redefining \. on input line 11753.
LaTeX Info: Redefining \% on input line 11753.
[853]
Overfull \hbox (13.80875pt too wide) in paragraph at lines 11775--11778
[][]\OT1/cmr/m/it/9 Sea $\OML/cmm/m/it/9 B$ \OT1/cmr/m/it/9 con-jun-to pe-que~n
o ce-rra-do, su-pon-ga-mos que $\OML/cmm/m/it/9 P[] [] \OMS/cmsy/m/n/9 ^^Q
 []


Underfull \hbox (badness 10000) in paragraph at lines 11822--11824

 []


Underfull \hbox (badness 10000) in paragraph at lines 11832--11840

 []

LaTeX Info: Redefining \. on input line 11845.
LaTeX Info: Redefining \% on input line 11845.

Package fancyhdr Warning: \headheight is too small (12.0pt): 
(fancyhdr)                Make it at least 13.07225pt, for example:
(fancyhdr)                \setlength{\headheight}{13.07225pt}.
(fancyhdr)                You might also make \topmargin smaller to compensate:

(fancyhdr)                \addtolength{\topmargin}{-1.07225pt}.

LaTeX Info: Redefining \. on input line 11845.
LaTeX Info: Redefining \% on input line 11845.
[854]
Underfull \hbox (badness 10000) in paragraph at lines 11845--11847

 []


Underfull \hbox (badness 10000) in paragraph at lines 11854--11856

 []


Overfull \hbox (11.53986pt too wide) in paragraph at lines 11913--11920
[][]\OT1/cmr/m/it/9 Si el mo-de-lo de flu-jo de-fi-ni-do por ([]35.2.348[])-([]
35.2.351[])
 []

LaTeX Info: Redefining \. on input line 11947.
LaTeX Info: Redefining \% on input line 11947.

Package fancyhdr Warning: \headheight is too small (12.0pt): 
(fancyhdr)                Make it at least 13.07225pt, for example:
(fancyhdr)                \setlength{\headheight}{13.07225pt}.
(fancyhdr)                You might also make \topmargin smaller to compensate:

(fancyhdr)                \addtolength{\topmargin}{-1.07225pt}.

LaTeX Info: Redefining \. on input line 11947.
LaTeX Info: Redefining \% on input line 11947.
[855]
Underfull \hbox (badness 10000) in paragraph at lines 11989--11995

 []


Underfull \hbox (badness 10000) in paragraph at lines 11996--11999

 []


Underfull \hbox (badness 10000) in paragraph at lines 12035--12051

 []

LaTeX Info: Redefining \. on input line 12051.
LaTeX Info: Redefining \% on input line 12051.

Package fancyhdr Warning: \headheight is too small (12.0pt): 
(fancyhdr)                Make it at least 13.07225pt, for example:
(fancyhdr)                \setlength{\headheight}{13.07225pt}.
(fancyhdr)                You might also make \topmargin smaller to compensate:

(fancyhdr)                \addtolength{\topmargin}{-1.07225pt}.

LaTeX Info: Redefining \. on input line 12051.
LaTeX Info: Redefining \% on input line 12051.
[856]
Overfull \hbox (11.73541pt too wide) in paragraph at lines 12073--12078
\OT1/cmr/m/n/9 nien-do. El pro-ce-so $\OML/cmm/m/it/9 X$ \OT1/cmr/m/n/9 evo-lu-
cio-na en el es-pa-cio de es-ta-dos: $\U/msb/m/n/9 X \OT1/cmr/m/n/9 = \U/msb/m/
n/9 Z[] \OMS/cmsy/m/n/9 ^^B \U/msb/m/n/9 R[] \OMS/cmsy/m/n/9 ^^B [][] ^^B
 []


Underfull \hbox (badness 10000) in paragraph at lines 12073--12078

 []


Underfull \hbox (badness 10000) in paragraph at lines 12125--12130

 []

LaTeX Info: Redefining \. on input line 12146.
LaTeX Info: Redefining \% on input line 12146.

Package fancyhdr Warning: \headheight is too small (12.0pt): 
(fancyhdr)                Make it at least 13.07225pt, for example:
(fancyhdr)                \setlength{\headheight}{13.07225pt}.
(fancyhdr)                You might also make \topmargin smaller to compensate:

(fancyhdr)                \addtolength{\topmargin}{-1.07225pt}.

LaTeX Info: Redefining \. on input line 12146.
LaTeX Info: Redefining \% on input line 12146.
[857]
Underfull \hbox (badness 10000) in paragraph at lines 12153--12155

 []


Overfull \hbox (13.80875pt too wide) in paragraph at lines 12210--12213
[][]\OT1/cmr/m/it/9 Sea $\OML/cmm/m/it/9 B$ \OT1/cmr/m/it/9 con-jun-to pe-que~n
o ce-rra-do, su-pon-ga-mos que $\OML/cmm/m/it/9 P[] [] \OMS/cmsy/m/n/9 ^^Q
 []

LaTeX Info: Redefining \. on input line 12250.
LaTeX Info: Redefining \% on input line 12250.

Package fancyhdr Warning: \headheight is too small (12.0pt): 
(fancyhdr)                Make it at least 13.07225pt, for example:
(fancyhdr)                \setlength{\headheight}{13.07225pt}.
(fancyhdr)                You might also make \topmargin smaller to compensate:

(fancyhdr)                \addtolength{\topmargin}{-1.07225pt}.

LaTeX Info: Redefining \. on input line 12250.
LaTeX Info: Redefining \% on input line 12250.
[858]
Underfull \hbox (badness 10000) in paragraph at lines 12257--12259

 []


Underfull \hbox (badness 10000) in paragraph at lines 12267--12275

 []


Underfull \hbox (badness 10000) in paragraph at lines 12280--12282

 []


Underfull \hbox (badness 10000) in paragraph at lines 12289--12291

 []


Overfull \hbox (11.53986pt too wide) in paragraph at lines 12348--12355
[][]\OT1/cmr/m/it/9 Si el mo-de-lo de flu-jo de-fi-ni-do por ([]35.2.348[])-([]
35.2.351[])
 []

LaTeX Info: Redefining \. on input line 12355.
LaTeX Info: Redefining \% on input line 12355.

Package fancyhdr Warning: \headheight is too small (12.0pt): 
(fancyhdr)                Make it at least 13.07225pt, for example:
(fancyhdr)                \setlength{\headheight}{13.07225pt}.
(fancyhdr)                You might also make \topmargin smaller to compensate:

(fancyhdr)                \addtolength{\topmargin}{-1.07225pt}.

LaTeX Info: Redefining \. on input line 12355.
LaTeX Info: Redefining \% on input line 12355.
[859])
LaTeX Info: Redefining \. on input line 228.
LaTeX Info: Redefining \% on input line 228.


Package fancyhdr Warning: \headheight is too small (12.0pt): 
(fancyhdr)                Make it at least 13.07225pt, for example:
(fancyhdr)                \setlength{\headheight}{13.07225pt}.
(fancyhdr)                You might also make \topmargin smaller to compensate:

(fancyhdr)                \addtolength{\topmargin}{-1.07225pt}.

LaTeX Info: Redefining \. on input line 228.
LaTeX Info: Redefining \% on input line 228.
[860]
Cap\'{\i }tulo 35.
(./SistemasVisita.tex
Underfull \hbox (badness 10000) in paragraph at lines 16--17

 []

[861

]

LaTeX Warning: Reference `Sistema.de.Visitas' on page 862 undefined on input li
ne 77.


Underfull \hbox (badness 10000) in paragraph at lines 77--78

 []

LaTeX Info: Redefining \. on input line 114.
LaTeX Info: Redefining \% on input line 114.

Package fancyhdr Warning: \headheight is too small (12.0pt): 
(fancyhdr)                Make it at least 13.07225pt, for example:
(fancyhdr)                \setlength{\headheight}{13.07225pt}.
(fancyhdr)                You might also make \topmargin smaller to compensate:

(fancyhdr)                \addtolength{\topmargin}{-1.07225pt}.

LaTeX Info: Redefining \. on input line 114.
LaTeX Info: Redefining \% on input line 114.
[862]

LaTeX Warning: Citation `Boxma2' on page 863 undefined on input line 131.

LaTeX Info: Redefining \. on input line 192.
LaTeX Info: Redefining \% on input line 192.

Package fancyhdr Warning: \headheight is too small (12.0pt): 
(fancyhdr)                Make it at least 13.07225pt, for example:
(fancyhdr)                \setlength{\headheight}{13.07225pt}.
(fancyhdr)                You might also make \topmargin smaller to compensate:

(fancyhdr)                \addtolength{\topmargin}{-1.07225pt}.

LaTeX Info: Redefining \. on input line 192.
LaTeX Info: Redefining \% on input line 192.
[863]
LaTeX Info: Redefining \. on input line 238.
LaTeX Info: Redefining \% on input line 238.


Package fancyhdr Warning: \headheight is too small (12.0pt): 
(fancyhdr)                Make it at least 13.07225pt, for example:
(fancyhdr)                \setlength{\headheight}{13.07225pt}.
(fancyhdr)                You might also make \topmargin smaller to compensate:

(fancyhdr)                \addtolength{\topmargin}{-1.07225pt}.

LaTeX Info: Redefining \. on input line 238.
LaTeX Info: Redefining \% on input line 238.
[864]
Underfull \hbox (badness 10000) in paragraph at lines 249--250

 []


Underfull \hbox (badness 10000) in paragraph at lines 251--253

 []


LaTeX Warning: Reference `GRafSistColasCiclicas' on page 865 undefined on input
 line 254.


Underfull \hbox (badness 10000) in paragraph at lines 254--255

 []


Overfull \hbox (13.82979pt too wide) in paragraph at lines 277--279
[][]\OT1/cmr/m/it/9 Sea $\OML/cmm/m/it/9 N$ \OT1/cmr/m/it/9 una va-ria-ble alea
-to-ria con va-lo-res en-te-ros no ne-ga-ti-vos fi-ni-ta tal que $\OML/cmm/m/it
/9 P [] \OT1/cmr/m/n/9 =
 []

LaTeX Info: Redefining \. on input line 279.
LaTeX Info: Redefining \% on input line 279.

Package fancyhdr Warning: \headheight is too small (12.0pt): 
(fancyhdr)                Make it at least 13.07225pt, for example:
(fancyhdr)                \setlength{\headheight}{13.07225pt}.
(fancyhdr)                You might also make \topmargin smaller to compensate:

(fancyhdr)                \addtolength{\topmargin}{-1.07225pt}.

LaTeX Info: Redefining \. on input line 279.
LaTeX Info: Redefining \% on input line 279.
[865]
LaTeX Info: Redefining \. on input line 334.
LaTeX Info: Redefining \% on input line 334.


Package fancyhdr Warning: \headheight is too small (12.0pt): 
(fancyhdr)                Make it at least 13.07225pt, for example:
(fancyhdr)                \setlength{\headheight}{13.07225pt}.
(fancyhdr)                You might also make \topmargin smaller to compensate:

(fancyhdr)                \addtolength{\topmargin}{-1.07225pt}.

LaTeX Info: Redefining \. on input line 334.
LaTeX Info: Redefining \% on input line 334.
[866]
LaTeX Info: Redefining \. on input line 397.
LaTeX Info: Redefining \% on input line 397.


Package fancyhdr Warning: \headheight is too small (12.0pt): 
(fancyhdr)                Make it at least 13.07225pt, for example:
(fancyhdr)                \setlength{\headheight}{13.07225pt}.
(fancyhdr)                You might also make \topmargin smaller to compensate:

(fancyhdr)                \addtolength{\topmargin}{-1.07225pt}.

LaTeX Info: Redefining \. on input line 397.
LaTeX Info: Redefining \% on input line 397.
[867]
LaTeX Info: Redefining \. on input line 472.
LaTeX Info: Redefining \% on input line 472.


Package fancyhdr Warning: \headheight is too small (12.0pt): 
(fancyhdr)                Make it at least 13.07225pt, for example:
(fancyhdr)                \setlength{\headheight}{13.07225pt}.
(fancyhdr)                You might also make \topmargin smaller to compensate:

(fancyhdr)                \addtolength{\topmargin}{-1.07225pt}.

LaTeX Info: Redefining \. on input line 472.
LaTeX Info: Redefining \% on input line 472.
[868]
LaTeX Info: Redefining \. on input line 539.
LaTeX Info: Redefining \% on input line 539.


Package fancyhdr Warning: \headheight is too small (12.0pt): 
(fancyhdr)                Make it at least 13.07225pt, for example:
(fancyhdr)                \setlength{\headheight}{13.07225pt}.
(fancyhdr)                You might also make \topmargin smaller to compensate:

(fancyhdr)                \addtolength{\topmargin}{-1.07225pt}.

LaTeX Info: Redefining \. on input line 539.
LaTeX Info: Redefining \% on input line 539.
[869]
LaTeX Info: Redefining \. on input line 608.
LaTeX Info: Redefining \% on input line 608.


Package fancyhdr Warning: \headheight is too small (12.0pt): 
(fancyhdr)                Make it at least 13.07225pt, for example:
(fancyhdr)                \setlength{\headheight}{13.07225pt}.
(fancyhdr)                You might also make \topmargin smaller to compensate:

(fancyhdr)                \addtolength{\topmargin}{-1.07225pt}.

LaTeX Info: Redefining \. on input line 608.
LaTeX Info: Redefining \% on input line 608.
[870]
LaTeX Info: Redefining \. on input line 650.
LaTeX Info: Redefining \% on input line 650.


Package fancyhdr Warning: \headheight is too small (12.0pt): 
(fancyhdr)                Make it at least 13.07225pt, for example:
(fancyhdr)                \setlength{\headheight}{13.07225pt}.
(fancyhdr)                You might also make \topmargin smaller to compensate:

(fancyhdr)                \addtolength{\topmargin}{-1.07225pt}.

LaTeX Info: Redefining \. on input line 650.
LaTeX Info: Redefining \% on input line 650.
[871]
LaTeX Info: Redefining \. on input line 691.
LaTeX Info: Redefining \% on input line 691.


Package fancyhdr Warning: \headheight is too small (12.0pt): 
(fancyhdr)                Make it at least 13.07225pt, for example:
(fancyhdr)                \setlength{\headheight}{13.07225pt}.
(fancyhdr)                You might also make \topmargin smaller to compensate:

(fancyhdr)                \addtolength{\topmargin}{-1.07225pt}.

LaTeX Info: Redefining \. on input line 691.
LaTeX Info: Redefining \% on input line 691.
[872]
LaTeX Info: Redefining \. on input line 760.
LaTeX Info: Redefining \% on input line 760.


Package fancyhdr Warning: \headheight is too small (12.0pt): 
(fancyhdr)                Make it at least 13.07225pt, for example:
(fancyhdr)                \setlength{\headheight}{13.07225pt}.
(fancyhdr)                You might also make \topmargin smaller to compensate:

(fancyhdr)                \addtolength{\topmargin}{-1.07225pt}.

LaTeX Info: Redefining \. on input line 760.
LaTeX Info: Redefining \% on input line 760.
[873]
LaTeX Info: Redefining \. on input line 794.
LaTeX Info: Redefining \% on input line 794.


Package fancyhdr Warning: \headheight is too small (12.0pt): 
(fancyhdr)                Make it at least 13.07225pt, for example:
(fancyhdr)                \setlength{\headheight}{13.07225pt}.
(fancyhdr)                You might also make \topmargin smaller to compensate:

(fancyhdr)                \addtolength{\topmargin}{-1.07225pt}.

LaTeX Info: Redefining \. on input line 794.
LaTeX Info: Redefining \% on input line 794.
[874]
Overfull \hbox (8.51103pt too wide) in alignment at lines 811--813
 [][][] []
 []

LaTeX Info: Redefining \. on input line 835.
LaTeX Info: Redefining \% on input line 835.

Package fancyhdr Warning: \headheight is too small (12.0pt): 
(fancyhdr)                Make it at least 13.07225pt, for example:
(fancyhdr)                \setlength{\headheight}{13.07225pt}.
(fancyhdr)                You might also make \topmargin smaller to compensate:

(fancyhdr)                \addtolength{\topmargin}{-1.07225pt}.

LaTeX Info: Redefining \. on input line 835.
LaTeX Info: Redefining \% on input line 835.
[875]
Overfull \hbox (5.13954pt too wide) in alignment at lines 837--841
 [][][] []
 []

LaTeX Info: Redefining \. on input line 891.
LaTeX Info: Redefining \% on input line 891.

Package fancyhdr Warning: \headheight is too small (12.0pt): 
(fancyhdr)                Make it at least 13.07225pt, for example:
(fancyhdr)                \setlength{\headheight}{13.07225pt}.
(fancyhdr)                You might also make \topmargin smaller to compensate:

(fancyhdr)                \addtolength{\topmargin}{-1.07225pt}.

LaTeX Info: Redefining \. on input line 891.
LaTeX Info: Redefining \% on input line 891.
[876]
LaTeX Info: Redefining \. on input line 930.
LaTeX Info: Redefining \% on input line 930.


Package fancyhdr Warning: \headheight is too small (12.0pt): 
(fancyhdr)                Make it at least 13.07225pt, for example:
(fancyhdr)                \setlength{\headheight}{13.07225pt}.
(fancyhdr)                You might also make \topmargin smaller to compensate:

(fancyhdr)                \addtolength{\topmargin}{-1.07225pt}.

LaTeX Info: Redefining \. on input line 930.
LaTeX Info: Redefining \% on input line 930.
[877]
Overfull \hbox (13.82979pt too wide) in paragraph at lines 941--943
[][]\OT1/cmr/m/it/9 Sea $\OML/cmm/m/it/9 N$ \OT1/cmr/m/it/9 una va-ria-ble alea
-to-ria con va-lo-res en-te-ros no ne-ga-ti-vos fi-ni-ta tal que $\OML/cmm/m/it
/9 P [] \OT1/cmr/m/n/9 =
 []

LaTeX Info: Redefining \. on input line 988.
LaTeX Info: Redefining \% on input line 988.

Package fancyhdr Warning: \headheight is too small (12.0pt): 
(fancyhdr)                Make it at least 13.07225pt, for example:
(fancyhdr)                \setlength{\headheight}{13.07225pt}.
(fancyhdr)                You might also make \topmargin smaller to compensate:

(fancyhdr)                \addtolength{\topmargin}{-1.07225pt}.

LaTeX Info: Redefining \. on input line 988.
LaTeX Info: Redefining \% on input line 988.
[878]
Underfull \hbox (badness 10000) in paragraph at lines 1046--1050

 []


Underfull \hbox (badness 10000) in paragraph at lines 1051--1052

 []

LaTeX Info: Redefining \. on input line 1052.
LaTeX Info: Redefining \% on input line 1052.

Package fancyhdr Warning: \headheight is too small (12.0pt): 
(fancyhdr)                Make it at least 13.07225pt, for example:
(fancyhdr)                \setlength{\headheight}{13.07225pt}.
(fancyhdr)                You might also make \topmargin smaller to compensate:

(fancyhdr)                \addtolength{\topmargin}{-1.07225pt}.

LaTeX Info: Redefining \. on input line 1052.
LaTeX Info: Redefining \% on input line 1052.
[879]

LaTeX Warning: Reference `Eq.7.5.1' on page 880 undefined on input line 1054.


LaTeX Warning: Reference `Eq.7.5.2' on page 880 undefined on input line 1055.


Underfull \hbox (badness 10000) in paragraph at lines 1053--1056

 []


LaTeX Warning: Reference `Eq.7.5.1' on page 880 undefined on input line 1064.


LaTeX Warning: Reference `Eq.7.5.4' on page 880 undefined on input line 1087.


Underfull \hbox (badness 10000) in paragraph at lines 1087--1088

 []


LaTeX Warning: Reference `Eq.7.5.4' on page 880 undefined on input line 1089.

)
LaTeX Info: Redefining \. on input line 231.
LaTeX Info: Redefining \% on input line 231.


Package fancyhdr Warning: \headheight is too small (12.0pt): 
(fancyhdr)                Make it at least 13.07225pt, for example:
(fancyhdr)                \setlength{\headheight}{13.07225pt}.
(fancyhdr)                You might also make \topmargin smaller to compensate:

(fancyhdr)                \addtolength{\topmargin}{-1.07225pt}.

LaTeX Info: Redefining \. on input line 231.
LaTeX Info: Redefining \% on input line 231.
[880]
Cap\'{\i }tulo 36.
(./TeoremaDown.tex
Underfull \hbox (badness 10000) in paragraph at lines 5--9

 []

[881

]
Overfull \hbox (6.32741pt too wide) in paragraph at lines 153--155
[][]\OT1/cmr/m/it/9 Sea $\OT1/cmr/m/n/9 0 \OML/cmm/m/it/9 < ^^V <
 []

LaTeX Info: Redefining \. on input line 161.
LaTeX Info: Redefining \% on input line 161.

Package fancyhdr Warning: \headheight is too small (12.0pt): 
(fancyhdr)                Make it at least 13.07225pt, for example:
(fancyhdr)                \setlength{\headheight}{13.07225pt}.
(fancyhdr)                You might also make \topmargin smaller to compensate:

(fancyhdr)                \addtolength{\topmargin}{-1.07225pt}.

LaTeX Info: Redefining \. on input line 161.
LaTeX Info: Redefining \% on input line 161.
[882]
LaTeX Info: Redefining \. on input line 255.
LaTeX Info: Redefining \% on input line 255.


Package fancyhdr Warning: \headheight is too small (12.0pt): 
(fancyhdr)                Make it at least 13.07225pt, for example:
(fancyhdr)                \setlength{\headheight}{13.07225pt}.
(fancyhdr)                You might also make \topmargin smaller to compensate:

(fancyhdr)                \addtolength{\topmargin}{-1.07225pt}.

LaTeX Info: Redefining \. on input line 255.
LaTeX Info: Redefining \% on input line 255.
[883]
Underfull \hbox (badness 10000) in paragraph at lines 307--309

 []

LaTeX Info: Redefining \. on input line 323.
LaTeX Info: Redefining \% on input line 323.

Package fancyhdr Warning: \headheight is too small (12.0pt): 
(fancyhdr)                Make it at least 13.07225pt, for example:
(fancyhdr)                \setlength{\headheight}{13.07225pt}.
(fancyhdr)                You might also make \topmargin smaller to compensate:

(fancyhdr)                \addtolength{\topmargin}{-1.07225pt}.

LaTeX Info: Redefining \. on input line 323.
LaTeX Info: Redefining \% on input line 323.
[884]
Underfull \hbox (badness 10000) in paragraph at lines 329--342

 []


LaTeX Warning: Reference `GrafExhaustiva10M' on page 885 undefined on input lin
e 402.

LaTeX Info: Redefining \. on input line 457.
LaTeX Info: Redefining \% on input line 457.

Package fancyhdr Warning: \headheight is too small (12.0pt): 
(fancyhdr)                Make it at least 13.07225pt, for example:
(fancyhdr)                \setlength{\headheight}{13.07225pt}.
(fancyhdr)                You might also make \topmargin smaller to compensate:

(fancyhdr)                \addtolength{\topmargin}{-1.07225pt}.

LaTeX Info: Redefining \. on input line 457.
LaTeX Info: Redefining \% on input line 457.
[885]

LaTeX Warning: Reference `GrafCerrada10M' on page 886 undefined on input line 4
59.


Underfull \hbox (badness 10000) in paragraph at lines 466--470

 []

LaTeX Info: Redefining \. on input line 501.
LaTeX Info: Redefining \% on input line 501.

Package fancyhdr Warning: \headheight is too small (12.0pt): 
(fancyhdr)                Make it at least 13.07225pt, for example:
(fancyhdr)                \setlength{\headheight}{13.07225pt}.
(fancyhdr)                You might also make \topmargin smaller to compensate:

(fancyhdr)                \addtolength{\topmargin}{-1.07225pt}.

LaTeX Info: Redefining \. on input line 501.
LaTeX Info: Redefining \% on input line 501.
[886]
LaTeX Info: Redefining \. on input line 596.
LaTeX Info: Redefining \% on input line 596.


Package fancyhdr Warning: \headheight is too small (12.0pt): 
(fancyhdr)                Make it at least 13.07225pt, for example:
(fancyhdr)                \setlength{\headheight}{13.07225pt}.
(fancyhdr)                You might also make \topmargin smaller to compensate:

(fancyhdr)                \addtolength{\topmargin}{-1.07225pt}.

LaTeX Info: Redefining \. on input line 596.
LaTeX Info: Redefining \% on input line 596.
[887]
Overfull \hbox (11.65234pt too wide) in paragraph at lines 614--616
[][]\OT1/cmr/m/it/9 Sea $\OT1/cmr/m/n/9 0 \OML/cmm/m/it/9 < ^^V <
 []

LaTeX Info: Redefining \. on input line 692.
LaTeX Info: Redefining \% on input line 692.

Package fancyhdr Warning: \headheight is too small (12.0pt): 
(fancyhdr)                Make it at least 13.07225pt, for example:
(fancyhdr)                \setlength{\headheight}{13.07225pt}.
(fancyhdr)                You might also make \topmargin smaller to compensate:

(fancyhdr)                \addtolength{\topmargin}{-1.07225pt}.

LaTeX Info: Redefining \. on input line 692.
LaTeX Info: Redefining \% on input line 692.
[888]
Overfull \hbox (1.95837pt too wide) in paragraph at lines 721--724
[][]\OT1/cmr/m/it/9 Suponga que los su-pues-tos A1) y A2) se cum-
 []


Underfull \hbox (badness 10000) in paragraph at lines 768--770

 []

LaTeX Info: Redefining \. on input line 784.
LaTeX Info: Redefining \% on input line 784.

Package fancyhdr Warning: \headheight is too small (12.0pt): 
(fancyhdr)                Make it at least 13.07225pt, for example:
(fancyhdr)                \setlength{\headheight}{13.07225pt}.
(fancyhdr)                You might also make \topmargin smaller to compensate:

(fancyhdr)                \addtolength{\topmargin}{-1.07225pt}.

LaTeX Info: Redefining \. on input line 784.
LaTeX Info: Redefining \% on input line 784.
[889]
Overfull \hbox (19.15472pt too wide) in paragraph at lines 809--821
[][]\OT1/cmr/m/it/9 Sea $\OML/cmm/m/it/9 N$ \OT1/cmr/m/it/9 una va-ria-ble alea
-to-ria con va-lo-res en-te-ros no ne-ga-ti-vos fi-ni-ta tal que $\OML/cmm/m/it
/9 P [] \OT1/cmr/m/n/9 =
 []

LaTeX Info: Redefining \. on input line 891.
LaTeX Info: Redefining \% on input line 891.

Package fancyhdr Warning: \headheight is too small (12.0pt): 
(fancyhdr)                Make it at least 13.07225pt, for example:
(fancyhdr)                \setlength{\headheight}{13.07225pt}.
(fancyhdr)                You might also make \topmargin smaller to compensate:

(fancyhdr)                \addtolength{\topmargin}{-1.07225pt}.

LaTeX Info: Redefining \. on input line 891.
LaTeX Info: Redefining \% on input line 891.
[890]
Underfull \hbox (badness 10000) in paragraph at lines 959--963

 []

LaTeX Info: Redefining \. on input line 979.
LaTeX Info: Redefining \% on input line 979.

Package fancyhdr Warning: \headheight is too small (12.0pt): 
(fancyhdr)                Make it at least 13.07225pt, for example:
(fancyhdr)                \setlength{\headheight}{13.07225pt}.
(fancyhdr)                You might also make \topmargin smaller to compensate:

(fancyhdr)                \addtolength{\topmargin}{-1.07225pt}.

LaTeX Info: Redefining \. on input line 979.
LaTeX Info: Redefining \% on input line 979.
[891]
LaTeX Info: Redefining \. on input line 1058.
LaTeX Info: Redefining \% on input line 1058.


Package fancyhdr Warning: \headheight is too small (12.0pt): 
(fancyhdr)                Make it at least 13.07225pt, for example:
(fancyhdr)                \setlength{\headheight}{13.07225pt}.
(fancyhdr)                You might also make \topmargin smaller to compensate:

(fancyhdr)                \addtolength{\topmargin}{-1.07225pt}.

LaTeX Info: Redefining \. on input line 1058.
LaTeX Info: Redefining \% on input line 1058.
[892]
Overfull \hbox (11.65234pt too wide) in paragraph at lines 1107--1109
[][]\OT1/cmr/m/it/9 Sea $\OT1/cmr/m/n/9 0 \OML/cmm/m/it/9 < ^^V <
 []


Overfull \hbox (1.18367pt too wide) in paragraph at lines 1122--1125
[][]\OT1/cmr/m/it/9 Suponga que los su-pues-tos (A1) y (A2)
 []

LaTeX Info: Redefining \. on input line 1148.
LaTeX Info: Redefining \% on input line 1148.

Package fancyhdr Warning: \headheight is too small (12.0pt): 
(fancyhdr)                Make it at least 13.07225pt, for example:
(fancyhdr)                \setlength{\headheight}{13.07225pt}.
(fancyhdr)                You might also make \topmargin smaller to compensate:

(fancyhdr)                \addtolength{\topmargin}{-1.07225pt}.

LaTeX Info: Redefining \. on input line 1148.
LaTeX Info: Redefining \% on input line 1148.
[893]
Overfull \hbox (1.95837pt too wide) in paragraph at lines 1214--1217
[][]\OT1/cmr/m/it/9 Suponga que los su-pues-tos A1) y A2) se cum-
 []

LaTeX Info: Redefining \. on input line 1250.
LaTeX Info: Redefining \% on input line 1250.

Package fancyhdr Warning: \headheight is too small (12.0pt): 
(fancyhdr)                Make it at least 13.07225pt, for example:
(fancyhdr)                \setlength{\headheight}{13.07225pt}.
(fancyhdr)                You might also make \topmargin smaller to compensate:

(fancyhdr)                \addtolength{\topmargin}{-1.07225pt}.

LaTeX Info: Redefining \. on input line 1250.
LaTeX Info: Redefining \% on input line 1250.
[894]
Underfull \hbox (badness 10000) in paragraph at lines 1261--1263

 []

LaTeX Info: Redefining \. on input line 1277.
LaTeX Info: Redefining \% on input line 1277.

Package fancyhdr Warning: \headheight is too small (12.0pt): 
(fancyhdr)                Make it at least 13.07225pt, for example:
(fancyhdr)                \setlength{\headheight}{13.07225pt}.
(fancyhdr)                You might also make \topmargin smaller to compensate:

(fancyhdr)                \addtolength{\topmargin}{-1.07225pt}.

LaTeX Info: Redefining \. on input line 1277.
LaTeX Info: Redefining \% on input line 1277.
[895]
Overfull \hbox (19.15472pt too wide) in paragraph at lines 1300--1312
[][]\OT1/cmr/m/it/9 Sea $\OML/cmm/m/it/9 N$ \OT1/cmr/m/it/9 una va-ria-ble alea
-to-ria con va-lo-res en-te-ros no ne-ga-ti-vos fi-ni-ta tal que $\OML/cmm/m/it
/9 P [] \OT1/cmr/m/n/9 =
 []

LaTeX Info: Redefining \. on input line 1382.
LaTeX Info: Redefining \% on input line 1382.

Package fancyhdr Warning: \headheight is too small (12.0pt): 
(fancyhdr)                Make it at least 13.07225pt, for example:
(fancyhdr)                \setlength{\headheight}{13.07225pt}.
(fancyhdr)                You might also make \topmargin smaller to compensate:

(fancyhdr)                \addtolength{\topmargin}{-1.07225pt}.

LaTeX Info: Redefining \. on input line 1382.
LaTeX Info: Redefining \% on input line 1382.
[896]
LaTeX Info: Redefining \. on input line 1470.
LaTeX Info: Redefining \% on input line 1470.


Package fancyhdr Warning: \headheight is too small (12.0pt): 
(fancyhdr)                Make it at least 13.07225pt, for example:
(fancyhdr)                \setlength{\headheight}{13.07225pt}.
(fancyhdr)                You might also make \topmargin smaller to compensate:

(fancyhdr)                \addtolength{\topmargin}{-1.07225pt}.

LaTeX Info: Redefining \. on input line 1470.
LaTeX Info: Redefining \% on input line 1470.
[897]

LaTeX Warning: Reference `A3' on page 898 undefined on input line 1530.

LaTeX Info: Redefining \. on input line 1570.
LaTeX Info: Redefining \% on input line 1570.

Package fancyhdr Warning: \headheight is too small (12.0pt): 
(fancyhdr)                Make it at least 13.07225pt, for example:
(fancyhdr)                \setlength{\headheight}{13.07225pt}.
(fancyhdr)                You might also make \topmargin smaller to compensate:

(fancyhdr)                \addtolength{\topmargin}{-1.07225pt}.

LaTeX Info: Redefining \. on input line 1570.
LaTeX Info: Redefining \% on input line 1570.
[898]

LaTeX Warning: Reference `A3' on page 899 undefined on input line 1583.


LaTeX Warning: Reference `Teorema.2.2' on page 899 undefined on input line 1639
.


LaTeX Warning: Reference `Teorema.2.2' on page 899 undefined on input line 1655
.

LaTeX Info: Redefining \. on input line 1677.
LaTeX Info: Redefining \% on input line 1677.

Package fancyhdr Warning: \headheight is too small (12.0pt): 
(fancyhdr)                Make it at least 13.07225pt, for example:
(fancyhdr)                \setlength{\headheight}{13.07225pt}.
(fancyhdr)                You might also make \topmargin smaller to compensate:

(fancyhdr)                \addtolength{\topmargin}{-1.07225pt}.

LaTeX Info: Redefining \. on input line 1677.
LaTeX Info: Redefining \% on input line 1677.
[899]
LaTeX Info: Redefining \. on input line 1771.
LaTeX Info: Redefining \% on input line 1771.


Package fancyhdr Warning: \headheight is too small (12.0pt): 
(fancyhdr)                Make it at least 13.07225pt, for example:
(fancyhdr)                \setlength{\headheight}{13.07225pt}.
(fancyhdr)                You might also make \topmargin smaller to compensate:

(fancyhdr)                \addtolength{\topmargin}{-1.07225pt}.

LaTeX Info: Redefining \. on input line 1771.
LaTeX Info: Redefining \% on input line 1771.
[900]
LaTeX Info: Redefining \. on input line 1878.
LaTeX Info: Redefining \% on input line 1878.


Package fancyhdr Warning: \headheight is too small (12.0pt): 
(fancyhdr)                Make it at least 13.07225pt, for example:
(fancyhdr)                \setlength{\headheight}{13.07225pt}.
(fancyhdr)                You might also make \topmargin smaller to compensate:

(fancyhdr)                \addtolength{\topmargin}{-1.07225pt}.

LaTeX Info: Redefining \. on input line 1878.
LaTeX Info: Redefining \% on input line 1878.
[901]
LaTeX Info: Redefining \. on input line 1940.
LaTeX Info: Redefining \% on input line 1940.


Package fancyhdr Warning: \headheight is too small (12.0pt): 
(fancyhdr)                Make it at least 13.07225pt, for example:
(fancyhdr)                \setlength{\headheight}{13.07225pt}.
(fancyhdr)                You might also make \topmargin smaller to compensate:

(fancyhdr)                \addtolength{\topmargin}{-1.07225pt}.

LaTeX Info: Redefining \. on input line 1940.
LaTeX Info: Redefining \% on input line 1940.
[902]
LaTeX Info: Redefining \. on input line 2011.
LaTeX Info: Redefining \% on input line 2011.


Package fancyhdr Warning: \headheight is too small (12.0pt): 
(fancyhdr)                Make it at least 13.07225pt, for example:
(fancyhdr)                \setlength{\headheight}{13.07225pt}.
(fancyhdr)                You might also make \topmargin smaller to compensate:

(fancyhdr)                \addtolength{\topmargin}{-1.07225pt}.

LaTeX Info: Redefining \. on input line 2011.
LaTeX Info: Redefining \% on input line 2011.
[903]
LaTeX Info: Redefining \. on input line 2066.
LaTeX Info: Redefining \% on input line 2066.


Package fancyhdr Warning: \headheight is too small (12.0pt): 
(fancyhdr)                Make it at least 13.07225pt, for example:
(fancyhdr)                \setlength{\headheight}{13.07225pt}.
(fancyhdr)                You might also make \topmargin smaller to compensate:

(fancyhdr)                \addtolength{\topmargin}{-1.07225pt}.

LaTeX Info: Redefining \. on input line 2066.
LaTeX Info: Redefining \% on input line 2066.
[904]
LaTeX Info: Redefining \. on input line 2155.
LaTeX Info: Redefining \% on input line 2155.


Package fancyhdr Warning: \headheight is too small (12.0pt): 
(fancyhdr)                Make it at least 13.07225pt, for example:
(fancyhdr)                \setlength{\headheight}{13.07225pt}.
(fancyhdr)                You might also make \topmargin smaller to compensate:

(fancyhdr)                \addtolength{\topmargin}{-1.07225pt}.

LaTeX Info: Redefining \. on input line 2155.
LaTeX Info: Redefining \% on input line 2155.
[905]
LaTeX Info: Redefining \. on input line 2239.
LaTeX Info: Redefining \% on input line 2239.


Package fancyhdr Warning: \headheight is too small (12.0pt): 
(fancyhdr)                Make it at least 13.07225pt, for example:
(fancyhdr)                \setlength{\headheight}{13.07225pt}.
(fancyhdr)                You might also make \topmargin smaller to compensate:

(fancyhdr)                \addtolength{\topmargin}{-1.07225pt}.

LaTeX Info: Redefining \. on input line 2239.
LaTeX Info: Redefining \% on input line 2239.
[906]
LaTeX Info: Redefining \. on input line 2339.
LaTeX Info: Redefining \% on input line 2339.


Package fancyhdr Warning: \headheight is too small (12.0pt): 
(fancyhdr)                Make it at least 13.07225pt, for example:
(fancyhdr)                \setlength{\headheight}{13.07225pt}.
(fancyhdr)                You might also make \topmargin smaller to compensate:

(fancyhdr)                \addtolength{\topmargin}{-1.07225pt}.

LaTeX Info: Redefining \. on input line 2339.
LaTeX Info: Redefining \% on input line 2339.
[907]
Underfull \hbox (badness 10000) in paragraph at lines 2378--2382

 []

LaTeX Info: Redefining \. on input line 2408.
LaTeX Info: Redefining \% on input line 2408.

Package fancyhdr Warning: \headheight is too small (12.0pt): 
(fancyhdr)                Make it at least 13.07225pt, for example:
(fancyhdr)                \setlength{\headheight}{13.07225pt}.
(fancyhdr)                You might also make \topmargin smaller to compensate:

(fancyhdr)                \addtolength{\topmargin}{-1.07225pt}.

LaTeX Info: Redefining \. on input line 2408.
LaTeX Info: Redefining \% on input line 2408.
[908]
LaTeX Info: Redefining \. on input line 2498.
LaTeX Info: Redefining \% on input line 2498.


Package fancyhdr Warning: \headheight is too small (12.0pt): 
(fancyhdr)                Make it at least 13.07225pt, for example:
(fancyhdr)                \setlength{\headheight}{13.07225pt}.
(fancyhdr)                You might also make \topmargin smaller to compensate:

(fancyhdr)                \addtolength{\topmargin}{-1.07225pt}.

LaTeX Info: Redefining \. on input line 2498.
LaTeX Info: Redefining \% on input line 2498.
[909]
Overfull \hbox (11.65234pt too wide) in paragraph at lines 2526--2528
[][]\OT1/cmr/m/it/9 Sea $\OT1/cmr/m/n/9 0 \OML/cmm/m/it/9 < ^^V <
 []


Overfull \hbox (1.18367pt too wide) in paragraph at lines 2541--2544
[][]\OT1/cmr/m/it/9 Suponga que los su-pues-tos (A1) y (A2)
 []

LaTeX Info: Redefining \. on input line 2599.
LaTeX Info: Redefining \% on input line 2599.

Package fancyhdr Warning: \headheight is too small (12.0pt): 
(fancyhdr)                Make it at least 13.07225pt, for example:
(fancyhdr)                \setlength{\headheight}{13.07225pt}.
(fancyhdr)                You might also make \topmargin smaller to compensate:

(fancyhdr)                \addtolength{\topmargin}{-1.07225pt}.

LaTeX Info: Redefining \. on input line 2599.
LaTeX Info: Redefining \% on input line 2599.
[910]
Overfull \hbox (1.95837pt too wide) in paragraph at lines 2633--2636
[][]\OT1/cmr/m/it/9 Suponga que los su-pues-tos A1) y A2) se cum-
 []


Underfull \hbox (badness 10000) in paragraph at lines 2680--2682

 []


Underfull \hbox (badness 10000) in paragraph at lines 2707--2711

 []

LaTeX Info: Redefining \. on input line 2721.
LaTeX Info: Redefining \% on input line 2721.

Package fancyhdr Warning: \headheight is too small (12.0pt): 
(fancyhdr)                Make it at least 13.07225pt, for example:
(fancyhdr)                \setlength{\headheight}{13.07225pt}.
(fancyhdr)                You might also make \topmargin smaller to compensate:

(fancyhdr)                \addtolength{\topmargin}{-1.07225pt}.

LaTeX Info: Redefining \. on input line 2721.
LaTeX Info: Redefining \% on input line 2721.
[911]
LaTeX Info: Redefining \. on input line 2803.
LaTeX Info: Redefining \% on input line 2803.


Package fancyhdr Warning: \headheight is too small (12.0pt): 
(fancyhdr)                Make it at least 13.07225pt, for example:
(fancyhdr)                \setlength{\headheight}{13.07225pt}.
(fancyhdr)                You might also make \topmargin smaller to compensate:

(fancyhdr)                \addtolength{\topmargin}{-1.07225pt}.

LaTeX Info: Redefining \. on input line 2803.
LaTeX Info: Redefining \% on input line 2803.
[912]
Overfull \hbox (11.65234pt too wide) in paragraph at lines 2855--2857
[][]\OT1/cmr/m/it/9 Sea $\OT1/cmr/m/n/9 0 \OML/cmm/m/it/9 < ^^V <
 []


Overfull \hbox (1.18367pt too wide) in paragraph at lines 2870--2873
[][]\OT1/cmr/m/it/9 Suponga que los su-pues-tos (A1) y (A2)
 []

LaTeX Info: Redefining \. on input line 2889.
LaTeX Info: Redefining \% on input line 2889.

Package fancyhdr Warning: \headheight is too small (12.0pt): 
(fancyhdr)                Make it at least 13.07225pt, for example:
(fancyhdr)                \setlength{\headheight}{13.07225pt}.
(fancyhdr)                You might also make \topmargin smaller to compensate:

(fancyhdr)                \addtolength{\topmargin}{-1.07225pt}.

LaTeX Info: Redefining \. on input line 2889.
LaTeX Info: Redefining \% on input line 2889.
[913]
Overfull \hbox (1.95837pt too wide) in paragraph at lines 2962--2965
[][]\OT1/cmr/m/it/9 Suponga que los su-pues-tos A1) y A2) se cum-
 []

LaTeX Info: Redefining \. on input line 2983.
LaTeX Info: Redefining \% on input line 2983.

Package fancyhdr Warning: \headheight is too small (12.0pt): 
(fancyhdr)                Make it at least 13.07225pt, for example:
(fancyhdr)                \setlength{\headheight}{13.07225pt}.
(fancyhdr)                You might also make \topmargin smaller to compensate:

(fancyhdr)                \addtolength{\topmargin}{-1.07225pt}.

LaTeX Info: Redefining \. on input line 2983.
LaTeX Info: Redefining \% on input line 2983.
[914]
Underfull \hbox (badness 10000) in paragraph at lines 3009--3011

 []


LaTeX Warning: Citation `Hernandez' on page 915 undefined on input line 3053.

LaTeX Info: Redefining \. on input line 3114.
LaTeX Info: Redefining \% on input line 3114.

Package fancyhdr Warning: \headheight is too small (12.0pt): 
(fancyhdr)                Make it at least 13.07225pt, for example:
(fancyhdr)                \setlength{\headheight}{13.07225pt}.
(fancyhdr)                You might also make \topmargin smaller to compensate:

(fancyhdr)                \addtolength{\topmargin}{-1.07225pt}.

LaTeX Info: Redefining \. on input line 3114.
LaTeX Info: Redefining \% on input line 3114.
[915]

LaTeX Warning: Citation `DRS' on page 916 undefined on input line 3142.


LaTeX Warning: Citation `DRS' on page 916 undefined on input line 3143.


LaTeX Warning: Citation `DRS' on page 916 undefined on input line 3151.

LaTeX Info: Redefining \. on input line 3235.
LaTeX Info: Redefining \% on input line 3235.

Package fancyhdr Warning: \headheight is too small (12.0pt): 
(fancyhdr)                Make it at least 13.07225pt, for example:
(fancyhdr)                \setlength{\headheight}{13.07225pt}.
(fancyhdr)                You might also make \topmargin smaller to compensate:

(fancyhdr)                \addtolength{\topmargin}{-1.07225pt}.

LaTeX Info: Redefining \. on input line 3235.
LaTeX Info: Redefining \% on input line 3235.
[916]
LaTeX Info: Redefining \. on input line 3269.
LaTeX Info: Redefining \% on input line 3269.


Package fancyhdr Warning: \headheight is too small (12.0pt): 
(fancyhdr)                Make it at least 13.07225pt, for example:
(fancyhdr)                \setlength{\headheight}{13.07225pt}.
(fancyhdr)                You might also make \topmargin smaller to compensate:

(fancyhdr)                \addtolength{\topmargin}{-1.07225pt}.

LaTeX Info: Redefining \. on input line 3269.
LaTeX Info: Redefining \% on input line 3269.
[917]
Overfull \hbox (43.66193pt too wide) in alignment at lines 3335--3342
 [][][] []
 []

LaTeX Info: Redefining \. on input line 3365.
LaTeX Info: Redefining \% on input line 3365.

Package fancyhdr Warning: \headheight is too small (12.0pt): 
(fancyhdr)                Make it at least 13.07225pt, for example:
(fancyhdr)                \setlength{\headheight}{13.07225pt}.
(fancyhdr)                You might also make \topmargin smaller to compensate:

(fancyhdr)                \addtolength{\topmargin}{-1.07225pt}.

LaTeX Info: Redefining \. on input line 3365.
LaTeX Info: Redefining \% on input line 3365.
[918]
Overfull \hbox (49.2902pt too wide) in alignment at lines 3371--3379
 [][][] []
 []


Overfull \hbox (46.99716pt too wide) in alignment at lines 3412--3425
 [][][] []
 []


Overfull \hbox (32.80006pt too wide) in paragraph at lines 3440--3445
\OT1/cmr/m/n/9 the ser-ver's swit-cho-ver ti-mes are gi-ven by the ge-ne-rals e
qua-tions $\OML/cmm/m/it/9 R[] [] \OT1/cmr/m/n/9 = \OML/cmm/m/it/9 R[] []$\OT1/
cmr/m/n/9 ,
 []

LaTeX Info: Redefining \. on input line 3446.
LaTeX Info: Redefining \% on input line 3446.

Package fancyhdr Warning: \headheight is too small (12.0pt): 
(fancyhdr)                Make it at least 13.07225pt, for example:
(fancyhdr)                \setlength{\headheight}{13.07225pt}.
(fancyhdr)                You might also make \topmargin smaller to compensate:

(fancyhdr)                \addtolength{\topmargin}{-1.07225pt}.

LaTeX Info: Redefining \. on input line 3446.
LaTeX Info: Redefining \% on input line 3446.
[919]
Overfull \hbox (2.44508pt too wide) in alignment at lines 3488--3496
 [][][] []
 []


Overfull \hbox (3.72287pt too wide) in alignment at lines 3499--3507
 [][][] []
 []


Overfull \hbox (57.50476pt too wide) in alignment at lines 3514--3533
 [][][] []
 []


Overfull \hbox (63.92186pt too wide) in alignment at lines 3540--3612
 [][][] []
 []

LaTeX Info: Redefining \. on input line 3612.
LaTeX Info: Redefining \% on input line 3612.

Package fancyhdr Warning: \headheight is too small (12.0pt): 
(fancyhdr)                Make it at least 13.07225pt, for example:
(fancyhdr)                \setlength{\headheight}{13.07225pt}.
(fancyhdr)                You might also make \topmargin smaller to compensate:

(fancyhdr)                \addtolength{\topmargin}{-1.07225pt}.

LaTeX Info: Redefining \. on input line 3612.
LaTeX Info: Redefining \% on input line 3612.
[920]
Overfull \hbox (80.58496pt too wide) in alignment at lines 3620--3667
 [][][] []
 []


Overfull \hbox (85.76474pt too wide) in alignment at lines 3674--3701
 [][][] []
 []

LaTeX Info: Redefining \. on input line 3701.
LaTeX Info: Redefining \% on input line 3701.

Package fancyhdr Warning: \headheight is too small (12.0pt): 
(fancyhdr)                Make it at least 13.07225pt, for example:
(fancyhdr)                \setlength{\headheight}{13.07225pt}.
(fancyhdr)                You might also make \topmargin smaller to compensate:

(fancyhdr)                \addtolength{\topmargin}{-1.07225pt}.

LaTeX Info: Redefining \. on input line 3701.
LaTeX Info: Redefining \% on input line 3701.
[921]
Overfull \hbox (22.92941pt too wide) in alignment at lines 3761--3780
 [][][] []
 []


Overfull \hbox (50.9149pt too wide) in alignment at lines 3789--3837
 [][][] []
 []

LaTeX Info: Redefining \. on input line 3837.
LaTeX Info: Redefining \% on input line 3837.

Package fancyhdr Warning: \headheight is too small (12.0pt): 
(fancyhdr)                Make it at least 13.07225pt, for example:
(fancyhdr)                \setlength{\headheight}{13.07225pt}.
(fancyhdr)                You might also make \topmargin smaller to compensate:

(fancyhdr)                \addtolength{\topmargin}{-1.07225pt}.

LaTeX Info: Redefining \. on input line 3837.
LaTeX Info: Redefining \% on input line 3837.
[922]
LaTeX Info: Redefining \. on input line 3863.
LaTeX Info: Redefining \% on input line 3863.


Package fancyhdr Warning: \headheight is too small (12.0pt): 
(fancyhdr)                Make it at least 13.07225pt, for example:
(fancyhdr)                \setlength{\headheight}{13.07225pt}.
(fancyhdr)                You might also make \topmargin smaller to compensate:

(fancyhdr)                \addtolength{\topmargin}{-1.07225pt}.

LaTeX Info: Redefining \. on input line 3863.
LaTeX Info: Redefining \% on input line 3863.
[923]

LaTeX Warning: Citation `Hernandez' on page 924 undefined on input line 3900.


LaTeX Warning: Citation `DRS' on page 924 undefined on input line 3989.


LaTeX Warning: Citation `DRS' on page 924 undefined on input line 3990.


LaTeX Warning: Citation `DRS' on page 924 undefined on input line 3998.

LaTeX Info: Redefining \. on input line 3999.
LaTeX Info: Redefining \% on input line 3999.

Package fancyhdr Warning: \headheight is too small (12.0pt): 
(fancyhdr)                Make it at least 13.07225pt, for example:
(fancyhdr)                \setlength{\headheight}{13.07225pt}.
(fancyhdr)                You might also make \topmargin smaller to compensate:

(fancyhdr)                \addtolength{\topmargin}{-1.07225pt}.

LaTeX Info: Redefining \. on input line 3999.
LaTeX Info: Redefining \% on input line 3999.
[924]
Overfull \hbox (3.68057pt too wide) in paragraph at lines 4075--4075
|[]\OT1/cmr/bx/n/14.4 Descripci^^Son de una Red de Sis-te-mas de Vi-si-tas C^^S
^^Pcli-
 []

LaTeX Info: Redefining \. on input line 4112.
LaTeX Info: Redefining \% on input line 4112.

Package fancyhdr Warning: \headheight is too small (12.0pt): 
(fancyhdr)                Make it at least 13.07225pt, for example:
(fancyhdr)                \setlength{\headheight}{13.07225pt}.
(fancyhdr)                You might also make \topmargin smaller to compensate:

(fancyhdr)                \addtolength{\topmargin}{-1.07225pt}.

LaTeX Info: Redefining \. on input line 4112.
LaTeX Info: Redefining \% on input line 4112.
[925]
Overfull \hbox (1.07077pt too wide) in paragraph at lines 4145--4146
[]\OT1/cmr/m/n/9 La FGP pa-ra es-tos tiem-pos de tras-la-do est^^San da-dos por
 $\OML/cmm/m/it/9 R[] [] \OT1/cmr/m/n/9 = \U/msb/m/n/9 E []$ \OT1/cmr/m/n/9 y $
[] [] = \U/msb/m/n/9 E []$
 []

LaTeX Info: Redefining \. on input line 4178.
LaTeX Info: Redefining \% on input line 4178.

Package fancyhdr Warning: \headheight is too small (12.0pt): 
(fancyhdr)                Make it at least 13.07225pt, for example:
(fancyhdr)                \setlength{\headheight}{13.07225pt}.
(fancyhdr)                You might also make \topmargin smaller to compensate:

(fancyhdr)                \addtolength{\topmargin}{-1.07225pt}.

LaTeX Info: Redefining \. on input line 4178.
LaTeX Info: Redefining \% on input line 4178.
[926]
LaTeX Info: Redefining \. on input line 4277.
LaTeX Info: Redefining \% on input line 4277.


Package fancyhdr Warning: \headheight is too small (12.0pt): 
(fancyhdr)                Make it at least 13.07225pt, for example:
(fancyhdr)                \setlength{\headheight}{13.07225pt}.
(fancyhdr)                You might also make \topmargin smaller to compensate:

(fancyhdr)                \addtolength{\topmargin}{-1.07225pt}.

LaTeX Info: Redefining \. on input line 4277.
LaTeX Info: Redefining \% on input line 4277.
[927]
Overfull \hbox (19.33965pt too wide) in alignment at lines 4355--4362
 [][][] []
 []

LaTeX Info: Redefining \. on input line 4362.
LaTeX Info: Redefining \% on input line 4362.

Package fancyhdr Warning: \headheight is too small (12.0pt): 
(fancyhdr)                Make it at least 13.07225pt, for example:
(fancyhdr)                \setlength{\headheight}{13.07225pt}.
(fancyhdr)                You might also make \topmargin smaller to compensate:

(fancyhdr)                \addtolength{\topmargin}{-1.07225pt}.

LaTeX Info: Redefining \. on input line 4362.
LaTeX Info: Redefining \% on input line 4362.
[928]
Overfull \hbox (26.21945pt too wide) in alignment at lines 4428--4431
 [][][] []
 []


Overfull \hbox (24.6778pt too wide) in alignment at lines 4434--4438
 [][][] []
 []

LaTeX Info: Redefining \. on input line 4438.
LaTeX Info: Redefining \% on input line 4438.

Package fancyhdr Warning: \headheight is too small (12.0pt): 
(fancyhdr)                Make it at least 13.07225pt, for example:
(fancyhdr)                \setlength{\headheight}{13.07225pt}.
(fancyhdr)                You might also make \topmargin smaller to compensate:

(fancyhdr)                \addtolength{\topmargin}{-1.07225pt}.

LaTeX Info: Redefining \. on input line 4438.
LaTeX Info: Redefining \% on input line 4438.
[929]
Overfull \hbox (21.54865pt too wide) in alignment at lines 4440--4443
 [][][] []
 []


Overfull \hbox (20.00699pt too wide) in alignment at lines 4445--4449
 [][][] []
 []


Overfull \hbox (15.39056pt too wide) in paragraph at lines 4512--4514
\OT1/cmr/m/n/9 ran-do que los tiem-pos del ser-vi-dor co-rres-pon-dien-te al mi
s-mo sis-te-ma: $\OML/cmm/m/it/9 F[] []$\OT1/cmr/m/n/9 .
 []

LaTeX Info: Redefining \. on input line 4514.
LaTeX Info: Redefining \% on input line 4514.

Package fancyhdr Warning: \headheight is too small (12.0pt): 
(fancyhdr)                Make it at least 13.07225pt, for example:
(fancyhdr)                \setlength{\headheight}{13.07225pt}.
(fancyhdr)                You might also make \topmargin smaller to compensate:

(fancyhdr)                \addtolength{\topmargin}{-1.07225pt}.

LaTeX Info: Redefining \. on input line 4514.
LaTeX Info: Redefining \% on input line 4514.
[930]
Overfull \hbox (9.51535pt too wide) in alignment at lines 4538--4544
 [][][] []
 []


Overfull \hbox (6.43204pt too wide) in alignment at lines 4560--4564
 [][][] []
 []

LaTeX Info: Redefining \. on input line 4589.
LaTeX Info: Redefining \% on input line 4589.

Package fancyhdr Warning: \headheight is too small (12.0pt): 
(fancyhdr)                Make it at least 13.07225pt, for example:
(fancyhdr)                \setlength{\headheight}{13.07225pt}.
(fancyhdr)                You might also make \topmargin smaller to compensate:

(fancyhdr)                \addtolength{\topmargin}{-1.07225pt}.

LaTeX Info: Redefining \. on input line 4589.
LaTeX Info: Redefining \% on input line 4589.
[931]
LaTeX Info: Redefining \. on input line 4665.
LaTeX Info: Redefining \% on input line 4665.


Package fancyhdr Warning: \headheight is too small (12.0pt): 
(fancyhdr)                Make it at least 13.07225pt, for example:
(fancyhdr)                \setlength{\headheight}{13.07225pt}.
(fancyhdr)                You might also make \topmargin smaller to compensate:

(fancyhdr)                \addtolength{\topmargin}{-1.07225pt}.

LaTeX Info: Redefining \. on input line 4665.
LaTeX Info: Redefining \% on input line 4665.
[932]
Overfull \hbox (23.04393pt too wide) in alignment at lines 4699--4701
 [][][] []
 []


Overfull \hbox (57.50476pt too wide) in alignment at lines 4733--4742
 [][][] []
 []

LaTeX Info: Redefining \. on input line 4753.
LaTeX Info: Redefining \% on input line 4753.

Package fancyhdr Warning: \headheight is too small (12.0pt): 
(fancyhdr)                Make it at least 13.07225pt, for example:
(fancyhdr)                \setlength{\headheight}{13.07225pt}.
(fancyhdr)                You might also make \topmargin smaller to compensate:

(fancyhdr)                \addtolength{\topmargin}{-1.07225pt}.

LaTeX Info: Redefining \. on input line 4753.
LaTeX Info: Redefining \% on input line 4753.
[933]
Overfull \hbox (89.61273pt too wide) in alignment at lines 4753--4758
 [][][] []
 []


Overfull \hbox (19.09763pt too wide) in paragraph at lines 4783--4785
[]\OT1/cmr/m/n/9 Recordemos la ex-pre-si^^Son $\OML/cmm/m/it/9 F[] []$\OT1/cmr/
m/n/9 , que de-no-ta-re-mos por $\OML/cmm/m/it/9 F[] []$\OT1/cmr/m/n/9 ,
 []


Overfull \hbox (40.44046pt too wide) in alignment at lines 4795--4820
 [][][] []
 []

LaTeX Info: Redefining \. on input line 4820.
LaTeX Info: Redefining \% on input line 4820.

Package fancyhdr Warning: \headheight is too small (12.0pt): 
(fancyhdr)                Make it at least 13.07225pt, for example:
(fancyhdr)                \setlength{\headheight}{13.07225pt}.
(fancyhdr)                You might also make \topmargin smaller to compensate:

(fancyhdr)                \addtolength{\topmargin}{-1.07225pt}.

LaTeX Info: Redefining \. on input line 4820.
LaTeX Info: Redefining \% on input line 4820.
[934]
Overfull \hbox (63.89847pt too wide) in alignment at lines 4833--4846
 [][][] []
 []


Overfull \hbox (40.4408pt too wide) in alignment at lines 4862--4898
 [][][] []
 []

LaTeX Info: Redefining \. on input line 4898.
LaTeX Info: Redefining \% on input line 4898.

Package fancyhdr Warning: \headheight is too small (12.0pt): 
(fancyhdr)                Make it at least 13.07225pt, for example:
(fancyhdr)                \setlength{\headheight}{13.07225pt}.
(fancyhdr)                You might also make \topmargin smaller to compensate:

(fancyhdr)                \addtolength{\topmargin}{-1.07225pt}.

LaTeX Info: Redefining \. on input line 4898.
LaTeX Info: Redefining \% on input line 4898.
[935]
Overfull \hbox (89.46646pt too wide) in alignment at lines 4910--4957
 [][][] []
 []

LaTeX Info: Redefining \. on input line 4967.
LaTeX Info: Redefining \% on input line 4967.

Package fancyhdr Warning: \headheight is too small (12.0pt): 
(fancyhdr)                Make it at least 13.07225pt, for example:
(fancyhdr)                \setlength{\headheight}{13.07225pt}.
(fancyhdr)                You might also make \topmargin smaller to compensate:

(fancyhdr)                \addtolength{\topmargin}{-1.07225pt}.

LaTeX Info: Redefining \. on input line 4967.
LaTeX Info: Redefining \% on input line 4967.
[936]
Overfull \hbox (24.6778pt too wide) in alignment at lines 5054--5058
 [][][] []
 []

LaTeX Info: Redefining \. on input line 5058.
LaTeX Info: Redefining \% on input line 5058.

Package fancyhdr Warning: \headheight is too small (12.0pt): 
(fancyhdr)                Make it at least 13.07225pt, for example:
(fancyhdr)                \setlength{\headheight}{13.07225pt}.
(fancyhdr)                You might also make \topmargin smaller to compensate:

(fancyhdr)                \addtolength{\topmargin}{-1.07225pt}.

LaTeX Info: Redefining \. on input line 5058.
LaTeX Info: Redefining \% on input line 5058.
[937]
Overfull \hbox (26.21945pt too wide) in alignment at lines 5060--5063
 [][][] []
 []


Overfull \hbox (20.00699pt too wide) in alignment at lines 5066--5070
 [][][] []
 []


Overfull \hbox (21.54865pt too wide) in alignment at lines 5073--5076
 [][][] []
 []

LaTeX Info: Redefining \. on input line 5169.
LaTeX Info: Redefining \% on input line 5169.

Package fancyhdr Warning: \headheight is too small (12.0pt): 
(fancyhdr)                Make it at least 13.07225pt, for example:
(fancyhdr)                \setlength{\headheight}{13.07225pt}.
(fancyhdr)                You might also make \topmargin smaller to compensate:

(fancyhdr)                \addtolength{\topmargin}{-1.07225pt}.

LaTeX Info: Redefining \. on input line 5169.
LaTeX Info: Redefining \% on input line 5169.
[938]
Overfull \hbox (1.07077pt too wide) in paragraph at lines 5184--5185
[]\OT1/cmr/m/n/9 La FGP pa-ra es-tos tiem-pos de tras-la-do est^^San da-dos por
 $\OML/cmm/m/it/9 R[] [] \OT1/cmr/m/n/9 = \U/msb/m/n/9 E []$ \OT1/cmr/m/n/9 y $
[] [] = \U/msb/m/n/9 E []$
 []

LaTeX Info: Redefining \. on input line 5217.
LaTeX Info: Redefining \% on input line 5217.

Package fancyhdr Warning: \headheight is too small (12.0pt): 
(fancyhdr)                Make it at least 13.07225pt, for example:
(fancyhdr)                \setlength{\headheight}{13.07225pt}.
(fancyhdr)                You might also make \topmargin smaller to compensate:

(fancyhdr)                \addtolength{\topmargin}{-1.07225pt}.

LaTeX Info: Redefining \. on input line 5217.
LaTeX Info: Redefining \% on input line 5217.
[939]
LaTeX Info: Redefining \. on input line 5329.
LaTeX Info: Redefining \% on input line 5329.


Package fancyhdr Warning: \headheight is too small (12.0pt): 
(fancyhdr)                Make it at least 13.07225pt, for example:
(fancyhdr)                \setlength{\headheight}{13.07225pt}.
(fancyhdr)                You might also make \topmargin smaller to compensate:

(fancyhdr)                \addtolength{\topmargin}{-1.07225pt}.

LaTeX Info: Redefining \. on input line 5329.
LaTeX Info: Redefining \% on input line 5329.
[940]
Overfull \hbox (19.33965pt too wide) in alignment at lines 5394--5401
 [][][] []
 []

LaTeX Info: Redefining \. on input line 5401.
LaTeX Info: Redefining \% on input line 5401.

Package fancyhdr Warning: \headheight is too small (12.0pt): 
(fancyhdr)                Make it at least 13.07225pt, for example:
(fancyhdr)                \setlength{\headheight}{13.07225pt}.
(fancyhdr)                You might also make \topmargin smaller to compensate:

(fancyhdr)                \addtolength{\topmargin}{-1.07225pt}.

LaTeX Info: Redefining \. on input line 5401.
LaTeX Info: Redefining \% on input line 5401.
[941]
Overfull \hbox (26.21945pt too wide) in alignment at lines 5467--5470
 [][][] []
 []


Overfull \hbox (24.6778pt too wide) in alignment at lines 5473--5477
 [][][] []
 []

LaTeX Info: Redefining \. on input line 5477.
LaTeX Info: Redefining \% on input line 5477.

Package fancyhdr Warning: \headheight is too small (12.0pt): 
(fancyhdr)                Make it at least 13.07225pt, for example:
(fancyhdr)                \setlength{\headheight}{13.07225pt}.
(fancyhdr)                You might also make \topmargin smaller to compensate:

(fancyhdr)                \addtolength{\topmargin}{-1.07225pt}.

LaTeX Info: Redefining \. on input line 5477.
LaTeX Info: Redefining \% on input line 5477.
[942]
Overfull \hbox (21.54865pt too wide) in alignment at lines 5479--5482
 [][][] []
 []


Overfull \hbox (20.00699pt too wide) in alignment at lines 5484--5488
 [][][] []
 []


Overfull \hbox (15.39056pt too wide) in paragraph at lines 5551--5553
\OT1/cmr/m/n/9 ran-do que los tiem-pos del ser-vi-dor co-rres-pon-dien-te al mi
s-mo sis-te-ma: $\OML/cmm/m/it/9 F[] []$\OT1/cmr/m/n/9 .
 []

LaTeX Info: Redefining \. on input line 5553.
LaTeX Info: Redefining \% on input line 5553.

Package fancyhdr Warning: \headheight is too small (12.0pt): 
(fancyhdr)                Make it at least 13.07225pt, for example:
(fancyhdr)                \setlength{\headheight}{13.07225pt}.
(fancyhdr)                You might also make \topmargin smaller to compensate:

(fancyhdr)                \addtolength{\topmargin}{-1.07225pt}.

LaTeX Info: Redefining \. on input line 5553.
LaTeX Info: Redefining \% on input line 5553.
[943]
Overfull \hbox (9.51535pt too wide) in alignment at lines 5577--5583
 [][][] []
 []


Overfull \hbox (6.43204pt too wide) in alignment at lines 5599--5603
 [][][] []
 []

LaTeX Info: Redefining \. on input line 5628.
LaTeX Info: Redefining \% on input line 5628.

Package fancyhdr Warning: \headheight is too small (12.0pt): 
(fancyhdr)                Make it at least 13.07225pt, for example:
(fancyhdr)                \setlength{\headheight}{13.07225pt}.
(fancyhdr)                You might also make \topmargin smaller to compensate:

(fancyhdr)                \addtolength{\topmargin}{-1.07225pt}.

LaTeX Info: Redefining \. on input line 5628.
LaTeX Info: Redefining \% on input line 5628.
[944]
LaTeX Info: Redefining \. on input line 5704.
LaTeX Info: Redefining \% on input line 5704.


Package fancyhdr Warning: \headheight is too small (12.0pt): 
(fancyhdr)                Make it at least 13.07225pt, for example:
(fancyhdr)                \setlength{\headheight}{13.07225pt}.
(fancyhdr)                You might also make \topmargin smaller to compensate:

(fancyhdr)                \addtolength{\topmargin}{-1.07225pt}.

LaTeX Info: Redefining \. on input line 5704.
LaTeX Info: Redefining \% on input line 5704.
[945]
Overfull \hbox (23.04393pt too wide) in alignment at lines 5738--5740
 [][][] []
 []


Overfull \hbox (57.50476pt too wide) in alignment at lines 5772--5781
 [][][] []
 []

LaTeX Info: Redefining \. on input line 5792.
LaTeX Info: Redefining \% on input line 5792.

Package fancyhdr Warning: \headheight is too small (12.0pt): 
(fancyhdr)                Make it at least 13.07225pt, for example:
(fancyhdr)                \setlength{\headheight}{13.07225pt}.
(fancyhdr)                You might also make \topmargin smaller to compensate:

(fancyhdr)                \addtolength{\topmargin}{-1.07225pt}.

LaTeX Info: Redefining \. on input line 5792.
LaTeX Info: Redefining \% on input line 5792.
[946]
Overfull \hbox (89.61273pt too wide) in alignment at lines 5792--5797
 [][][] []
 []


Overfull \hbox (19.09763pt too wide) in paragraph at lines 5822--5824
[]\OT1/cmr/m/n/9 Recordemos la ex-pre-si^^Son $\OML/cmm/m/it/9 F[] []$\OT1/cmr/
m/n/9 , que de-no-ta-re-mos por $\OML/cmm/m/it/9 F[] []$\OT1/cmr/m/n/9 ,
 []


Overfull \hbox (65.1318pt too wide) in alignment at lines 5834--5853
 [][][] []
 []

LaTeX Info: Redefining \. on input line 5853.
LaTeX Info: Redefining \% on input line 5853.

Package fancyhdr Warning: \headheight is too small (12.0pt): 
(fancyhdr)                Make it at least 13.07225pt, for example:
(fancyhdr)                \setlength{\headheight}{13.07225pt}.
(fancyhdr)                You might also make \topmargin smaller to compensate:

(fancyhdr)                \addtolength{\topmargin}{-1.07225pt}.

LaTeX Info: Redefining \. on input line 5853.
LaTeX Info: Redefining \% on input line 5853.
[947]
Overfull \hbox (63.89847pt too wide) in alignment at lines 5866--5879
 [][][] []
 []


Overfull \hbox (40.4408pt too wide) in alignment at lines 5895--5931
 [][][] []
 []

LaTeX Info: Redefining \. on input line 5931.
LaTeX Info: Redefining \% on input line 5931.

Package fancyhdr Warning: \headheight is too small (12.0pt): 
(fancyhdr)                Make it at least 13.07225pt, for example:
(fancyhdr)                \setlength{\headheight}{13.07225pt}.
(fancyhdr)                You might also make \topmargin smaller to compensate:

(fancyhdr)                \addtolength{\topmargin}{-1.07225pt}.

LaTeX Info: Redefining \. on input line 5931.
LaTeX Info: Redefining \% on input line 5931.
[948]
Overfull \hbox (89.46646pt too wide) in alignment at lines 5943--5990
 [][][] []
 []

LaTeX Info: Redefining \. on input line 6000.
LaTeX Info: Redefining \% on input line 6000.

Package fancyhdr Warning: \headheight is too small (12.0pt): 
(fancyhdr)                Make it at least 13.07225pt, for example:
(fancyhdr)                \setlength{\headheight}{13.07225pt}.
(fancyhdr)                You might also make \topmargin smaller to compensate:

(fancyhdr)                \addtolength{\topmargin}{-1.07225pt}.

LaTeX Info: Redefining \. on input line 6000.
LaTeX Info: Redefining \% on input line 6000.
[949]
Overfull \hbox (24.6778pt too wide) in alignment at lines 6087--6091
 [][][] []
 []

LaTeX Info: Redefining \. on input line 6091.
LaTeX Info: Redefining \% on input line 6091.

Package fancyhdr Warning: \headheight is too small (12.0pt): 
(fancyhdr)                Make it at least 13.07225pt, for example:
(fancyhdr)                \setlength{\headheight}{13.07225pt}.
(fancyhdr)                You might also make \topmargin smaller to compensate:

(fancyhdr)                \addtolength{\topmargin}{-1.07225pt}.

LaTeX Info: Redefining \. on input line 6091.
LaTeX Info: Redefining \% on input line 6091.
[950]
Overfull \hbox (26.21945pt too wide) in alignment at lines 6093--6096
 [][][] []
 []


Overfull \hbox (20.00699pt too wide) in alignment at lines 6099--6103
 [][][] []
 []


Overfull \hbox (21.54865pt too wide) in alignment at lines 6106--6109
 [][][] []
 []


Overfull \hbox (25.31895pt too wide) in alignment at lines 6147--6158
 [][][] []
 []


Overfull \hbox (29.56888pt too wide) in alignment at lines 6184--6195
 [][][] []
 []


Overfull \hbox (25.4578pt too wide) in alignment at lines 6202--6213
 [][][] []
 []

LaTeX Info: Redefining \. on input line 6213.
LaTeX Info: Redefining \% on input line 6213.

Package fancyhdr Warning: \headheight is too small (12.0pt): 
(fancyhdr)                Make it at least 13.07225pt, for example:
(fancyhdr)                \setlength{\headheight}{13.07225pt}.
(fancyhdr)                You might also make \topmargin smaller to compensate:

(fancyhdr)                \addtolength{\topmargin}{-1.07225pt}.

LaTeX Info: Redefining \. on input line 6213.
LaTeX Info: Redefining \% on input line 6213.
[951]
LaTeX Info: Redefining \. on input line 6325.
LaTeX Info: Redefining \% on input line 6325.


Package fancyhdr Warning: \headheight is too small (12.0pt): 
(fancyhdr)                Make it at least 13.07225pt, for example:
(fancyhdr)                \setlength{\headheight}{13.07225pt}.
(fancyhdr)                You might also make \topmargin smaller to compensate:

(fancyhdr)                \addtolength{\topmargin}{-1.07225pt}.

LaTeX Info: Redefining \. on input line 6325.
LaTeX Info: Redefining \% on input line 6325.
[952]

Package hyperref Warning: Suppressing link with empty target on input line 6376
.


Overfull \hbox (85.75864pt too wide) in alignment at lines 6379--6384
 [][][] []
 []


Overfull \hbox (28.56978pt too wide) in paragraph at lines 6409--6411
[]\OT1/cmr/m/n/9 Just li-ke be-fo-re the ex-pres-sion $\OML/cmm/m/it/9 F[] []$\
OT1/cmr/m/n/9 , will be de-no-ted by $\OML/cmm/m/it/9 F[] []$\OT1/cmr/m/n/9 ,
 []

LaTeX Info: Redefining \. on input line 6412.
LaTeX Info: Redefining \% on input line 6412.

Package fancyhdr Warning: \headheight is too small (12.0pt): 
(fancyhdr)                Make it at least 13.07225pt, for example:
(fancyhdr)                \setlength{\headheight}{13.07225pt}.
(fancyhdr)                You might also make \topmargin smaller to compensate:

(fancyhdr)                \addtolength{\topmargin}{-1.07225pt}.

LaTeX Info: Redefining \. on input line 6412.
LaTeX Info: Redefining \% on input line 6412.
[953]
Overfull \hbox (102.89134pt too wide) in alignment at lines 6412--6418
 [][][] []
 []


Overfull \hbox (12.372pt too wide) in paragraph at lines 6421--6423
[]\OT1/cmr/m/n/9 Recall the ex-pres-sion for $\OML/cmm/m/it/9 F[] []$\OT1/cmr/m
/n/9 , which is de-no-ted by $\OML/cmm/m/it/9 F[] []$\OT1/cmr/m/n/9 ,
 []


Overfull \hbox (63.32965pt too wide) in alignment at lines 6436--6445
 [][][] []
 []


Overfull \hbox (27.10274pt too wide) in alignment at lines 6447--6450
 [][][] []
 []


Overfull \hbox (27.10274pt too wide) in alignment at lines 6452--6455
 [][][] []
 []


Overfull \hbox (27.10274pt too wide) in alignment at lines 6457--6464
 [][][] []
 []


Overfull \hbox (27.10274pt too wide) in alignment at lines 6478--6483
 [][][] []
 []

LaTeX Info: Redefining \. on input line 6493.
LaTeX Info: Redefining \% on input line 6493.

Package fancyhdr Warning: \headheight is too small (12.0pt): 
(fancyhdr)                Make it at least 13.07225pt, for example:
(fancyhdr)                \setlength{\headheight}{13.07225pt}.
(fancyhdr)                You might also make \topmargin smaller to compensate:

(fancyhdr)                \addtolength{\topmargin}{-1.07225pt}.

LaTeX Info: Redefining \. on input line 6493.
LaTeX Info: Redefining \% on input line 6493.
[954]
Overfull \hbox (29.53511pt too wide) in alignment at lines 6499--6505
 [][][] []
 []


Overfull \hbox (36.68787pt too wide) in alignment at lines 6520--6533
 [][][] []
 []


Overfull \hbox (27.10274pt too wide) in alignment at lines 6536--6545
 [][][] []
 []


Overfull \hbox (27.10274pt too wide) in alignment at lines 6548--6555
 [][][] []
 []


Overfull \hbox (27.10274pt too wide) in alignment at lines 6558--6567
 [][][] []
 []


Overfull \hbox (27.10274pt too wide) in alignment at lines 6590--6599
 [][][] []
 []

LaTeX Info: Redefining \. on input line 6610.
LaTeX Info: Redefining \% on input line 6610.

Package fancyhdr Warning: \headheight is too small (12.0pt): 
(fancyhdr)                Make it at least 13.07225pt, for example:
(fancyhdr)                \setlength{\headheight}{13.07225pt}.
(fancyhdr)                You might also make \topmargin smaller to compensate:

(fancyhdr)                \addtolength{\topmargin}{-1.07225pt}.

LaTeX Info: Redefining \. on input line 6610.
LaTeX Info: Redefining \% on input line 6610.
[955]
Overfull \hbox (102.89134pt too wide) in alignment at lines 6633--6639
 [][][] []
 []


Overfull \hbox (38.63998pt too wide) in alignment at lines 6677--6687
 [][][] []
 []


Overfull \hbox (27.10274pt too wide) in alignment at lines 6712--6722
 [][][] []
 []


Overfull \hbox (38.63998pt too wide) in alignment at lines 6726--6736
 [][][] []
 []

LaTeX Info: Redefining \. on input line 6736.
LaTeX Info: Redefining \% on input line 6736.

Package fancyhdr Warning: \headheight is too small (12.0pt): 
(fancyhdr)                Make it at least 13.07225pt, for example:
(fancyhdr)                \setlength{\headheight}{13.07225pt}.
(fancyhdr)                You might also make \topmargin smaller to compensate:

(fancyhdr)                \addtolength{\topmargin}{-1.07225pt}.

LaTeX Info: Redefining \. on input line 6736.
LaTeX Info: Redefining \% on input line 6736.
[956]
Overfull \hbox (27.10274pt too wide) in alignment at lines 6739--6749
 [][][] []
 []


Overfull \hbox (46.72937pt too wide) in alignment at lines 6753--6767
 [][][] []
 []


Overfull \hbox (102.89134pt too wide) in alignment at lines 6774--6780
 [][][] []
 []


Overfull \hbox (27.10274pt too wide) in alignment at lines 6821--6831
 [][][] []
 []


Overfull \hbox (27.10274pt too wide) in alignment at lines 6862--6873
 [][][] []
 []

LaTeX Info: Redefining \. on input line 6873.
LaTeX Info: Redefining \% on input line 6873.

Package fancyhdr Warning: \headheight is too small (12.0pt): 
(fancyhdr)                Make it at least 13.07225pt, for example:
(fancyhdr)                \setlength{\headheight}{13.07225pt}.
(fancyhdr)                You might also make \topmargin smaller to compensate:

(fancyhdr)                \addtolength{\topmargin}{-1.07225pt}.

LaTeX Info: Redefining \. on input line 6873.
LaTeX Info: Redefining \% on input line 6873.
[957]
Overfull \hbox (38.63998pt too wide) in alignment at lines 6877--6888
 [][][] []
 []


Overfull \hbox (27.10274pt too wide) in alignment at lines 6892--6903
 [][][] []
 []


Overfull \hbox (46.72937pt too wide) in alignment at lines 6907--6922
 [][][] []
 []


Overfull \hbox (10.98636pt too wide) in alignment at lines 6943--6953
 [][][] []
 []


Overfull \hbox (33.06786pt too wide) in alignment at lines 6956--6967
 [][][] []
 []

LaTeX Info: Redefining \. on input line 7008.
LaTeX Info: Redefining \% on input line 7008.

Package fancyhdr Warning: \headheight is too small (12.0pt): 
(fancyhdr)                Make it at least 13.07225pt, for example:
(fancyhdr)                \setlength{\headheight}{13.07225pt}.
(fancyhdr)                You might also make \topmargin smaller to compensate:

(fancyhdr)                \addtolength{\topmargin}{-1.07225pt}.

LaTeX Info: Redefining \. on input line 7008.
LaTeX Info: Redefining \% on input line 7008.
[958]
Overfull \hbox (34.06085pt too wide) in alignment at lines 7009--7016
 [][][] []
 []


Overfull \hbox (72.6547pt too wide) in alignment at lines 7124--7126
 [][][] []
 []


Overfull \hbox (10.98636pt too wide) in alignment at lines 7131--7142
 [][][] []
 []


Overfull \hbox (34.06085pt too wide) in alignment at lines 7145--7152
 [][][] []
 []

LaTeX Info: Redefining \. on input line 7152.
LaTeX Info: Redefining \% on input line 7152.

Package fancyhdr Warning: \headheight is too small (12.0pt): 
(fancyhdr)                Make it at least 13.07225pt, for example:
(fancyhdr)                \setlength{\headheight}{13.07225pt}.
(fancyhdr)                You might also make \topmargin smaller to compensate:

(fancyhdr)                \addtolength{\topmargin}{-1.07225pt}.

LaTeX Info: Redefining \. on input line 7152.
LaTeX Info: Redefining \% on input line 7152.
[959]
Overfull \hbox (34.06085pt too wide) in alignment at lines 7185--7191
 [][][] []
 []

LaTeX Info: Redefining \. on input line 7290.
LaTeX Info: Redefining \% on input line 7290.

Package fancyhdr Warning: \headheight is too small (12.0pt): 
(fancyhdr)                Make it at least 13.07225pt, for example:
(fancyhdr)                \setlength{\headheight}{13.07225pt}.
(fancyhdr)                You might also make \topmargin smaller to compensate:

(fancyhdr)                \addtolength{\topmargin}{-1.07225pt}.

LaTeX Info: Redefining \. on input line 7290.
LaTeX Info: Redefining \% on input line 7290.
[960]
Overfull \hbox (84.21698pt too wide) in alignment at lines 7295--7297
 [][][] []
 []


Overfull \hbox (77.29352pt too wide) in alignment at lines 7304--7322
 [][][] []
 []


Overfull \hbox (10.70062pt too wide) in alignment at lines 7325--7343
 [][][] []
 []


Overfull \hbox (33.19322pt too wide) in alignment at lines 7346--7362
 [][][] []
 []


Overfull \hbox (33.19322pt too wide) in alignment at lines 7365--7381
 [][][] []
 []


Overfull \hbox (10.70062pt too wide) in alignment at lines 7389--7407
 [][][] []
 []


Overfull \hbox (33.19322pt too wide) in alignment at lines 7410--7425
 [][][] []
 []

LaTeX Info: Redefining \. on input line 7425.
LaTeX Info: Redefining \% on input line 7425.

Package fancyhdr Warning: \headheight is too small (12.0pt): 
(fancyhdr)                Make it at least 13.07225pt, for example:
(fancyhdr)                \setlength{\headheight}{13.07225pt}.
(fancyhdr)                You might also make \topmargin smaller to compensate:

(fancyhdr)                \addtolength{\topmargin}{-1.07225pt}.

LaTeX Info: Redefining \. on input line 7425.
LaTeX Info: Redefining \% on input line 7425.
[961]
Overfull \hbox (33.19322pt too wide) in alignment at lines 7428--7444
 [][][] []
 []


Overfull \hbox (14.84045pt too wide) in alignment at lines 7450--7460
 [][][] []
 []


Overfull \hbox (37.91495pt too wide) in alignment at lines 7463--7473
 [][][] []
 []


Overfull \hbox (14.84045pt too wide) in alignment at lines 7479--7487
 [][][] []
 []


Overfull \hbox (85.75864pt too wide) in alignment at lines 7498--7501
 [][][] []
 []


Overfull \hbox (77.29352pt too wide) in alignment at lines 7507--7526
 [][][] []
 []


Overfull \hbox (10.70062pt too wide) in alignment at lines 7529--7547
 [][][] []
 []


Overfull \hbox (31.65157pt too wide) in alignment at lines 7550--7566
 [][][] []
 []

LaTeX Info: Redefining \. on input line 7566.
LaTeX Info: Redefining \% on input line 7566.

Package fancyhdr Warning: \headheight is too small (12.0pt): 
(fancyhdr)                Make it at least 13.07225pt, for example:
(fancyhdr)                \setlength{\headheight}{13.07225pt}.
(fancyhdr)                You might also make \topmargin smaller to compensate:

(fancyhdr)                \addtolength{\topmargin}{-1.07225pt}.

LaTeX Info: Redefining \. on input line 7566.
LaTeX Info: Redefining \% on input line 7566.
[962]
Overfull \hbox (34.73488pt too wide) in alignment at lines 7569--7585
 [][][] []
 []


Overfull \hbox (77.29352pt too wide) in alignment at lines 7592--7610
 [][][] []
 []


Overfull \hbox (33.19322pt too wide) in alignment at lines 7613--7629
 [][][] []
 []


Overfull \hbox (33.19322pt too wide) in alignment at lines 7632--7648
 [][][] []
 []


Overfull \hbox (14.84045pt too wide) in alignment at lines 7654--7664
 [][][] []
 []


Overfull \hbox (37.91495pt too wide) in alignment at lines 7667--7677
 [][][] []
 []


Overfull \hbox (3.3032pt too wide) in alignment at lines 7683--7692
 [][][] []
 []

LaTeX Info: Redefining \. on input line 7697.
LaTeX Info: Redefining \% on input line 7697.

Package fancyhdr Warning: \headheight is too small (12.0pt): 
(fancyhdr)                Make it at least 13.07225pt, for example:
(fancyhdr)                \setlength{\headheight}{13.07225pt}.
(fancyhdr)                You might also make \topmargin smaller to compensate:

(fancyhdr)                \addtolength{\topmargin}{-1.07225pt}.

LaTeX Info: Redefining \. on input line 7697.
LaTeX Info: Redefining \% on input line 7697.
[963]
Overfull \hbox (7.36588pt too wide) in alignment at lines 7740--7744
 [][][] []
 []


Overfull \hbox (8.90753pt too wide) in alignment at lines 7746--7749
 [][][] []
 []


Overfull \hbox (2.69507pt too wide) in alignment at lines 7752--7756
 [][][] []
 []


Overfull \hbox (4.23672pt too wide) in alignment at lines 7759--7762
 [][][] []
 []

LaTeX Info: Redefining \. on input line 7810.
LaTeX Info: Redefining \% on input line 7810.

Package fancyhdr Warning: \headheight is too small (12.0pt): 
(fancyhdr)                Make it at least 13.07225pt, for example:
(fancyhdr)                \setlength{\headheight}{13.07225pt}.
(fancyhdr)                You might also make \topmargin smaller to compensate:

(fancyhdr)                \addtolength{\topmargin}{-1.07225pt}.

LaTeX Info: Redefining \. on input line 7810.
LaTeX Info: Redefining \% on input line 7810.
[964]
Overfull \hbox (8.90753pt too wide) in alignment at lines 7880--7883
 [][][] []
 []


Overfull \hbox (25.31895pt too wide) in alignment at lines 7901--7912
 [][][] []
 []


Overfull \hbox (25.31895pt too wide) in alignment at lines 7938--7949
 [][][] []
 []


Overfull \hbox (21.20787pt too wide) in alignment at lines 7956--7967
 [][][] []
 []

LaTeX Info: Redefining \. on input line 7967.
LaTeX Info: Redefining \% on input line 7967.

Package fancyhdr Warning: \headheight is too small (12.0pt): 
(fancyhdr)                Make it at least 13.07225pt, for example:
(fancyhdr)                \setlength{\headheight}{13.07225pt}.
(fancyhdr)                You might also make \topmargin smaller to compensate:

(fancyhdr)                \addtolength{\topmargin}{-1.07225pt}.

LaTeX Info: Redefining \. on input line 7967.
LaTeX Info: Redefining \% on input line 7967.
[965]
LaTeX Info: Redefining \. on input line 8071.
LaTeX Info: Redefining \% on input line 8071.


Package fancyhdr Warning: \headheight is too small (12.0pt): 
(fancyhdr)                Make it at least 13.07225pt, for example:
(fancyhdr)                \setlength{\headheight}{13.07225pt}.
(fancyhdr)                You might also make \topmargin smaller to compensate:

(fancyhdr)                \addtolength{\topmargin}{-1.07225pt}.

LaTeX Info: Redefining \. on input line 8071.
LaTeX Info: Redefining \% on input line 8071.
[966]

Package hyperref Warning: Suppressing link with empty target on input line 8123
.


Overfull \hbox (89.61273pt too wide) in alignment at lines 8126--8131
 [][][] []
 []

LaTeX Info: Redefining \. on input line 8150.
LaTeX Info: Redefining \% on input line 8150.

Package fancyhdr Warning: \headheight is too small (12.0pt): 
(fancyhdr)                Make it at least 13.07225pt, for example:
(fancyhdr)                \setlength{\headheight}{13.07225pt}.
(fancyhdr)                You might also make \topmargin smaller to compensate:

(fancyhdr)                \addtolength{\topmargin}{-1.07225pt}.

LaTeX Info: Redefining \. on input line 8150.
LaTeX Info: Redefining \% on input line 8150.
[967]
Overfull \hbox (28.56978pt too wide) in paragraph at lines 8156--8158
[]\OT1/cmr/m/n/9 Just li-ke be-fo-re the ex-pres-sion $\OML/cmm/m/it/9 F[] []$\
OT1/cmr/m/n/9 , will be de-no-ted by $\OML/cmm/m/it/9 F[] []$\OT1/cmr/m/n/9 ,
 []


Overfull \hbox (100.32191pt too wide) in alignment at lines 8159--8165
 [][][] []
 []


Overfull \hbox (12.372pt too wide) in paragraph at lines 8168--8170
[]\OT1/cmr/m/n/9 Recall the ex-pres-sion for $\OML/cmm/m/it/9 F[] []$\OT1/cmr/m
/n/9 , which is de-no-ted by $\OML/cmm/m/it/9 F[] []$\OT1/cmr/m/n/9 ,
 []


Overfull \hbox (63.32965pt too wide) in alignment at lines 8183--8192
 [][][] []
 []


Overfull \hbox (27.10274pt too wide) in alignment at lines 8194--8197
 [][][] []
 []


Overfull \hbox (27.10274pt too wide) in alignment at lines 8199--8202
 [][][] []
 []


Overfull \hbox (27.10274pt too wide) in alignment at lines 8204--8211
 [][][] []
 []


Overfull \hbox (27.10274pt too wide) in alignment at lines 8225--8230
 [][][] []
 []

LaTeX Info: Redefining \. on input line 8230.
LaTeX Info: Redefining \% on input line 8230.

Package fancyhdr Warning: \headheight is too small (12.0pt): 
(fancyhdr)                Make it at least 13.07225pt, for example:
(fancyhdr)                \setlength{\headheight}{13.07225pt}.
(fancyhdr)                You might also make \topmargin smaller to compensate:

(fancyhdr)                \addtolength{\topmargin}{-1.07225pt}.

LaTeX Info: Redefining \. on input line 8230.
LaTeX Info: Redefining \% on input line 8230.
[968]
Overfull \hbox (23.11159pt too wide) in alignment at lines 8246--8252
 [][][] []
 []


Overfull \hbox (36.68787pt too wide) in alignment at lines 8267--8280
 [][][] []
 []


Overfull \hbox (27.10274pt too wide) in alignment at lines 8283--8292
 [][][] []
 []


Overfull \hbox (27.10274pt too wide) in alignment at lines 8295--8302
 [][][] []
 []


Overfull \hbox (27.10274pt too wide) in alignment at lines 8305--8314
 [][][] []
 []

LaTeX Info: Redefining \. on input line 8334.
LaTeX Info: Redefining \% on input line 8334.

Package fancyhdr Warning: \headheight is too small (12.0pt): 
(fancyhdr)                Make it at least 13.07225pt, for example:
(fancyhdr)                \setlength{\headheight}{13.07225pt}.
(fancyhdr)                You might also make \topmargin smaller to compensate:

(fancyhdr)                \addtolength{\topmargin}{-1.07225pt}.

LaTeX Info: Redefining \. on input line 8334.
LaTeX Info: Redefining \% on input line 8334.
[969]
Overfull \hbox (27.10274pt too wide) in alignment at lines 8337--8346
 [][][] []
 []


Overfull \hbox (100.32191pt too wide) in alignment at lines 8380--8386
 [][][] []
 []


Overfull \hbox (38.63998pt too wide) in alignment at lines 8424--8434
 [][][] []
 []

LaTeX Info: Redefining \. on input line 8456.
LaTeX Info: Redefining \% on input line 8456.

Package fancyhdr Warning: \headheight is too small (12.0pt): 
(fancyhdr)                Make it at least 13.07225pt, for example:
(fancyhdr)                \setlength{\headheight}{13.07225pt}.
(fancyhdr)                You might also make \topmargin smaller to compensate:

(fancyhdr)                \addtolength{\topmargin}{-1.07225pt}.

LaTeX Info: Redefining \. on input line 8456.
LaTeX Info: Redefining \% on input line 8456.
[970]
Overfull \hbox (27.10274pt too wide) in alignment at lines 8459--8469
 [][][] []
 []


Overfull \hbox (38.63998pt too wide) in alignment at lines 8473--8483
 [][][] []
 []


Overfull \hbox (27.10274pt too wide) in alignment at lines 8486--8496
 [][][] []
 []


Overfull \hbox (38.22952pt too wide) in alignment at lines 8500--8514
 [][][] []
 []


Overfull \hbox (100.32191pt too wide) in alignment at lines 8521--8527
 [][][] []
 []


Overfull \hbox (27.10274pt too wide) in alignment at lines 8568--8578
 [][][] []
 []

LaTeX Info: Redefining \. on input line 8592.
LaTeX Info: Redefining \% on input line 8592.

Package fancyhdr Warning: \headheight is too small (12.0pt): 
(fancyhdr)                Make it at least 13.07225pt, for example:
(fancyhdr)                \setlength{\headheight}{13.07225pt}.
(fancyhdr)                You might also make \topmargin smaller to compensate:

(fancyhdr)                \addtolength{\topmargin}{-1.07225pt}.

LaTeX Info: Redefining \. on input line 8592.
LaTeX Info: Redefining \% on input line 8592.
[971]
Overfull \hbox (27.10274pt too wide) in alignment at lines 8609--8620
 [][][] []
 []


Overfull \hbox (38.63998pt too wide) in alignment at lines 8624--8635
 [][][] []
 []


Overfull \hbox (27.10274pt too wide) in alignment at lines 8639--8650
 [][][] []
 []


Overfull \hbox (38.22952pt too wide) in alignment at lines 8654--8669
 [][][] []
 []


Overfull \hbox (10.98636pt too wide) in alignment at lines 8690--8700
 [][][] []
 []


Overfull \hbox (33.06786pt too wide) in alignment at lines 8703--8714
 [][][] []
 []

LaTeX Info: Redefining \. on input line 8714.
LaTeX Info: Redefining \% on input line 8714.

Package fancyhdr Warning: \headheight is too small (12.0pt): 
(fancyhdr)                Make it at least 13.07225pt, for example:
(fancyhdr)                \setlength{\headheight}{13.07225pt}.
(fancyhdr)                You might also make \topmargin smaller to compensate:

(fancyhdr)                \addtolength{\topmargin}{-1.07225pt}.

LaTeX Info: Redefining \. on input line 8714.
LaTeX Info: Redefining \% on input line 8714.
[972]
Overfull \hbox (34.06085pt too wide) in alignment at lines 8756--8763
 [][][] []
 []


Overfull \hbox (10.70062pt too wide) in alignment at lines 8801--8819
 [][][] []
 []


Overfull \hbox (10.70062pt too wide) in alignment at lines 8822--8840
 [][][] []
 []


Overfull \hbox (10.70062pt too wide) in alignment at lines 8847--8865
 [][][] []
 []

LaTeX Info: Redefining \. on input line 8865.
LaTeX Info: Redefining \% on input line 8865.

Package fancyhdr Warning: \headheight is too small (12.0pt): 
(fancyhdr)                Make it at least 13.07225pt, for example:
(fancyhdr)                \setlength{\headheight}{13.07225pt}.
(fancyhdr)                You might also make \topmargin smaller to compensate:

(fancyhdr)                \addtolength{\topmargin}{-1.07225pt}.

LaTeX Info: Redefining \. on input line 8865.
LaTeX Info: Redefining \% on input line 8865.
[973]
Overfull \hbox (84.21698pt too wide) in alignment at lines 8871--8873
 [][][] []
 []


Overfull \hbox (10.98636pt too wide) in alignment at lines 8878--8889
 [][][] []
 []


Overfull \hbox (34.06085pt too wide) in alignment at lines 8892--8899
 [][][] []
 []


Overfull \hbox (34.06085pt too wide) in alignment at lines 8932--8938
 [][][] []
 []


Overfull \hbox (10.70062pt too wide) in alignment at lines 8975--8993
 [][][] []
 []

LaTeX Info: Redefining \. on input line 8993.
LaTeX Info: Redefining \% on input line 8993.

Package fancyhdr Warning: \headheight is too small (12.0pt): 
(fancyhdr)                Make it at least 13.07225pt, for example:
(fancyhdr)                \setlength{\headheight}{13.07225pt}.
(fancyhdr)                You might also make \topmargin smaller to compensate:

(fancyhdr)                \addtolength{\topmargin}{-1.07225pt}.

LaTeX Info: Redefining \. on input line 8993.
LaTeX Info: Redefining \% on input line 8993.
[974]
Overfull \hbox (10.70062pt too wide) in alignment at lines 8996--9014
 [][][] []
 []


Overfull \hbox (10.70062pt too wide) in alignment at lines 9019--9037
 [][][] []
 []


Overfull \hbox (88.07108pt too wide) in alignment at lines 9042--9044
 [][][] []
 []


Overfull \hbox (77.29352pt too wide) in alignment at lines 9051--9069
 [][][] []
 []


Overfull \hbox (14.55472pt too wide) in alignment at lines 9072--9090
 [][][] []
 []


Overfull \hbox (28.9433pt too wide) in alignment at lines 9093--9109
 [][][] []
 []


Overfull \hbox (28.9433pt too wide) in alignment at lines 9112--9128
 [][][] []
 []

LaTeX Info: Redefining \. on input line 9128.
LaTeX Info: Redefining \% on input line 9128.

Package fancyhdr Warning: \headheight is too small (12.0pt): 
(fancyhdr)                Make it at least 13.07225pt, for example:
(fancyhdr)                \setlength{\headheight}{13.07225pt}.
(fancyhdr)                You might also make \topmargin smaller to compensate:

(fancyhdr)                \addtolength{\topmargin}{-1.07225pt}.

LaTeX Info: Redefining \. on input line 9128.
LaTeX Info: Redefining \% on input line 9128.
[975]
Overfull \hbox (14.55472pt too wide) in alignment at lines 9136--9154
 [][][] []
 []


Overfull \hbox (28.9433pt too wide) in alignment at lines 9157--9172
 [][][] []
 []


Overfull \hbox (28.9433pt too wide) in alignment at lines 9175--9191
 [][][] []
 []


Overfull \hbox (14.84045pt too wide) in alignment at lines 9197--9207
 [][][] []
 []


Overfull \hbox (37.91495pt too wide) in alignment at lines 9210--9220
 [][][] []
 []


Overfull \hbox (14.84045pt too wide) in alignment at lines 9226--9234
 [][][] []
 []


Overfull \hbox (89.61273pt too wide) in alignment at lines 9245--9248
 [][][] []
 []


Overfull \hbox (77.29352pt too wide) in alignment at lines 9254--9273
 [][][] []
 []

LaTeX Info: Redefining \. on input line 9273.
LaTeX Info: Redefining \% on input line 9273.

Package fancyhdr Warning: \headheight is too small (12.0pt): 
(fancyhdr)                Make it at least 13.07225pt, for example:
(fancyhdr)                \setlength{\headheight}{13.07225pt}.
(fancyhdr)                You might also make \topmargin smaller to compensate:

(fancyhdr)                \addtolength{\topmargin}{-1.07225pt}.

LaTeX Info: Redefining \. on input line 9273.
LaTeX Info: Redefining \% on input line 9273.
[976]
Overfull \hbox (14.55472pt too wide) in alignment at lines 9276--9294
 [][][] []
 []


Overfull \hbox (27.40164pt too wide) in alignment at lines 9297--9313
 [][][] []
 []


Overfull \hbox (30.48495pt too wide) in alignment at lines 9316--9332
 [][][] []
 []


Overfull \hbox (77.29352pt too wide) in alignment at lines 9339--9357
 [][][] []
 []


Overfull \hbox (28.9433pt too wide) in alignment at lines 9360--9376
 [][][] []
 []


Overfull \hbox (28.9433pt too wide) in alignment at lines 9379--9395
 [][][] []
 []


Overfull \hbox (14.84045pt too wide) in alignment at lines 9401--9411
 [][][] []
 []


Overfull \hbox (37.91495pt too wide) in alignment at lines 9414--9424
 [][][] []
 []

LaTeX Info: Redefining \. on input line 9424.
LaTeX Info: Redefining \% on input line 9424.

Package fancyhdr Warning: \headheight is too small (12.0pt): 
(fancyhdr)                Make it at least 13.07225pt, for example:
(fancyhdr)                \setlength{\headheight}{13.07225pt}.
(fancyhdr)                You might also make \topmargin smaller to compensate:

(fancyhdr)                \addtolength{\topmargin}{-1.07225pt}.

LaTeX Info: Redefining \. on input line 9424.
LaTeX Info: Redefining \% on input line 9424.
[977]
Overfull \hbox (3.3032pt too wide) in alignment at lines 9430--9439
 [][][] []
 []

LaTeX Info: Redefining \. on input line 9444.
LaTeX Info: Redefining \% on input line 9444.

Package fancyhdr Warning: \headheight is too small (12.0pt): 
(fancyhdr)                Make it at least 13.07225pt, for example:
(fancyhdr)                \setlength{\headheight}{13.07225pt}.
(fancyhdr)                You might also make \topmargin smaller to compensate:

(fancyhdr)                \addtolength{\topmargin}{-1.07225pt}.

LaTeX Info: Redefining \. on input line 9444.
LaTeX Info: Redefining \% on input line 9444.
[978]
Overfull \hbox (7.36588pt too wide) in alignment at lines 9462--9466
 [][][] []
 []


Overfull \hbox (8.90753pt too wide) in alignment at lines 9468--9471
 [][][] []
 []


Overfull \hbox (2.69507pt too wide) in alignment at lines 9474--9478
 [][][] []
 []


Overfull \hbox (4.23672pt too wide) in alignment at lines 9481--9484
 [][][] []
 []


Overfull \hbox (8.90753pt too wide) in alignment at lines 9531--9534
 [][][] []
 []


Overfull \hbox (25.31895pt too wide) in alignment at lines 9552--9563
 [][][] []
 []

LaTeX Info: Redefining \. on input line 9563.
LaTeX Info: Redefining \% on input line 9563.

Package fancyhdr Warning: \headheight is too small (12.0pt): 
(fancyhdr)                Make it at least 13.07225pt, for example:
(fancyhdr)                \setlength{\headheight}{13.07225pt}.
(fancyhdr)                You might also make \topmargin smaller to compensate:

(fancyhdr)                \addtolength{\topmargin}{-1.07225pt}.

LaTeX Info: Redefining \. on input line 9563.
LaTeX Info: Redefining \% on input line 9563.
[979]
Overfull \hbox (25.31895pt too wide) in alignment at lines 9589--9600
 [][][] []
 []


Overfull \hbox (21.20787pt too wide) in alignment at lines 9607--9618
 [][][] []
 []

LaTeX Info: Redefining \. on input line 9686.
LaTeX Info: Redefining \% on input line 9686.

Package fancyhdr Warning: \headheight is too small (12.0pt): 
(fancyhdr)                Make it at least 13.07225pt, for example:
(fancyhdr)                \setlength{\headheight}{13.07225pt}.
(fancyhdr)                You might also make \topmargin smaller to compensate:

(fancyhdr)                \addtolength{\topmargin}{-1.07225pt}.

LaTeX Info: Redefining \. on input line 9686.
LaTeX Info: Redefining \% on input line 9686.
[980]

Package hyperref Warning: Suppressing link with empty target on input line 9774
.


Overfull \hbox (89.61273pt too wide) in alignment at lines 9777--9782
 [][][] []
 []

LaTeX Info: Redefining \. on input line 9782.
LaTeX Info: Redefining \% on input line 9782.

Package fancyhdr Warning: \headheight is too small (12.0pt): 
(fancyhdr)                Make it at least 13.07225pt, for example:
(fancyhdr)                \setlength{\headheight}{13.07225pt}.
(fancyhdr)                You might also make \topmargin smaller to compensate:

(fancyhdr)                \addtolength{\topmargin}{-1.07225pt}.

LaTeX Info: Redefining \. on input line 9782.
LaTeX Info: Redefining \% on input line 9782.
[981]
Overfull \hbox (28.56978pt too wide) in paragraph at lines 9807--9809
[]\OT1/cmr/m/n/9 Just li-ke be-fo-re the ex-pres-sion $\OML/cmm/m/it/9 F[] []$\
OT1/cmr/m/n/9 , will be de-no-ted by $\OML/cmm/m/it/9 F[] []$\OT1/cmr/m/n/9 ,
 []


Overfull \hbox (100.32191pt too wide) in alignment at lines 9810--9816
 [][][] []
 []


Overfull \hbox (12.372pt too wide) in paragraph at lines 9819--9821
[]\OT1/cmr/m/n/9 Recall the ex-pres-sion for $\OML/cmm/m/it/9 F[] []$\OT1/cmr/m
/n/9 , which is de-no-ted by $\OML/cmm/m/it/9 F[] []$\OT1/cmr/m/n/9 ,
 []


Overfull \hbox (63.32965pt too wide) in alignment at lines 9834--9843
 [][][] []
 []


Overfull \hbox (27.10274pt too wide) in alignment at lines 9845--9848
 [][][] []
 []


Overfull \hbox (27.10274pt too wide) in alignment at lines 9850--9853
 [][][] []
 []


Overfull \hbox (27.10274pt too wide) in alignment at lines 9855--9862
 [][][] []
 []

LaTeX Info: Redefining \. on input line 9862.
LaTeX Info: Redefining \% on input line 9862.

Package fancyhdr Warning: \headheight is too small (12.0pt): 
(fancyhdr)                Make it at least 13.07225pt, for example:
(fancyhdr)                \setlength{\headheight}{13.07225pt}.
(fancyhdr)                You might also make \topmargin smaller to compensate:

(fancyhdr)                \addtolength{\topmargin}{-1.07225pt}.

LaTeX Info: Redefining \. on input line 9862.
LaTeX Info: Redefining \% on input line 9862.
[982]
Overfull \hbox (27.10274pt too wide) in alignment at lines 9876--9881
 [][][] []
 []


Overfull \hbox (23.11159pt too wide) in alignment at lines 9897--9903
 [][][] []
 []


Overfull \hbox (36.68787pt too wide) in alignment at lines 9918--9931
 [][][] []
 []


Overfull \hbox (27.10274pt too wide) in alignment at lines 9934--9943
 [][][] []
 []


Overfull \hbox (27.10274pt too wide) in alignment at lines 9946--9953
 [][][] []
 []

LaTeX Info: Redefining \. on input line 9953.
LaTeX Info: Redefining \% on input line 9953.

Package fancyhdr Warning: \headheight is too small (12.0pt): 
(fancyhdr)                Make it at least 13.07225pt, for example:
(fancyhdr)                \setlength{\headheight}{13.07225pt}.
(fancyhdr)                You might also make \topmargin smaller to compensate:

(fancyhdr)                \addtolength{\topmargin}{-1.07225pt}.

LaTeX Info: Redefining \. on input line 9953.
LaTeX Info: Redefining \% on input line 9953.
[983]
Overfull \hbox (27.10274pt too wide) in alignment at lines 9956--9965
 [][][] []
 []


Overfull \hbox (27.10274pt too wide) in alignment at lines 9988--9997
 [][][] []
 []


Overfull \hbox (100.32191pt too wide) in alignment at lines 10031--10037
 [][][] []
 []

LaTeX Info: Redefining \. on input line 10072.
LaTeX Info: Redefining \% on input line 10072.

Package fancyhdr Warning: \headheight is too small (12.0pt): 
(fancyhdr)                Make it at least 13.07225pt, for example:
(fancyhdr)                \setlength{\headheight}{13.07225pt}.
(fancyhdr)                You might also make \topmargin smaller to compensate:

(fancyhdr)                \addtolength{\topmargin}{-1.07225pt}.

LaTeX Info: Redefining \. on input line 10072.
LaTeX Info: Redefining \% on input line 10072.
[984]
Overfull \hbox (38.63998pt too wide) in alignment at lines 10075--10085
 [][][] []
 []


Overfull \hbox (27.10274pt too wide) in alignment at lines 10110--10120
 [][][] []
 []


Overfull \hbox (38.63998pt too wide) in alignment at lines 10124--10134
 [][][] []
 []


Overfull \hbox (27.10274pt too wide) in alignment at lines 10137--10147
 [][][] []
 []


Overfull \hbox (38.22952pt too wide) in alignment at lines 10151--10165
 [][][] []
 []


Overfull \hbox (100.32191pt too wide) in alignment at lines 10172--10178
 [][][] []
 []

LaTeX Info: Redefining \. on input line 10203.
LaTeX Info: Redefining \% on input line 10203.

Package fancyhdr Warning: \headheight is too small (12.0pt): 
(fancyhdr)                Make it at least 13.07225pt, for example:
(fancyhdr)                \setlength{\headheight}{13.07225pt}.
(fancyhdr)                You might also make \topmargin smaller to compensate:

(fancyhdr)                \addtolength{\topmargin}{-1.07225pt}.

LaTeX Info: Redefining \. on input line 10203.
LaTeX Info: Redefining \% on input line 10203.
[985]
Overfull \hbox (27.10274pt too wide) in alignment at lines 10219--10229
 [][][] []
 []


Overfull \hbox (27.10274pt too wide) in alignment at lines 10260--10271
 [][][] []
 []


Overfull \hbox (38.63998pt too wide) in alignment at lines 10275--10286
 [][][] []
 []


Overfull \hbox (27.10274pt too wide) in alignment at lines 10290--10301
 [][][] []
 []


Overfull \hbox (38.22952pt too wide) in alignment at lines 10305--10320
 [][][] []
 []

LaTeX Info: Redefining \. on input line 10340.
LaTeX Info: Redefining \% on input line 10340.

Package fancyhdr Warning: \headheight is too small (12.0pt): 
(fancyhdr)                Make it at least 13.07225pt, for example:
(fancyhdr)                \setlength{\headheight}{13.07225pt}.
(fancyhdr)                You might also make \topmargin smaller to compensate:

(fancyhdr)                \addtolength{\topmargin}{-1.07225pt}.

LaTeX Info: Redefining \. on input line 10340.
LaTeX Info: Redefining \% on input line 10340.
[986]
Overfull \hbox (10.98636pt too wide) in alignment at lines 10340--10350
 [][][] []
 []


Overfull \hbox (33.06786pt too wide) in alignment at lines 10353--10364
 [][][] []
 []


Overfull \hbox (34.06085pt too wide) in alignment at lines 10405--10414
 [][][] []
 []


Overfull \hbox (34.06085pt too wide) in alignment at lines 10417--10424
 [][][] []
 []


Overfull \hbox (27.40164pt too wide) in alignment at lines 10463--10477
 [][][] []
 []

LaTeX Info: Redefining \. on input line 10477.
LaTeX Info: Redefining \% on input line 10477.

Package fancyhdr Warning: \headheight is too small (12.0pt): 
(fancyhdr)                Make it at least 13.07225pt, for example:
(fancyhdr)                \setlength{\headheight}{13.07225pt}.
(fancyhdr)                You might also make \topmargin smaller to compensate:

(fancyhdr)                \addtolength{\topmargin}{-1.07225pt}.

LaTeX Info: Redefining \. on input line 10477.
LaTeX Info: Redefining \% on input line 10477.
[987]
Overfull \hbox (28.9433pt too wide) in alignment at lines 10480--10495
 [][][] []
 []


Overfull \hbox (10.70062pt too wide) in alignment at lines 10498--10516
 [][][] []
 []


Overfull \hbox (10.70062pt too wide) in alignment at lines 10519--10537
 [][][] []
 []


Overfull \hbox (0.73383pt too wide) in alignment at lines 10546--10554
 [][][] []
 []


Overfull \hbox (0.73383pt too wide) in alignment at lines 10557--10564
 [][][] []
 []


Overfull \hbox (10.70062pt too wide) in alignment at lines 10567--10576
 [][][] []
 []


Overfull \hbox (10.70062pt too wide) in alignment at lines 10580--10589
 [][][] []
 []


Overfull \hbox (84.21698pt too wide) in alignment at lines 10595--10597
 [][][] []
 []


Overfull \hbox (10.98636pt too wide) in alignment at lines 10603--10605
 [][][] []
 []

LaTeX Info: Redefining \. on input line 10605.
LaTeX Info: Redefining \% on input line 10605.

Package fancyhdr Warning: \headheight is too small (12.0pt): 
(fancyhdr)                Make it at least 13.07225pt, for example:
(fancyhdr)                \setlength{\headheight}{13.07225pt}.
(fancyhdr)                You might also make \topmargin smaller to compensate:

(fancyhdr)                \addtolength{\topmargin}{-1.07225pt}.

LaTeX Info: Redefining \. on input line 10605.
LaTeX Info: Redefining \% on input line 10605.
[988]
Overfull \hbox (34.06085pt too wide) in alignment at lines 10608--10611
 [][][] []
 []


Overfull \hbox (34.06085pt too wide) in alignment at lines 10630--10633
 [][][] []
 []


Overfull \hbox (34.06085pt too wide) in alignment at lines 10635--10638
 [][][] []
 []


Overfull \hbox (0.73383pt too wide) in alignment at lines 10648--10653
 [][][] []
 []


Overfull \hbox (0.73383pt too wide) in alignment at lines 10659--10664
 [][][] []
 []


Overfull \hbox (0.73383pt too wide) in alignment at lines 10666--10673
 [][][] []
 []


Overfull \hbox (10.70062pt too wide) in alignment at lines 10676--10685
 [][][] []
 []


Overfull \hbox (10.70062pt too wide) in alignment at lines 10688--10697
 [][][] []
 []


Overfull \hbox (0.73383pt too wide) in alignment at lines 10702--10709
 [][][] []
 []


Overfull \hbox (0.73383pt too wide) in alignment at lines 10711--10718
 [][][] []
 []

LaTeX Info: Redefining \. on input line 10718.
LaTeX Info: Redefining \% on input line 10718.

Package fancyhdr Warning: \headheight is too small (12.0pt): 
(fancyhdr)                Make it at least 13.07225pt, for example:
(fancyhdr)                \setlength{\headheight}{13.07225pt}.
(fancyhdr)                You might also make \topmargin smaller to compensate:

(fancyhdr)                \addtolength{\topmargin}{-1.07225pt}.

LaTeX Info: Redefining \. on input line 10718.
LaTeX Info: Redefining \% on input line 10718.
[989]
Overfull \hbox (10.70062pt too wide) in alignment at lines 10721--10730
 [][][] []
 []


Overfull \hbox (10.70062pt too wide) in alignment at lines 10733--10742
 [][][] []
 []


Overfull \hbox (88.07108pt too wide) in alignment at lines 10749--10751
 [][][] []
 []


Overfull \hbox (77.29352pt too wide) in alignment at lines 10756--10765
 [][][] []
 []


Overfull \hbox (14.55472pt too wide) in alignment at lines 10768--10777
 [][][] []
 []


Overfull \hbox (0.73383pt too wide) in alignment at lines 10780--10789
 [][][] []
 []


Overfull \hbox (0.73383pt too wide) in alignment at lines 10792--10801
 [][][] []
 []


Overfull \hbox (14.55472pt too wide) in alignment at lines 10807--10816
 [][][] []
 []


Overfull \hbox (14.55472pt too wide) in alignment at lines 10818--10827
 [][][] []
 []


Overfull \hbox (0.73383pt too wide) in alignment at lines 10830--10839
 [][][] []
 []


Overfull \hbox (0.73383pt too wide) in alignment at lines 10842--10851
 [][][] []
 []

LaTeX Info: Redefining \. on input line 10851.
LaTeX Info: Redefining \% on input line 10851.

Package fancyhdr Warning: \headheight is too small (12.0pt): 
(fancyhdr)                Make it at least 13.07225pt, for example:
(fancyhdr)                \setlength{\headheight}{13.07225pt}.
(fancyhdr)                You might also make \topmargin smaller to compensate:

(fancyhdr)                \addtolength{\topmargin}{-1.07225pt}.

LaTeX Info: Redefining \. on input line 10851.
LaTeX Info: Redefining \% on input line 10851.
[990]
Overfull \hbox (89.61273pt too wide) in alignment at lines 10943--10946
 [][][] []
 []


Overfull \hbox (77.29352pt too wide) in alignment at lines 10951--10960
 [][][] []
 []


Overfull \hbox (14.55472pt too wide) in alignment at lines 10963--10972
 [][][] []
 []


Overfull \hbox (0.73383pt too wide) in alignment at lines 10975--10984
 [][][] []
 []

LaTeX Info: Redefining \. on input line 10984.
LaTeX Info: Redefining \% on input line 10984.

Package fancyhdr Warning: \headheight is too small (12.0pt): 
(fancyhdr)                Make it at least 13.07225pt, for example:
(fancyhdr)                \setlength{\headheight}{13.07225pt}.
(fancyhdr)                You might also make \topmargin smaller to compensate:

(fancyhdr)                \addtolength{\topmargin}{-1.07225pt}.

LaTeX Info: Redefining \. on input line 10984.
LaTeX Info: Redefining \% on input line 10984.
[991]
Overfull \hbox (0.73383pt too wide) in alignment at lines 10987--10996
 [][][] []
 []


Overfull \hbox (14.55472pt too wide) in alignment at lines 11002--11011
 [][][] []
 []


Overfull \hbox (77.29352pt too wide) in alignment at lines 11014--11023
 [][][] []
 []


Overfull \hbox (0.73383pt too wide) in alignment at lines 11026--11035
 [][][] []
 []

LaTeX Info: Redefining \. on input line 11111.
LaTeX Info: Redefining \% on input line 11111.

Package fancyhdr Warning: \headheight is too small (12.0pt): 
(fancyhdr)                Make it at least 13.07225pt, for example:
(fancyhdr)                \setlength{\headheight}{13.07225pt}.
(fancyhdr)                You might also make \topmargin smaller to compensate:

(fancyhdr)                \addtolength{\topmargin}{-1.07225pt}.

LaTeX Info: Redefining \. on input line 11111.
LaTeX Info: Redefining \% on input line 11111.
[992]
LaTeX Info: Redefining \. on input line 11136.
LaTeX Info: Redefining \% on input line 11136.


Package fancyhdr Warning: \headheight is too small (12.0pt): 
(fancyhdr)                Make it at least 13.07225pt, for example:
(fancyhdr)                \setlength{\headheight}{13.07225pt}.
(fancyhdr)                You might also make \topmargin smaller to compensate:

(fancyhdr)                \addtolength{\topmargin}{-1.07225pt}.

LaTeX Info: Redefining \. on input line 11136.
LaTeX Info: Redefining \% on input line 11136.
[993]
Overfull \hbox (7.36588pt too wide) in alignment at lines 11153--11157
 [][][] []
 []


Overfull \hbox (8.90753pt too wide) in alignment at lines 11159--11162
 [][][] []
 []


Overfull \hbox (2.69507pt too wide) in alignment at lines 11165--11169
 [][][] []
 []


Overfull \hbox (4.23672pt too wide) in alignment at lines 11172--11175
 [][][] []
 []


Overfull \hbox (8.90753pt too wide) in alignment at lines 11222--11225
 [][][] []
 []


Overfull \hbox (25.31895pt too wide) in alignment at lines 11243--11254
 [][][] []
 []

LaTeX Info: Redefining \. on input line 11254.
LaTeX Info: Redefining \% on input line 11254.

Package fancyhdr Warning: \headheight is too small (12.0pt): 
(fancyhdr)                Make it at least 13.07225pt, for example:
(fancyhdr)                \setlength{\headheight}{13.07225pt}.
(fancyhdr)                You might also make \topmargin smaller to compensate:

(fancyhdr)                \addtolength{\topmargin}{-1.07225pt}.

LaTeX Info: Redefining \. on input line 11254.
LaTeX Info: Redefining \% on input line 11254.
[994]
Overfull \hbox (25.31895pt too wide) in alignment at lines 11280--11291
 [][][] []
 []


Overfull \hbox (21.20787pt too wide) in alignment at lines 11298--11309
 [][][] []
 []

LaTeX Info: Redefining \. on input line 11377.
LaTeX Info: Redefining \% on input line 11377.

Package fancyhdr Warning: \headheight is too small (12.0pt): 
(fancyhdr)                Make it at least 13.07225pt, for example:
(fancyhdr)                \setlength{\headheight}{13.07225pt}.
(fancyhdr)                You might also make \topmargin smaller to compensate:

(fancyhdr)                \addtolength{\topmargin}{-1.07225pt}.

LaTeX Info: Redefining \. on input line 11377.
LaTeX Info: Redefining \% on input line 11377.
[995]

Package hyperref Warning: Suppressing link with empty target on input line 1146
5.


Overfull \hbox (89.61273pt too wide) in alignment at lines 11468--11473
 [][][] []
 []

LaTeX Info: Redefining \. on input line 11473.
LaTeX Info: Redefining \% on input line 11473.

Package fancyhdr Warning: \headheight is too small (12.0pt): 
(fancyhdr)                Make it at least 13.07225pt, for example:
(fancyhdr)                \setlength{\headheight}{13.07225pt}.
(fancyhdr)                You might also make \topmargin smaller to compensate:

(fancyhdr)                \addtolength{\topmargin}{-1.07225pt}.

LaTeX Info: Redefining \. on input line 11473.
LaTeX Info: Redefining \% on input line 11473.
[996]
Overfull \hbox (28.56978pt too wide) in paragraph at lines 11498--11500
[]\OT1/cmr/m/n/9 Just li-ke be-fo-re the ex-pres-sion $\OML/cmm/m/it/9 F[] []$\
OT1/cmr/m/n/9 , will be de-no-ted by $\OML/cmm/m/it/9 F[] []$\OT1/cmr/m/n/9 ,
 []


Overfull \hbox (100.32191pt too wide) in alignment at lines 11501--11507
 [][][] []
 []


Overfull \hbox (12.372pt too wide) in paragraph at lines 11510--11512
[]\OT1/cmr/m/n/9 Recall the ex-pres-sion for $\OML/cmm/m/it/9 F[] []$\OT1/cmr/m
/n/9 , which is de-no-ted by $\OML/cmm/m/it/9 F[] []$\OT1/cmr/m/n/9 ,
 []


Overfull \hbox (63.32965pt too wide) in alignment at lines 11525--11534
 [][][] []
 []


Overfull \hbox (27.10274pt too wide) in alignment at lines 11536--11539
 [][][] []
 []


Overfull \hbox (27.10274pt too wide) in alignment at lines 11541--11544
 [][][] []
 []


Overfull \hbox (27.10274pt too wide) in alignment at lines 11546--11553
 [][][] []
 []

LaTeX Info: Redefining \. on input line 11553.
LaTeX Info: Redefining \% on input line 11553.

Package fancyhdr Warning: \headheight is too small (12.0pt): 
(fancyhdr)                Make it at least 13.07225pt, for example:
(fancyhdr)                \setlength{\headheight}{13.07225pt}.
(fancyhdr)                You might also make \topmargin smaller to compensate:

(fancyhdr)                \addtolength{\topmargin}{-1.07225pt}.

LaTeX Info: Redefining \. on input line 11553.
LaTeX Info: Redefining \% on input line 11553.
[997]
Overfull \hbox (27.10274pt too wide) in alignment at lines 11567--11572
 [][][] []
 []


Overfull \hbox (23.11159pt too wide) in alignment at lines 11588--11594
 [][][] []
 []


Overfull \hbox (36.68787pt too wide) in alignment at lines 11609--11622
 [][][] []
 []


Overfull \hbox (27.10274pt too wide) in alignment at lines 11625--11634
 [][][] []
 []


Overfull \hbox (27.10274pt too wide) in alignment at lines 11637--11644
 [][][] []
 []

LaTeX Info: Redefining \. on input line 11644.
LaTeX Info: Redefining \% on input line 11644.

Package fancyhdr Warning: \headheight is too small (12.0pt): 
(fancyhdr)                Make it at least 13.07225pt, for example:
(fancyhdr)                \setlength{\headheight}{13.07225pt}.
(fancyhdr)                You might also make \topmargin smaller to compensate:

(fancyhdr)                \addtolength{\topmargin}{-1.07225pt}.

LaTeX Info: Redefining \. on input line 11644.
LaTeX Info: Redefining \% on input line 11644.
[998]
Overfull \hbox (27.10274pt too wide) in alignment at lines 11647--11656
 [][][] []
 []


Overfull \hbox (27.10274pt too wide) in alignment at lines 11679--11688
 [][][] []
 []


Overfull \hbox (100.32191pt too wide) in alignment at lines 11722--11728
 [][][] []
 []

LaTeX Info: Redefining \. on input line 11763.
LaTeX Info: Redefining \% on input line 11763.

Package fancyhdr Warning: \headheight is too small (12.0pt): 
(fancyhdr)                Make it at least 13.07225pt, for example:
(fancyhdr)                \setlength{\headheight}{13.07225pt}.
(fancyhdr)                You might also make \topmargin smaller to compensate:

(fancyhdr)                \addtolength{\topmargin}{-1.07225pt}.

LaTeX Info: Redefining \. on input line 11763.
LaTeX Info: Redefining \% on input line 11763.
[999]
Overfull \hbox (38.63998pt too wide) in alignment at lines 11766--11776
 [][][] []
 []


Overfull \hbox (27.10274pt too wide) in alignment at lines 11801--11811
 [][][] []
 []


Overfull \hbox (38.63998pt too wide) in alignment at lines 11815--11825
 [][][] []
 []


Overfull \hbox (27.10274pt too wide) in alignment at lines 11828--11838
 [][][] []
 []


Overfull \hbox (38.22952pt too wide) in alignment at lines 11842--11856
 [][][] []
 []


Overfull \hbox (100.32191pt too wide) in alignment at lines 11863--11869
 [][][] []
 []

LaTeX Info: Redefining \. on input line 11894.
LaTeX Info: Redefining \% on input line 11894.

Package fancyhdr Warning: \headheight is too small (12.0pt): 
(fancyhdr)                Make it at least 13.07225pt, for example:
(fancyhdr)                \setlength{\headheight}{13.07225pt}.
(fancyhdr)                You might also make \topmargin smaller to compensate:

(fancyhdr)                \addtolength{\topmargin}{-1.07225pt}.

LaTeX Info: Redefining \. on input line 11894.
LaTeX Info: Redefining \% on input line 11894.
[1000]
Overfull \hbox (27.10274pt too wide) in alignment at lines 11910--11920
 [][][] []
 []


Overfull \hbox (27.10274pt too wide) in alignment at lines 11951--11962
 [][][] []
 []


Overfull \hbox (38.63998pt too wide) in alignment at lines 11966--11977
 [][][] []
 []


Overfull \hbox (27.10274pt too wide) in alignment at lines 11981--11992
 [][][] []
 []


Overfull \hbox (38.22952pt too wide) in alignment at lines 11996--12011
 [][][] []
 []


Overfull \hbox (10.98636pt too wide) in alignment at lines 12021--12026
 [][][] []
 []

LaTeX Info: Redefining \. on input line 12026.
LaTeX Info: Redefining \% on input line 12026.

Package fancyhdr Warning: \headheight is too small (12.0pt): 
(fancyhdr)                Make it at least 13.07225pt, for example:
(fancyhdr)                \setlength{\headheight}{13.07225pt}.
(fancyhdr)                You might also make \topmargin smaller to compensate:

(fancyhdr)                \addtolength{\topmargin}{-1.07225pt}.

LaTeX Info: Redefining \. on input line 12026.
LaTeX Info: Redefining \% on input line 12026.
[1001]
Overfull \hbox (33.06786pt too wide) in alignment at lines 12029--12032
 [][][] []
 []


Overfull \hbox (34.06085pt too wide) in alignment at lines 12056--12061
 [][][] []
 []


Overfull \hbox (34.06085pt too wide) in alignment at lines 12064--12068
 [][][] []
 []


Overfull \hbox (0.73383pt too wide) in alignment at lines 12092--12099
 [][][] []
 []


Overfull \hbox (0.73383pt too wide) in alignment at lines 12102--12110
 [][][] []
 []


Overfull \hbox (10.70062pt too wide) in alignment at lines 12113--12122
 [][][] []
 []


Overfull \hbox (10.70062pt too wide) in alignment at lines 12125--12134
 [][][] []
 []


Overfull \hbox (0.73383pt too wide) in alignment at lines 12139--12147
 [][][] []
 []

LaTeX Info: Redefining \. on input line 12147.
LaTeX Info: Redefining \% on input line 12147.

Package fancyhdr Warning: \headheight is too small (12.0pt): 
(fancyhdr)                Make it at least 13.07225pt, for example:
(fancyhdr)                \setlength{\headheight}{13.07225pt}.
(fancyhdr)                You might also make \topmargin smaller to compensate:

(fancyhdr)                \addtolength{\topmargin}{-1.07225pt}.

LaTeX Info: Redefining \. on input line 12147.
LaTeX Info: Redefining \% on input line 12147.
[1002]
Overfull \hbox (0.73383pt too wide) in alignment at lines 12150--12157
 [][][] []
 []


Overfull \hbox (10.70062pt too wide) in alignment at lines 12160--12169
 [][][] []
 []


Overfull \hbox (10.70062pt too wide) in alignment at lines 12173--12182
 [][][] []
 []


Overfull \hbox (84.21698pt too wide) in alignment at lines 12188--12190
 [][][] []
 []


Overfull \hbox (10.98636pt too wide) in alignment at lines 12196--12198
 [][][] []
 []


Overfull \hbox (34.06085pt too wide) in alignment at lines 12201--12204
 [][][] []
 []


Overfull \hbox (34.06085pt too wide) in alignment at lines 12223--12226
 [][][] []
 []


Overfull \hbox (34.06085pt too wide) in alignment at lines 12228--12231
 [][][] []
 []


Overfull \hbox (0.73383pt too wide) in alignment at lines 12241--12246
 [][][] []
 []


Overfull \hbox (0.73383pt too wide) in alignment at lines 12252--12257
 [][][] []
 []

LaTeX Info: Redefining \. on input line 12257.
LaTeX Info: Redefining \% on input line 12257.

Package fancyhdr Warning: \headheight is too small (12.0pt): 
(fancyhdr)                Make it at least 13.07225pt, for example:
(fancyhdr)                \setlength{\headheight}{13.07225pt}.
(fancyhdr)                You might also make \topmargin smaller to compensate:

(fancyhdr)                \addtolength{\topmargin}{-1.07225pt}.

LaTeX Info: Redefining \. on input line 12257.
LaTeX Info: Redefining \% on input line 12257.
[1003]
Overfull \hbox (0.73383pt too wide) in alignment at lines 12259--12266
 [][][] []
 []


Overfull \hbox (10.70062pt too wide) in alignment at lines 12269--12278
 [][][] []
 []


Overfull \hbox (10.70062pt too wide) in alignment at lines 12281--12290
 [][][] []
 []


Overfull \hbox (0.73383pt too wide) in alignment at lines 12295--12302
 [][][] []
 []


Overfull \hbox (0.73383pt too wide) in alignment at lines 12304--12311
 [][][] []
 []


Overfull \hbox (10.70062pt too wide) in alignment at lines 12314--12323
 [][][] []
 []


Overfull \hbox (10.70062pt too wide) in alignment at lines 12326--12335
 [][][] []
 []


Overfull \hbox (88.07108pt too wide) in alignment at lines 12342--12344
 [][][] []
 []


Overfull \hbox (77.29352pt too wide) in alignment at lines 12349--12358
 [][][] []
 []

./TeoremaDown.tex:12366: Missing } inserted.
<inserted text> 
                }
l.12366 ...}D_{1}F_{2}+D_{2}D_{1}\hat{F}_{4}\right
                                                  )
? 
./TeoremaDown.tex:12366: Extra \right.
l.12366 ...D_{1}F_{2}+D_{2}D_{1}\hat{F}_{4}\right)
                                                  
? 
./TeoremaDown.tex:12370: Incomplete \ifcase; all text was ignored after line 12
370.
<inserted text> 
                \fi 
l.12370 \end{eqnarray}
                      
? 
./TeoremaDown.tex:12370: Missing $ inserted.
<inserted text> 
                $
l.12370 \end{eqnarray}
                      
? 
./TeoremaDown.tex:12370: Extra alignment tab has been changed to \cr.
<template> \egroup \endtemplate 
                                
l.12370 \end{eqnarray}
                      
? 
./TeoremaDown.tex:12370: Extra \or.
\@@eqncr ...e \@eqcnt \def \reserved@a {& & &}\or 
                                                  \def \reserved@a {& &}\or ...
l.12370 \end{eqnarray}
                      
? 
./TeoremaDown.tex:12370: Extra \or.
\@@eqncr ... {& & &}\or \def \reserved@a {& &}\or 
                                                  \def \reserved@a {&}\else ...
l.12370 \end{eqnarray}
                      
? 
Runaway definition?
->\egroup 
./TeoremaDown.tex:12370: Forbidden control sequence found while scanning defini
tion of \reserved@a.
<inserted text> 
                }
l.12370 \end{eqnarray}
                      
? 
./TeoremaDown.tex:12370: Extra alignment tab has been changed to \cr.
<recently read> \endtemplate 
                             
l.12370 \end{eqnarray}
                      
? 

Overfull \hbox (111.90526pt too wide) in alignment at lines 12361--12370
 [][][] []
 []

./TeoremaDown.tex:12370: Extra \else.
\@@eqncr ...@a {& &}\or \def \reserved@a {&}\else 
                                                  \let \reserved@a \@empty \...
l.12370 \end{eqnarray}
                      
? 
./TeoremaDown.tex:12370: Missing $$ inserted.
<to be read again> 
                   \begingroup 
l.12370 \end{eqnarray}
                      
? 
LaTeX Info: Redefining \. on input line 12370.
LaTeX Info: Redefining \% on input line 12370.

Package fancyhdr Warning: \headheight is too small (12.0pt): 
(fancyhdr)                Make it at least 13.07225pt, for example:
(fancyhdr)                \setlength{\headheight}{13.07225pt}.
(fancyhdr)                You might also make \topmargin smaller to compensate:

(fancyhdr)                \addtolength{\topmargin}{-1.07225pt}.

LaTeX Info: Redefining \. on input line 12370.
LaTeX Info: Redefining \% on input line 12370.
[1004]

./TeoremaDown.tex:12370: LaTeX Error: Too many columns in eqnarray environment.


See the LaTeX manual or LaTeX Companion for explanation.
Type  H <return>  for immediate help.
 ...                                              
                                                  
l.12370 \end{eqnarray}
                      
? 
./TeoremaDown.tex:12370: Extra \fi.
\@@eqncr ...mns in eqnarray environment}\@ehc \fi 
                                                  \reserved@a \if@eqnsw \@eq...
l.12370 \end{eqnarray}
                      
? 

Overfull \hbox (0.73383pt too wide) in alignment at lines 12385--12394
 [][][] []
 []


Overfull \hbox (111.90526pt too wide) in alignment at lines 12400--12409
 [][][] []
 []


Overfull \hbox (14.55472pt too wide) in alignment at lines 12411--12420
 [][][] []
 []


Overfull \hbox (0.73383pt too wide) in alignment at lines 12423--12432
 [][][] []
 []


Overfull \hbox (0.73383pt too wide) in alignment at lines 12435--12444
 [][][] []
 []


Overfull \hbox (94.57771pt too wide) in alignment at lines 12469--12472
 [][][] []
 []


Overfull \hbox (94.57771pt too wide) in alignment at lines 12475--12478
 [][][] []
 []


Overfull \hbox (94.57771pt too wide) in alignment at lines 12484--12487
 [][][] []
 []

LaTeX Info: Redefining \. on input line 12487.
LaTeX Info: Redefining \% on input line 12487.

Package fancyhdr Warning: \headheight is too small (12.0pt): 
(fancyhdr)                Make it at least 13.07225pt, for example:
(fancyhdr)                \setlength{\headheight}{13.07225pt}.
(fancyhdr)                You might also make \topmargin smaller to compensate:

(fancyhdr)                \addtolength{\topmargin}{-1.07225pt}.

LaTeX Info: Redefining \. on input line 12487.
LaTeX Info: Redefining \% on input line 12487.
[1005]
Overfull \hbox (94.57771pt too wide) in alignment at lines 12489--12492
 [][][] []
 []


Overfull \hbox (94.57771pt too wide) in alignment at lines 12495--12498
 [][][] []
 []


Overfull \hbox (94.57771pt too wide) in alignment at lines 12501--12504
 [][][] []
 []


Overfull \hbox (89.61273pt too wide) in alignment at lines 12512--12515
 [][][] []
 []


Overfull \hbox (94.57771pt too wide) in alignment at lines 12520--12523
 [][][] []
 []


Overfull \hbox (94.57771pt too wide) in alignment at lines 12526--12529
 [][][] []
 []


Overfull \hbox (94.57771pt too wide) in alignment at lines 12532--12535
 [][][] []
 []


Overfull \hbox (94.57771pt too wide) in alignment at lines 12538--12541
 [][][] []
 []


Overfull \hbox (94.57771pt too wide) in alignment at lines 12547--12550
 [][][] []
 []


Overfull \hbox (94.57771pt too wide) in alignment at lines 12553--12556
 [][][] []
 []


Overfull \hbox (94.57771pt too wide) in alignment at lines 12559--12562
 [][][] []
 []


Overfull \hbox (94.57771pt too wide) in alignment at lines 12565--12568
 [][][] []
 []


Overfull \hbox (94.57771pt too wide) in alignment at lines 12573--12576
 [][][] []
 []

LaTeX Info: Redefining \. on input line 12576.
LaTeX Info: Redefining \% on input line 12576.

Package fancyhdr Warning: \headheight is too small (12.0pt): 
(fancyhdr)                Make it at least 13.07225pt, for example:
(fancyhdr)                \setlength{\headheight}{13.07225pt}.
(fancyhdr)                You might also make \topmargin smaller to compensate:

(fancyhdr)                \addtolength{\topmargin}{-1.07225pt}.

LaTeX Info: Redefining \. on input line 12576.
LaTeX Info: Redefining \% on input line 12576.
[1006]
Overfull \hbox (94.57771pt too wide) in alignment at lines 12579--12582
 [][][] []
 []


Overfull \hbox (94.57771pt too wide) in alignment at lines 12585--12588
 [][][] []
 []


Overfull \hbox (94.57771pt too wide) in alignment at lines 12591--12594
 [][][] []
 []


Overfull \hbox (94.57771pt too wide) in alignment at lines 12599--12602
 [][][] []
 []


Overfull \hbox (94.57771pt too wide) in alignment at lines 12605--12608
 [][][] []
 []


Overfull \hbox (94.57771pt too wide) in alignment at lines 12611--12614
 [][][] []
 []


Overfull \hbox (94.57771pt too wide) in alignment at lines 12617--12620
 [][][] []
 []

LaTeX Info: Redefining \. on input line 12625.
LaTeX Info: Redefining \% on input line 12625.

Package fancyhdr Warning: \headheight is too small (12.0pt): 
(fancyhdr)                Make it at least 13.07225pt, for example:
(fancyhdr)                \setlength{\headheight}{13.07225pt}.
(fancyhdr)                You might also make \topmargin smaller to compensate:

(fancyhdr)                \addtolength{\topmargin}{-1.07225pt}.

LaTeX Info: Redefining \. on input line 12625.
LaTeX Info: Redefining \% on input line 12625.
[1007]
Overfull \hbox (7.36588pt too wide) in alignment at lines 12642--12646
 [][][] []
 []


Overfull \hbox (8.90753pt too wide) in alignment at lines 12648--12651
 [][][] []
 []


Overfull \hbox (2.69507pt too wide) in alignment at lines 12654--12658
 [][][] []
 []


Overfull \hbox (4.23672pt too wide) in alignment at lines 12661--12664
 [][][] []
 []


Overfull \hbox (8.90753pt too wide) in alignment at lines 12711--12714
 [][][] []
 []


Overfull \hbox (25.31895pt too wide) in alignment at lines 12732--12743
 [][][] []
 []

LaTeX Info: Redefining \. on input line 12743.
LaTeX Info: Redefining \% on input line 12743.

Package fancyhdr Warning: \headheight is too small (12.0pt): 
(fancyhdr)                Make it at least 13.07225pt, for example:
(fancyhdr)                \setlength{\headheight}{13.07225pt}.
(fancyhdr)                You might also make \topmargin smaller to compensate:

(fancyhdr)                \addtolength{\topmargin}{-1.07225pt}.

LaTeX Info: Redefining \. on input line 12743.
LaTeX Info: Redefining \% on input line 12743.
[1008]
Overfull \hbox (25.31895pt too wide) in alignment at lines 12769--12780
 [][][] []
 []


Overfull \hbox (21.20787pt too wide) in alignment at lines 12787--12798
 [][][] []
 []

LaTeX Info: Redefining \. on input line 12866.
LaTeX Info: Redefining \% on input line 12866.

Package fancyhdr Warning: \headheight is too small (12.0pt): 
(fancyhdr)                Make it at least 13.07225pt, for example:
(fancyhdr)                \setlength{\headheight}{13.07225pt}.
(fancyhdr)                You might also make \topmargin smaller to compensate:

(fancyhdr)                \addtolength{\topmargin}{-1.07225pt}.

LaTeX Info: Redefining \. on input line 12866.
LaTeX Info: Redefining \% on input line 12866.
[1009]

Package hyperref Warning: Suppressing link with empty target on input line 1295
4.


Overfull \hbox (89.61273pt too wide) in alignment at lines 12957--12962
 [][][] []
 []

LaTeX Info: Redefining \. on input line 12962.
LaTeX Info: Redefining \% on input line 12962.

Package fancyhdr Warning: \headheight is too small (12.0pt): 
(fancyhdr)                Make it at least 13.07225pt, for example:
(fancyhdr)                \setlength{\headheight}{13.07225pt}.
(fancyhdr)                You might also make \topmargin smaller to compensate:

(fancyhdr)                \addtolength{\topmargin}{-1.07225pt}.

LaTeX Info: Redefining \. on input line 12962.
LaTeX Info: Redefining \% on input line 12962.
[1010]
Overfull \hbox (28.56978pt too wide) in paragraph at lines 12987--12989
[]\OT1/cmr/m/n/9 Just li-ke be-fo-re the ex-pres-sion $\OML/cmm/m/it/9 F[] []$\
OT1/cmr/m/n/9 , will be de-no-ted by $\OML/cmm/m/it/9 F[] []$\OT1/cmr/m/n/9 ,
 []


Overfull \hbox (100.32191pt too wide) in alignment at lines 12990--12996
 [][][] []
 []


Overfull \hbox (12.372pt too wide) in paragraph at lines 12999--13001
[]\OT1/cmr/m/n/9 Recall the ex-pres-sion for $\OML/cmm/m/it/9 F[] []$\OT1/cmr/m
/n/9 , which is de-no-ted by $\OML/cmm/m/it/9 F[] []$\OT1/cmr/m/n/9 ,
 []


Overfull \hbox (63.32965pt too wide) in alignment at lines 13014--13023
 [][][] []
 []


Overfull \hbox (27.10274pt too wide) in alignment at lines 13025--13028
 [][][] []
 []


Overfull \hbox (27.10274pt too wide) in alignment at lines 13030--13033
 [][][] []
 []


Overfull \hbox (27.10274pt too wide) in alignment at lines 13035--13042
 [][][] []
 []

LaTeX Info: Redefining \. on input line 13042.
LaTeX Info: Redefining \% on input line 13042.

Package fancyhdr Warning: \headheight is too small (12.0pt): 
(fancyhdr)                Make it at least 13.07225pt, for example:
(fancyhdr)                \setlength{\headheight}{13.07225pt}.
(fancyhdr)                You might also make \topmargin smaller to compensate:

(fancyhdr)                \addtolength{\topmargin}{-1.07225pt}.

LaTeX Info: Redefining \. on input line 13042.
LaTeX Info: Redefining \% on input line 13042.
[1011]
Overfull \hbox (27.10274pt too wide) in alignment at lines 13056--13061
 [][][] []
 []


Overfull \hbox (23.11159pt too wide) in alignment at lines 13077--13083
 [][][] []
 []


Overfull \hbox (36.68787pt too wide) in alignment at lines 13098--13111
 [][][] []
 []


Overfull \hbox (27.10274pt too wide) in alignment at lines 13114--13123
 [][][] []
 []


Overfull \hbox (27.10274pt too wide) in alignment at lines 13126--13133
 [][][] []
 []

LaTeX Info: Redefining \. on input line 13133.
LaTeX Info: Redefining \% on input line 13133.

Package fancyhdr Warning: \headheight is too small (12.0pt): 
(fancyhdr)                Make it at least 13.07225pt, for example:
(fancyhdr)                \setlength{\headheight}{13.07225pt}.
(fancyhdr)                You might also make \topmargin smaller to compensate:

(fancyhdr)                \addtolength{\topmargin}{-1.07225pt}.

LaTeX Info: Redefining \. on input line 13133.
LaTeX Info: Redefining \% on input line 13133.
[1012]
Overfull \hbox (27.10274pt too wide) in alignment at lines 13136--13145
 [][][] []
 []


Overfull \hbox (27.10274pt too wide) in alignment at lines 13168--13177
 [][][] []
 []


Overfull \hbox (100.32191pt too wide) in alignment at lines 13211--13217
 [][][] []
 []

LaTeX Info: Redefining \. on input line 13252.
LaTeX Info: Redefining \% on input line 13252.

Package fancyhdr Warning: \headheight is too small (12.0pt): 
(fancyhdr)                Make it at least 13.07225pt, for example:
(fancyhdr)                \setlength{\headheight}{13.07225pt}.
(fancyhdr)                You might also make \topmargin smaller to compensate:

(fancyhdr)                \addtolength{\topmargin}{-1.07225pt}.

LaTeX Info: Redefining \. on input line 13252.
LaTeX Info: Redefining \% on input line 13252.
[1013]
Overfull \hbox (38.63998pt too wide) in alignment at lines 13255--13265
 [][][] []
 []


Overfull \hbox (27.10274pt too wide) in alignment at lines 13290--13300
 [][][] []
 []


Overfull \hbox (38.63998pt too wide) in alignment at lines 13304--13314
 [][][] []
 []


Overfull \hbox (27.10274pt too wide) in alignment at lines 13317--13327
 [][][] []
 []


Overfull \hbox (38.22952pt too wide) in alignment at lines 13331--13345
 [][][] []
 []


Overfull \hbox (100.32191pt too wide) in alignment at lines 13352--13358
 [][][] []
 []

LaTeX Info: Redefining \. on input line 13383.
LaTeX Info: Redefining \% on input line 13383.

Package fancyhdr Warning: \headheight is too small (12.0pt): 
(fancyhdr)                Make it at least 13.07225pt, for example:
(fancyhdr)                \setlength{\headheight}{13.07225pt}.
(fancyhdr)                You might also make \topmargin smaller to compensate:

(fancyhdr)                \addtolength{\topmargin}{-1.07225pt}.

LaTeX Info: Redefining \. on input line 13383.
LaTeX Info: Redefining \% on input line 13383.
[1014]
Overfull \hbox (27.10274pt too wide) in alignment at lines 13399--13409
 [][][] []
 []


Overfull \hbox (27.10274pt too wide) in alignment at lines 13440--13451
 [][][] []
 []


Overfull \hbox (38.63998pt too wide) in alignment at lines 13455--13466
 [][][] []
 []


Overfull \hbox (27.10274pt too wide) in alignment at lines 13470--13481
 [][][] []
 []


Overfull \hbox (38.22952pt too wide) in alignment at lines 13485--13500
 [][][] []
 []


Overfull \hbox (10.98636pt too wide) in alignment at lines 13510--13515
 [][][] []
 []

LaTeX Info: Redefining \. on input line 13515.
LaTeX Info: Redefining \% on input line 13515.

Package fancyhdr Warning: \headheight is too small (12.0pt): 
(fancyhdr)                Make it at least 13.07225pt, for example:
(fancyhdr)                \setlength{\headheight}{13.07225pt}.
(fancyhdr)                You might also make \topmargin smaller to compensate:

(fancyhdr)                \addtolength{\topmargin}{-1.07225pt}.

LaTeX Info: Redefining \. on input line 13515.
LaTeX Info: Redefining \% on input line 13515.
[1015]
Overfull \hbox (33.06786pt too wide) in alignment at lines 13518--13521
 [][][] []
 []


Overfull \hbox (34.06085pt too wide) in alignment at lines 13545--13550
 [][][] []
 []


Overfull \hbox (34.06085pt too wide) in alignment at lines 13553--13557
 [][][] []
 []


Overfull \hbox (0.73383pt too wide) in alignment at lines 13581--13588
 [][][] []
 []


Overfull \hbox (0.73383pt too wide) in alignment at lines 13591--13599
 [][][] []
 []


Overfull \hbox (10.70062pt too wide) in alignment at lines 13602--13611
 [][][] []
 []


Overfull \hbox (10.70062pt too wide) in alignment at lines 13614--13623
 [][][] []
 []


Overfull \hbox (0.73383pt too wide) in alignment at lines 13628--13636
 [][][] []
 []

LaTeX Info: Redefining \. on input line 13636.
LaTeX Info: Redefining \% on input line 13636.

Package fancyhdr Warning: \headheight is too small (12.0pt): 
(fancyhdr)                Make it at least 13.07225pt, for example:
(fancyhdr)                \setlength{\headheight}{13.07225pt}.
(fancyhdr)                You might also make \topmargin smaller to compensate:

(fancyhdr)                \addtolength{\topmargin}{-1.07225pt}.

LaTeX Info: Redefining \. on input line 13636.
LaTeX Info: Redefining \% on input line 13636.
[1016]
Overfull \hbox (0.73383pt too wide) in alignment at lines 13639--13646
 [][][] []
 []


Overfull \hbox (10.70062pt too wide) in alignment at lines 13649--13658
 [][][] []
 []


Overfull \hbox (10.70062pt too wide) in alignment at lines 13662--13671
 [][][] []
 []


Overfull \hbox (84.21698pt too wide) in alignment at lines 13677--13679
 [][][] []
 []


Overfull \hbox (10.98636pt too wide) in alignment at lines 13685--13687
 [][][] []
 []


Overfull \hbox (34.06085pt too wide) in alignment at lines 13690--13693
 [][][] []
 []


Overfull \hbox (34.06085pt too wide) in alignment at lines 13712--13715
 [][][] []
 []


Overfull \hbox (34.06085pt too wide) in alignment at lines 13717--13720
 [][][] []
 []


Overfull \hbox (0.73383pt too wide) in alignment at lines 13730--13735
 [][][] []
 []


Overfull \hbox (0.73383pt too wide) in alignment at lines 13741--13746
 [][][] []
 []

LaTeX Info: Redefining \. on input line 13746.
LaTeX Info: Redefining \% on input line 13746.

Package fancyhdr Warning: \headheight is too small (12.0pt): 
(fancyhdr)                Make it at least 13.07225pt, for example:
(fancyhdr)                \setlength{\headheight}{13.07225pt}.
(fancyhdr)                You might also make \topmargin smaller to compensate:

(fancyhdr)                \addtolength{\topmargin}{-1.07225pt}.

LaTeX Info: Redefining \. on input line 13746.
LaTeX Info: Redefining \% on input line 13746.
[1017]
Overfull \hbox (0.73383pt too wide) in alignment at lines 13748--13755
 [][][] []
 []


Overfull \hbox (10.70062pt too wide) in alignment at lines 13758--13767
 [][][] []
 []


Overfull \hbox (10.70062pt too wide) in alignment at lines 13770--13779
 [][][] []
 []


Overfull \hbox (0.73383pt too wide) in alignment at lines 13784--13791
 [][][] []
 []


Overfull \hbox (0.73383pt too wide) in alignment at lines 13793--13800
 [][][] []
 []


Overfull \hbox (10.70062pt too wide) in alignment at lines 13803--13812
 [][][] []
 []


Overfull \hbox (10.70062pt too wide) in alignment at lines 13815--13824
 [][][] []
 []


Overfull \hbox (88.07108pt too wide) in alignment at lines 13831--13833
 [][][] []
 []


Overfull \hbox (92.04306pt too wide) in alignment at lines 13838--13840
 [][][] []
 []


Overfull \hbox (92.04306pt too wide) in alignment at lines 13842--13844
 [][][] []
 []


Overfull \hbox (92.04306pt too wide) in alignment at lines 13847--13849
 [][][] []
 []

LaTeX Info: Redefining \. on input line 13849.
LaTeX Info: Redefining \% on input line 13849.

Package fancyhdr Warning: \headheight is too small (12.0pt): 
(fancyhdr)                Make it at least 13.07225pt, for example:
(fancyhdr)                \setlength{\headheight}{13.07225pt}.
(fancyhdr)                You might also make \topmargin smaller to compensate:

(fancyhdr)                \addtolength{\topmargin}{-1.07225pt}.

LaTeX Info: Redefining \. on input line 13849.
LaTeX Info: Redefining \% on input line 13849.
[1018]
Overfull \hbox (92.04306pt too wide) in alignment at lines 13852--13854
 [][][] []
 []


Overfull \hbox (93.03606pt too wide) in alignment at lines 13860--13862
 [][][] []
 []


Overfull \hbox (93.03606pt too wide) in alignment at lines 13864--13866
 [][][] []
 []


Overfull \hbox (93.03606pt too wide) in alignment at lines 13869--13871
 [][][] []
 []


Overfull \hbox (93.03606pt too wide) in alignment at lines 13874--13876
 [][][] []
 []


Overfull \hbox (93.03606pt too wide) in alignment at lines 13882--13884
 [][][] []
 []


Overfull \hbox (93.03606pt too wide) in alignment at lines 13886--13888
 [][][] []
 []


Overfull \hbox (93.03606pt too wide) in alignment at lines 13891--13893
 [][][] []
 []


Overfull \hbox (93.03606pt too wide) in alignment at lines 13896--13898
 [][][] []
 []


Overfull \hbox (93.03606pt too wide) in alignment at lines 13904--13906
 [][][] []
 []


Overfull \hbox (93.03606pt too wide) in alignment at lines 13908--13910
 [][][] []
 []


Overfull \hbox (93.03606pt too wide) in alignment at lines 13913--13915
 [][][] []
 []


Overfull \hbox (93.03606pt too wide) in alignment at lines 13918--13920
 [][][] []
 []


Overfull \hbox (88.07108pt too wide) in alignment at lines 13928--13930
 [][][] []
 []


Overfull \hbox (93.03606pt too wide) in alignment at lines 13935--13937
 [][][] []
 []


Overfull \hbox (93.03606pt too wide) in alignment at lines 13940--13942
 [][][] []
 []


Overfull \hbox (93.03606pt too wide) in alignment at lines 13945--13947
 [][][] []
 []


Overfull \hbox (93.03606pt too wide) in alignment at lines 13950--13952
 [][][] []
 []

LaTeX Info: Redefining \. on input line 13952.
LaTeX Info: Redefining \% on input line 13952.

Package fancyhdr Warning: \headheight is too small (12.0pt): 
(fancyhdr)                Make it at least 13.07225pt, for example:
(fancyhdr)                \setlength{\headheight}{13.07225pt}.
(fancyhdr)                You might also make \topmargin smaller to compensate:

(fancyhdr)                \addtolength{\topmargin}{-1.07225pt}.

LaTeX Info: Redefining \. on input line 13952.
LaTeX Info: Redefining \% on input line 13952.
[1019]
Overfull \hbox (93.03606pt too wide) in alignment at lines 13958--13960
 [][][] []
 []


Overfull \hbox (93.03606pt too wide) in alignment at lines 13963--13965
 [][][] []
 []


Overfull \hbox (93.03606pt too wide) in alignment at lines 13968--13970
 [][][] []
 []


Overfull \hbox (93.03606pt too wide) in alignment at lines 13973--13975
 [][][] []
 []


Overfull \hbox (93.03606pt too wide) in alignment at lines 13980--13982
 [][][] []
 []


Overfull \hbox (93.03606pt too wide) in alignment at lines 13985--13987
 [][][] []
 []


Overfull \hbox (93.03606pt too wide) in alignment at lines 13990--13992
 [][][] []
 []


Overfull \hbox (93.03606pt too wide) in alignment at lines 13995--13997
 [][][] []
 []


Overfull \hbox (93.03606pt too wide) in alignment at lines 14002--14004
 [][][] []
 []


Overfull \hbox (93.03606pt too wide) in alignment at lines 14007--14009
 [][][] []
 []


Overfull \hbox (93.03606pt too wide) in alignment at lines 14012--14014
 [][][] []
 []


Overfull \hbox (93.03606pt too wide) in alignment at lines 14017--14019
 [][][] []
 []

LaTeX Info: Redefining \. on input line 14024.
LaTeX Info: Redefining \% on input line 14024.

Package fancyhdr Warning: \headheight is too small (12.0pt): 
(fancyhdr)                Make it at least 13.07225pt, for example:
(fancyhdr)                \setlength{\headheight}{13.07225pt}.
(fancyhdr)                You might also make \topmargin smaller to compensate:

(fancyhdr)                \addtolength{\topmargin}{-1.07225pt}.

LaTeX Info: Redefining \. on input line 14024.
LaTeX Info: Redefining \% on input line 14024.
[1020]
Overfull \hbox (7.36588pt too wide) in alignment at lines 14040--14044
 [][][] []
 []


Overfull \hbox (8.90753pt too wide) in alignment at lines 14046--14049
 [][][] []
 []


Overfull \hbox (2.69507pt too wide) in alignment at lines 14052--14056
 [][][] []
 []


Overfull \hbox (4.23672pt too wide) in alignment at lines 14059--14062
 [][][] []
 []


Overfull \hbox (8.90753pt too wide) in alignment at lines 14109--14112
 [][][] []
 []


Overfull \hbox (25.31895pt too wide) in alignment at lines 14130--14141
 [][][] []
 []

LaTeX Info: Redefining \. on input line 14141.
LaTeX Info: Redefining \% on input line 14141.

Package fancyhdr Warning: \headheight is too small (12.0pt): 
(fancyhdr)                Make it at least 13.07225pt, for example:
(fancyhdr)                \setlength{\headheight}{13.07225pt}.
(fancyhdr)                You might also make \topmargin smaller to compensate:

(fancyhdr)                \addtolength{\topmargin}{-1.07225pt}.

LaTeX Info: Redefining \. on input line 14141.
LaTeX Info: Redefining \% on input line 14141.
[1021]
Overfull \hbox (25.31895pt too wide) in alignment at lines 14167--14178
 [][][] []
 []


Overfull \hbox (21.20787pt too wide) in alignment at lines 14185--14196
 [][][] []
 []

LaTeX Info: Redefining \. on input line 14264.
LaTeX Info: Redefining \% on input line 14264.

Package fancyhdr Warning: \headheight is too small (12.0pt): 
(fancyhdr)                Make it at least 13.07225pt, for example:
(fancyhdr)                \setlength{\headheight}{13.07225pt}.
(fancyhdr)                You might also make \topmargin smaller to compensate:

(fancyhdr)                \addtolength{\topmargin}{-1.07225pt}.

LaTeX Info: Redefining \. on input line 14264.
LaTeX Info: Redefining \% on input line 14264.
[1022]

Package hyperref Warning: Suppressing link with empty target on input line 1435
2.


Overfull \hbox (89.61273pt too wide) in alignment at lines 14355--14360
 [][][] []
 []

LaTeX Info: Redefining \. on input line 14360.
LaTeX Info: Redefining \% on input line 14360.

Package fancyhdr Warning: \headheight is too small (12.0pt): 
(fancyhdr)                Make it at least 13.07225pt, for example:
(fancyhdr)                \setlength{\headheight}{13.07225pt}.
(fancyhdr)                You might also make \topmargin smaller to compensate:

(fancyhdr)                \addtolength{\topmargin}{-1.07225pt}.

LaTeX Info: Redefining \. on input line 14360.
LaTeX Info: Redefining \% on input line 14360.
[1023]
Overfull \hbox (28.56978pt too wide) in paragraph at lines 14385--14387
[]\OT1/cmr/m/n/9 Just li-ke be-fo-re the ex-pres-sion $\OML/cmm/m/it/9 F[] []$\
OT1/cmr/m/n/9 , will be de-no-ted by $\OML/cmm/m/it/9 F[] []$\OT1/cmr/m/n/9 ,
 []


Overfull \hbox (100.32191pt too wide) in alignment at lines 14388--14394
 [][][] []
 []


Overfull \hbox (12.372pt too wide) in paragraph at lines 14397--14399
[]\OT1/cmr/m/n/9 Recall the ex-pres-sion for $\OML/cmm/m/it/9 F[] []$\OT1/cmr/m
/n/9 , which is de-no-ted by $\OML/cmm/m/it/9 F[] []$\OT1/cmr/m/n/9 ,
 []


Overfull \hbox (63.32965pt too wide) in alignment at lines 14412--14421
 [][][] []
 []


Overfull \hbox (27.10274pt too wide) in alignment at lines 14423--14426
 [][][] []
 []


Overfull \hbox (27.10274pt too wide) in alignment at lines 14428--14431
 [][][] []
 []


Overfull \hbox (27.10274pt too wide) in alignment at lines 14433--14440
 [][][] []
 []

LaTeX Info: Redefining \. on input line 14440.
LaTeX Info: Redefining \% on input line 14440.

Package fancyhdr Warning: \headheight is too small (12.0pt): 
(fancyhdr)                Make it at least 13.07225pt, for example:
(fancyhdr)                \setlength{\headheight}{13.07225pt}.
(fancyhdr)                You might also make \topmargin smaller to compensate:

(fancyhdr)                \addtolength{\topmargin}{-1.07225pt}.

LaTeX Info: Redefining \. on input line 14440.
LaTeX Info: Redefining \% on input line 14440.
[1024]
Overfull \hbox (27.10274pt too wide) in alignment at lines 14454--14459
 [][][] []
 []


Overfull \hbox (23.11159pt too wide) in alignment at lines 14475--14481
 [][][] []
 []


Overfull \hbox (36.68787pt too wide) in alignment at lines 14496--14509
 [][][] []
 []


Overfull \hbox (27.10274pt too wide) in alignment at lines 14512--14521
 [][][] []
 []


Overfull \hbox (27.10274pt too wide) in alignment at lines 14524--14531
 [][][] []
 []

LaTeX Info: Redefining \. on input line 14531.
LaTeX Info: Redefining \% on input line 14531.

Package fancyhdr Warning: \headheight is too small (12.0pt): 
(fancyhdr)                Make it at least 13.07225pt, for example:
(fancyhdr)                \setlength{\headheight}{13.07225pt}.
(fancyhdr)                You might also make \topmargin smaller to compensate:

(fancyhdr)                \addtolength{\topmargin}{-1.07225pt}.

LaTeX Info: Redefining \. on input line 14531.
LaTeX Info: Redefining \% on input line 14531.
[1025]
Overfull \hbox (27.10274pt too wide) in alignment at lines 14534--14543
 [][][] []
 []


Overfull \hbox (27.10274pt too wide) in alignment at lines 14566--14575
 [][][] []
 []


Overfull \hbox (100.32191pt too wide) in alignment at lines 14609--14615
 [][][] []
 []

LaTeX Info: Redefining \. on input line 14650.
LaTeX Info: Redefining \% on input line 14650.

Package fancyhdr Warning: \headheight is too small (12.0pt): 
(fancyhdr)                Make it at least 13.07225pt, for example:
(fancyhdr)                \setlength{\headheight}{13.07225pt}.
(fancyhdr)                You might also make \topmargin smaller to compensate:

(fancyhdr)                \addtolength{\topmargin}{-1.07225pt}.

LaTeX Info: Redefining \. on input line 14650.
LaTeX Info: Redefining \% on input line 14650.
[1026]
Overfull \hbox (38.63998pt too wide) in alignment at lines 14653--14663
 [][][] []
 []


Overfull \hbox (27.10274pt too wide) in alignment at lines 14688--14697
 [][][] []
 []


Overfull \hbox (38.63998pt too wide) in alignment at lines 14701--14711
 [][][] []
 []


Overfull \hbox (27.10274pt too wide) in alignment at lines 14714--14724
 [][][] []
 []


Overfull \hbox (38.22952pt too wide) in alignment at lines 14728--14740
 [][][] []
 []


Overfull \hbox (100.32191pt too wide) in alignment at lines 14747--14753
 [][][] []
 []

LaTeX Info: Redefining \. on input line 14777.
LaTeX Info: Redefining \% on input line 14777.

Package fancyhdr Warning: \headheight is too small (12.0pt): 
(fancyhdr)                Make it at least 13.07225pt, for example:
(fancyhdr)                \setlength{\headheight}{13.07225pt}.
(fancyhdr)                You might also make \topmargin smaller to compensate:

(fancyhdr)                \addtolength{\topmargin}{-1.07225pt}.

LaTeX Info: Redefining \. on input line 14777.
LaTeX Info: Redefining \% on input line 14777.
[1027]
Overfull \hbox (27.10274pt too wide) in alignment at lines 14792--14802
 [][][] []
 []


Overfull \hbox (27.10274pt too wide) in alignment at lines 14830--14840
 [][][] []
 []


Overfull \hbox (38.63998pt too wide) in alignment at lines 14844--14854
 [][][] []
 []


Overfull \hbox (27.10274pt too wide) in alignment at lines 14858--14868
 [][][] []
 []


Overfull \hbox (108.95865pt too wide) in alignment at lines 14872--14886
 [][][] []
 []


Overfull \hbox (10.98636pt too wide) in alignment at lines 14896--14901
 [][][] []
 []


Overfull \hbox (33.06786pt too wide) in alignment at lines 14904--14907
 [][][] []
 []

LaTeX Info: Redefining \. on input line 14907.
LaTeX Info: Redefining \% on input line 14907.

Package fancyhdr Warning: \headheight is too small (12.0pt): 
(fancyhdr)                Make it at least 13.07225pt, for example:
(fancyhdr)                \setlength{\headheight}{13.07225pt}.
(fancyhdr)                You might also make \topmargin smaller to compensate:

(fancyhdr)                \addtolength{\topmargin}{-1.07225pt}.

LaTeX Info: Redefining \. on input line 14907.
LaTeX Info: Redefining \% on input line 14907.
[1028]
Overfull \hbox (34.06085pt too wide) in alignment at lines 14931--14936
 [][][] []
 []


Overfull \hbox (34.06085pt too wide) in alignment at lines 14939--14943
 [][][] []
 []


Overfull \hbox (0.73383pt too wide) in alignment at lines 14967--14974
 [][][] []
 []


Overfull \hbox (0.73383pt too wide) in alignment at lines 14977--14985
 [][][] []
 []


Overfull \hbox (10.70062pt too wide) in alignment at lines 14988--14997
 [][][] []
 []


Overfull \hbox (10.70062pt too wide) in alignment at lines 15000--15009
 [][][] []
 []


Overfull \hbox (0.73383pt too wide) in alignment at lines 15014--15022
 [][][] []
 []

LaTeX Info: Redefining \. on input line 15022.
LaTeX Info: Redefining \% on input line 15022.

Package fancyhdr Warning: \headheight is too small (12.0pt): 
(fancyhdr)                Make it at least 13.07225pt, for example:
(fancyhdr)                \setlength{\headheight}{13.07225pt}.
(fancyhdr)                You might also make \topmargin smaller to compensate:

(fancyhdr)                \addtolength{\topmargin}{-1.07225pt}.

LaTeX Info: Redefining \. on input line 15022.
LaTeX Info: Redefining \% on input line 15022.
[1029]
Overfull \hbox (0.73383pt too wide) in alignment at lines 15025--15032
 [][][] []
 []


Overfull \hbox (10.70062pt too wide) in alignment at lines 15035--15044
 [][][] []
 []


Overfull \hbox (10.70062pt too wide) in alignment at lines 15048--15057
 [][][] []
 []

LaTeX Info: Redefining \. on input line 15061.
LaTeX Info: Redefining \% on input line 15061.

Package fancyhdr Warning: \headheight is too small (12.0pt): 
(fancyhdr)                Make it at least 13.07225pt, for example:
(fancyhdr)                \setlength{\headheight}{13.07225pt}.
(fancyhdr)                You might also make \topmargin smaller to compensate:

(fancyhdr)                \addtolength{\topmargin}{-1.07225pt}.

LaTeX Info: Redefining \. on input line 15061.
LaTeX Info: Redefining \% on input line 15061.
[1030]
Overfull \hbox (7.36588pt too wide) in alignment at lines 15078--15082
 [][][] []
 []


Overfull \hbox (8.90753pt too wide) in alignment at lines 15084--15087
 [][][] []
 []


Overfull \hbox (2.69507pt too wide) in alignment at lines 15090--15094
 [][][] []
 []


Overfull \hbox (4.23672pt too wide) in alignment at lines 15097--15100
 [][][] []
 []


Overfull \hbox (8.90753pt too wide) in alignment at lines 15147--15150
 [][][] []
 []


Overfull \hbox (25.31895pt too wide) in alignment at lines 15168--15179
 [][][] []
 []

LaTeX Info: Redefining \. on input line 15179.
LaTeX Info: Redefining \% on input line 15179.

Package fancyhdr Warning: \headheight is too small (12.0pt): 
(fancyhdr)                Make it at least 13.07225pt, for example:
(fancyhdr)                \setlength{\headheight}{13.07225pt}.
(fancyhdr)                You might also make \topmargin smaller to compensate:

(fancyhdr)                \addtolength{\topmargin}{-1.07225pt}.

LaTeX Info: Redefining \. on input line 15179.
LaTeX Info: Redefining \% on input line 15179.
[1031]
Overfull \hbox (25.31895pt too wide) in alignment at lines 15205--15216
 [][][] []
 []


Overfull \hbox (21.20787pt too wide) in alignment at lines 15223--15234
 [][][] []
 []

LaTeX Info: Redefining \. on input line 15302.
LaTeX Info: Redefining \% on input line 15302.

Package fancyhdr Warning: \headheight is too small (12.0pt): 
(fancyhdr)                Make it at least 13.07225pt, for example:
(fancyhdr)                \setlength{\headheight}{13.07225pt}.
(fancyhdr)                You might also make \topmargin smaller to compensate:

(fancyhdr)                \addtolength{\topmargin}{-1.07225pt}.

LaTeX Info: Redefining \. on input line 15302.
LaTeX Info: Redefining \% on input line 15302.
[1032]

Package hyperref Warning: Suppressing link with empty target on input line 1539
0.


Overfull \hbox (89.61273pt too wide) in alignment at lines 15393--15398
 [][][] []
 []

LaTeX Info: Redefining \. on input line 15398.
LaTeX Info: Redefining \% on input line 15398.

Package fancyhdr Warning: \headheight is too small (12.0pt): 
(fancyhdr)                Make it at least 13.07225pt, for example:
(fancyhdr)                \setlength{\headheight}{13.07225pt}.
(fancyhdr)                You might also make \topmargin smaller to compensate:

(fancyhdr)                \addtolength{\topmargin}{-1.07225pt}.

LaTeX Info: Redefining \. on input line 15398.
LaTeX Info: Redefining \% on input line 15398.
[1033]
Overfull \hbox (28.56978pt too wide) in paragraph at lines 15423--15425
[]\OT1/cmr/m/n/9 Just li-ke be-fo-re the ex-pres-sion $\OML/cmm/m/it/9 F[] []$\
OT1/cmr/m/n/9 , will be de-no-ted by $\OML/cmm/m/it/9 F[] []$\OT1/cmr/m/n/9 ,
 []


Overfull \hbox (100.32191pt too wide) in alignment at lines 15426--15432
 [][][] []
 []


Overfull \hbox (12.372pt too wide) in paragraph at lines 15435--15437
[]\OT1/cmr/m/n/9 Recall the ex-pres-sion for $\OML/cmm/m/it/9 F[] []$\OT1/cmr/m
/n/9 , which is de-no-ted by $\OML/cmm/m/it/9 F[] []$\OT1/cmr/m/n/9 ,
 []


Overfull \hbox (63.32965pt too wide) in alignment at lines 15450--15459
 [][][] []
 []


Overfull \hbox (27.10274pt too wide) in alignment at lines 15461--15464
 [][][] []
 []


Overfull \hbox (27.10274pt too wide) in alignment at lines 15466--15469
 [][][] []
 []


Overfull \hbox (27.10274pt too wide) in alignment at lines 15471--15478
 [][][] []
 []

LaTeX Info: Redefining \. on input line 15478.
LaTeX Info: Redefining \% on input line 15478.

Package fancyhdr Warning: \headheight is too small (12.0pt): 
(fancyhdr)                Make it at least 13.07225pt, for example:
(fancyhdr)                \setlength{\headheight}{13.07225pt}.
(fancyhdr)                You might also make \topmargin smaller to compensate:

(fancyhdr)                \addtolength{\topmargin}{-1.07225pt}.

LaTeX Info: Redefining \. on input line 15478.
LaTeX Info: Redefining \% on input line 15478.
[1034]
Overfull \hbox (27.10274pt too wide) in alignment at lines 15492--15497
 [][][] []
 []


Overfull \hbox (19.77829pt too wide) in alignment at lines 15513--15519
 [][][] []
 []


Overfull \hbox (36.68787pt too wide) in alignment at lines 15534--15547
 [][][] []
 []


Overfull \hbox (27.10274pt too wide) in alignment at lines 15550--15559
 [][][] []
 []


Overfull \hbox (27.10274pt too wide) in alignment at lines 15562--15571
 [][][] []
 []

LaTeX Info: Redefining \. on input line 15571.
LaTeX Info: Redefining \% on input line 15571.

Package fancyhdr Warning: \headheight is too small (12.0pt): 
(fancyhdr)                Make it at least 13.07225pt, for example:
(fancyhdr)                \setlength{\headheight}{13.07225pt}.
(fancyhdr)                You might also make \topmargin smaller to compensate:

(fancyhdr)                \addtolength{\topmargin}{-1.07225pt}.

LaTeX Info: Redefining \. on input line 15571.
LaTeX Info: Redefining \% on input line 15571.
[1035]
Overfull \hbox (27.10274pt too wide) in alignment at lines 15574--15583
 [][][] []
 []


Overfull \hbox (27.10274pt too wide) in alignment at lines 15606--15615
 [][][] []
 []


Overfull \hbox (100.32191pt too wide) in alignment at lines 15649--15655
 [][][] []
 []

LaTeX Info: Redefining \. on input line 15689.
LaTeX Info: Redefining \% on input line 15689.

Package fancyhdr Warning: \headheight is too small (12.0pt): 
(fancyhdr)                Make it at least 13.07225pt, for example:
(fancyhdr)                \setlength{\headheight}{13.07225pt}.
(fancyhdr)                You might also make \topmargin smaller to compensate:

(fancyhdr)                \addtolength{\topmargin}{-1.07225pt}.

LaTeX Info: Redefining \. on input line 15689.
LaTeX Info: Redefining \% on input line 15689.
[1036]
Overfull \hbox (38.63998pt too wide) in alignment at lines 15692--15701
 [][][] []
 []


Overfull \hbox (27.10274pt too wide) in alignment at lines 15725--15734
 [][][] []
 []


Overfull \hbox (38.63998pt too wide) in alignment at lines 15738--15748
 [][][] []
 []


Overfull \hbox (27.10274pt too wide) in alignment at lines 15751--15761
 [][][] []
 []


Overfull \hbox (38.22952pt too wide) in alignment at lines 15765--15777
 [][][] []
 []


Overfull \hbox (100.32191pt too wide) in alignment at lines 15784--15790
 [][][] []
 []

LaTeX Info: Redefining \. on input line 15814.
LaTeX Info: Redefining \% on input line 15814.

Package fancyhdr Warning: \headheight is too small (12.0pt): 
(fancyhdr)                Make it at least 13.07225pt, for example:
(fancyhdr)                \setlength{\headheight}{13.07225pt}.
(fancyhdr)                You might also make \topmargin smaller to compensate:

(fancyhdr)                \addtolength{\topmargin}{-1.07225pt}.

LaTeX Info: Redefining \. on input line 15814.
LaTeX Info: Redefining \% on input line 15814.
[1037]
Overfull \hbox (27.10274pt too wide) in alignment at lines 15829--15839
 [][][] []
 []


Overfull \hbox (27.10274pt too wide) in alignment at lines 15867--15877
 [][][] []
 []


Overfull \hbox (38.63998pt too wide) in alignment at lines 15881--15891
 [][][] []
 []


Overfull \hbox (27.10274pt too wide) in alignment at lines 15895--15905
 [][][] []
 []


Overfull \hbox (108.95865pt too wide) in alignment at lines 15909--15923
 [][][] []
 []

LaTeX Info: Redefining \. on input line 15929.
LaTeX Info: Redefining \% on input line 15929.

Package fancyhdr Warning: \headheight is too small (12.0pt): 
(fancyhdr)                Make it at least 13.07225pt, for example:
(fancyhdr)                \setlength{\headheight}{13.07225pt}.
(fancyhdr)                You might also make \topmargin smaller to compensate:

(fancyhdr)                \addtolength{\topmargin}{-1.07225pt}.

LaTeX Info: Redefining \. on input line 15929.
LaTeX Info: Redefining \% on input line 15929.
[1038]
Overfull \hbox (7.36588pt too wide) in alignment at lines 15946--15950
 [][][] []
 []


Overfull \hbox (8.90753pt too wide) in alignment at lines 15952--15955
 [][][] []
 []


Overfull \hbox (2.69507pt too wide) in alignment at lines 15958--15962
 [][][] []
 []


Overfull \hbox (4.23672pt too wide) in alignment at lines 15965--15968
 [][][] []
 []


Overfull \hbox (8.90753pt too wide) in alignment at lines 16015--16018
 [][][] []
 []


Overfull \hbox (25.31895pt too wide) in alignment at lines 16036--16047
 [][][] []
 []

LaTeX Info: Redefining \. on input line 16047.
LaTeX Info: Redefining \% on input line 16047.

Package fancyhdr Warning: \headheight is too small (12.0pt): 
(fancyhdr)                Make it at least 13.07225pt, for example:
(fancyhdr)                \setlength{\headheight}{13.07225pt}.
(fancyhdr)                You might also make \topmargin smaller to compensate:

(fancyhdr)                \addtolength{\topmargin}{-1.07225pt}.

LaTeX Info: Redefining \. on input line 16047.
LaTeX Info: Redefining \% on input line 16047.
[1039]
Overfull \hbox (25.31895pt too wide) in alignment at lines 16073--16084
 [][][] []
 []


Overfull \hbox (21.20787pt too wide) in alignment at lines 16091--16102
 [][][] []
 []

LaTeX Info: Redefining \. on input line 16170.
LaTeX Info: Redefining \% on input line 16170.

Package fancyhdr Warning: \headheight is too small (12.0pt): 
(fancyhdr)                Make it at least 13.07225pt, for example:
(fancyhdr)                \setlength{\headheight}{13.07225pt}.
(fancyhdr)                You might also make \topmargin smaller to compensate:

(fancyhdr)                \addtolength{\topmargin}{-1.07225pt}.

LaTeX Info: Redefining \. on input line 16170.
LaTeX Info: Redefining \% on input line 16170.
[1040]

Package hyperref Warning: Suppressing link with empty target on input line 1625
8.


Overfull \hbox (89.61273pt too wide) in alignment at lines 16261--16266
 [][][] []
 []

LaTeX Info: Redefining \. on input line 16266.
LaTeX Info: Redefining \% on input line 16266.

Package fancyhdr Warning: \headheight is too small (12.0pt): 
(fancyhdr)                Make it at least 13.07225pt, for example:
(fancyhdr)                \setlength{\headheight}{13.07225pt}.
(fancyhdr)                You might also make \topmargin smaller to compensate:

(fancyhdr)                \addtolength{\topmargin}{-1.07225pt}.

LaTeX Info: Redefining \. on input line 16266.
LaTeX Info: Redefining \% on input line 16266.
[1041]
Overfull \hbox (28.56978pt too wide) in paragraph at lines 16291--16293
[]\OT1/cmr/m/n/9 Just li-ke be-fo-re the ex-pres-sion $\OML/cmm/m/it/9 F[] []$\
OT1/cmr/m/n/9 , will be de-no-ted by $\OML/cmm/m/it/9 F[] []$\OT1/cmr/m/n/9 ,
 []


Overfull \hbox (100.32191pt too wide) in alignment at lines 16294--16300
 [][][] []
 []


Overfull \hbox (12.372pt too wide) in paragraph at lines 16303--16305
[]\OT1/cmr/m/n/9 Recall the ex-pres-sion for $\OML/cmm/m/it/9 F[] []$\OT1/cmr/m
/n/9 , which is de-no-ted by $\OML/cmm/m/it/9 F[] []$\OT1/cmr/m/n/9 ,
 []


Overfull \hbox (61.14214pt too wide) in alignment at lines 16318--16327
 [][][] []
 []


Overfull \hbox (27.10274pt too wide) in alignment at lines 16329--16332
 [][][] []
 []


Overfull \hbox (27.10274pt too wide) in alignment at lines 16334--16337
 [][][] []
 []


Overfull \hbox (27.10274pt too wide) in alignment at lines 16339--16346
 [][][] []
 []

LaTeX Info: Redefining \. on input line 16346.
LaTeX Info: Redefining \% on input line 16346.

Package fancyhdr Warning: \headheight is too small (12.0pt): 
(fancyhdr)                Make it at least 13.07225pt, for example:
(fancyhdr)                \setlength{\headheight}{13.07225pt}.
(fancyhdr)                You might also make \topmargin smaller to compensate:

(fancyhdr)                \addtolength{\topmargin}{-1.07225pt}.

LaTeX Info: Redefining \. on input line 16346.
LaTeX Info: Redefining \% on input line 16346.
[1042]
Overfull \hbox (27.10274pt too wide) in alignment at lines 16358--16363
 [][][] []
 []


Overfull \hbox (36.68787pt too wide) in alignment at lines 16400--16413
 [][][] []
 []


Overfull \hbox (27.10274pt too wide) in alignment at lines 16416--16425
 [][][] []
 []


Overfull \hbox (27.10274pt too wide) in alignment at lines 16428--16437
 [][][] []
 []

LaTeX Info: Redefining \. on input line 16437.
LaTeX Info: Redefining \% on input line 16437.

Package fancyhdr Warning: \headheight is too small (12.0pt): 
(fancyhdr)                Make it at least 13.07225pt, for example:
(fancyhdr)                \setlength{\headheight}{13.07225pt}.
(fancyhdr)                You might also make \topmargin smaller to compensate:

(fancyhdr)                \addtolength{\topmargin}{-1.07225pt}.

LaTeX Info: Redefining \. on input line 16437.
LaTeX Info: Redefining \% on input line 16437.
[1043]
Overfull \hbox (27.10274pt too wide) in alignment at lines 16440--16449
 [][][] []
 []


Overfull \hbox (27.10274pt too wide) in alignment at lines 16472--16481
 [][][] []
 []


Overfull \hbox (100.32191pt too wide) in alignment at lines 16515--16521
 [][][] []
 []

LaTeX Info: Redefining \. on input line 16555.
LaTeX Info: Redefining \% on input line 16555.

Package fancyhdr Warning: \headheight is too small (12.0pt): 
(fancyhdr)                Make it at least 13.07225pt, for example:
(fancyhdr)                \setlength{\headheight}{13.07225pt}.
(fancyhdr)                You might also make \topmargin smaller to compensate:

(fancyhdr)                \addtolength{\topmargin}{-1.07225pt}.

LaTeX Info: Redefining \. on input line 16555.
LaTeX Info: Redefining \% on input line 16555.
[1044]
Overfull \hbox (38.63998pt too wide) in alignment at lines 16558--16567
 [][][] []
 []


Overfull \hbox (27.10274pt too wide) in alignment at lines 16591--16600
 [][][] []
 []


Overfull \hbox (38.64032pt too wide) in alignment at lines 16604--16614
 [][][] []
 []


Overfull \hbox (27.10274pt too wide) in alignment at lines 16617--16627
 [][][] []
 []


Overfull \hbox (38.22952pt too wide) in alignment at lines 16631--16643
 [][][] []
 []


Overfull \hbox (100.32191pt too wide) in alignment at lines 16650--16656
 [][][] []
 []

LaTeX Info: Redefining \. on input line 16680.
LaTeX Info: Redefining \% on input line 16680.

Package fancyhdr Warning: \headheight is too small (12.0pt): 
(fancyhdr)                Make it at least 13.07225pt, for example:
(fancyhdr)                \setlength{\headheight}{13.07225pt}.
(fancyhdr)                You might also make \topmargin smaller to compensate:

(fancyhdr)                \addtolength{\topmargin}{-1.07225pt}.

LaTeX Info: Redefining \. on input line 16680.
LaTeX Info: Redefining \% on input line 16680.
[1045]
Overfull \hbox (27.10274pt too wide) in alignment at lines 16695--16705
 [][][] []
 []


Overfull \hbox (27.10274pt too wide) in alignment at lines 16733--16743
 [][][] []
 []


Overfull \hbox (38.63998pt too wide) in alignment at lines 16747--16757
 [][][] []
 []


Overfull \hbox (27.10274pt too wide) in alignment at lines 16761--16771
 [][][] []
 []


Overfull \hbox (108.95865pt too wide) in alignment at lines 16775--16789
 [][][] []
 []

LaTeX Info: Redefining \. on input line 16795.
LaTeX Info: Redefining \% on input line 16795.

Package fancyhdr Warning: \headheight is too small (12.0pt): 
(fancyhdr)                Make it at least 13.07225pt, for example:
(fancyhdr)                \setlength{\headheight}{13.07225pt}.
(fancyhdr)                You might also make \topmargin smaller to compensate:

(fancyhdr)                \addtolength{\topmargin}{-1.07225pt}.

LaTeX Info: Redefining \. on input line 16795.
LaTeX Info: Redefining \% on input line 16795.
[1046]
Overfull \hbox (7.36588pt too wide) in alignment at lines 16813--16817
 [][][] []
 []


Overfull \hbox (8.90753pt too wide) in alignment at lines 16819--16822
 [][][] []
 []


Overfull \hbox (2.69507pt too wide) in alignment at lines 16825--16829
 [][][] []
 []


Overfull \hbox (4.23672pt too wide) in alignment at lines 16832--16835
 [][][] []
 []


Overfull \hbox (8.90753pt too wide) in alignment at lines 16882--16885
 [][][] []
 []


Overfull \hbox (25.31895pt too wide) in alignment at lines 16903--16914
 [][][] []
 []

LaTeX Info: Redefining \. on input line 16914.
LaTeX Info: Redefining \% on input line 16914.

Package fancyhdr Warning: \headheight is too small (12.0pt): 
(fancyhdr)                Make it at least 13.07225pt, for example:
(fancyhdr)                \setlength{\headheight}{13.07225pt}.
(fancyhdr)                You might also make \topmargin smaller to compensate:

(fancyhdr)                \addtolength{\topmargin}{-1.07225pt}.

LaTeX Info: Redefining \. on input line 16914.
LaTeX Info: Redefining \% on input line 16914.
[1047]
Overfull \hbox (25.31895pt too wide) in alignment at lines 16940--16951
 [][][] []
 []


Overfull \hbox (21.20787pt too wide) in alignment at lines 16958--16969
 [][][] []
 []

LaTeX Info: Redefining \. on input line 17037.
LaTeX Info: Redefining \% on input line 17037.

Package fancyhdr Warning: \headheight is too small (12.0pt): 
(fancyhdr)                Make it at least 13.07225pt, for example:
(fancyhdr)                \setlength{\headheight}{13.07225pt}.
(fancyhdr)                You might also make \topmargin smaller to compensate:

(fancyhdr)                \addtolength{\topmargin}{-1.07225pt}.

LaTeX Info: Redefining \. on input line 17037.
LaTeX Info: Redefining \% on input line 17037.
[1048]

Package hyperref Warning: Suppressing link with empty target on input line 1712
5.


Overfull \hbox (89.61273pt too wide) in alignment at lines 17128--17133
 [][][] []
 []

LaTeX Info: Redefining \. on input line 17133.
LaTeX Info: Redefining \% on input line 17133.

Package fancyhdr Warning: \headheight is too small (12.0pt): 
(fancyhdr)                Make it at least 13.07225pt, for example:
(fancyhdr)                \setlength{\headheight}{13.07225pt}.
(fancyhdr)                You might also make \topmargin smaller to compensate:

(fancyhdr)                \addtolength{\topmargin}{-1.07225pt}.

LaTeX Info: Redefining \. on input line 17133.
LaTeX Info: Redefining \% on input line 17133.
[1049]
Overfull \hbox (28.56978pt too wide) in paragraph at lines 17158--17160
[]\OT1/cmr/m/n/9 Just li-ke be-fo-re the ex-pres-sion $\OML/cmm/m/it/9 F[] []$\
OT1/cmr/m/n/9 , will be de-no-ted by $\OML/cmm/m/it/9 F[] []$\OT1/cmr/m/n/9 ,
 []


Overfull \hbox (100.32191pt too wide) in alignment at lines 17161--17167
 [][][] []
 []


Overfull \hbox (12.372pt too wide) in paragraph at lines 17170--17172
[]\OT1/cmr/m/n/9 Recall the ex-pres-sion for $\OML/cmm/m/it/9 F[] []$\OT1/cmr/m
/n/9 , which is de-no-ted by $\OML/cmm/m/it/9 F[] []$\OT1/cmr/m/n/9 ,
 []


Overfull \hbox (63.32965pt too wide) in alignment at lines 17185--17194
 [][][] []
 []


Overfull \hbox (27.10274pt too wide) in alignment at lines 17196--17199
 [][][] []
 []


Overfull \hbox (27.10274pt too wide) in alignment at lines 17201--17204
 [][][] []
 []


Overfull \hbox (27.10274pt too wide) in alignment at lines 17206--17213
 [][][] []
 []

LaTeX Info: Redefining \. on input line 17213.
LaTeX Info: Redefining \% on input line 17213.

Package fancyhdr Warning: \headheight is too small (12.0pt): 
(fancyhdr)                Make it at least 13.07225pt, for example:
(fancyhdr)                \setlength{\headheight}{13.07225pt}.
(fancyhdr)                You might also make \topmargin smaller to compensate:

(fancyhdr)                \addtolength{\topmargin}{-1.07225pt}.

LaTeX Info: Redefining \. on input line 17213.
LaTeX Info: Redefining \% on input line 17213.
[1050]
Overfull \hbox (27.10274pt too wide) in alignment at lines 17227--17232
 [][][] []
 []


Overfull \hbox (23.11159pt too wide) in alignment at lines 17248--17254
 [][][] []
 []


Overfull \hbox (36.68787pt too wide) in alignment at lines 17269--17282
 [][][] []
 []


Overfull \hbox (27.10274pt too wide) in alignment at lines 17285--17294
 [][][] []
 []


Overfull \hbox (27.10274pt too wide) in alignment at lines 17297--17304
 [][][] []
 []

LaTeX Info: Redefining \. on input line 17304.
LaTeX Info: Redefining \% on input line 17304.

Package fancyhdr Warning: \headheight is too small (12.0pt): 
(fancyhdr)                Make it at least 13.07225pt, for example:
(fancyhdr)                \setlength{\headheight}{13.07225pt}.
(fancyhdr)                You might also make \topmargin smaller to compensate:

(fancyhdr)                \addtolength{\topmargin}{-1.07225pt}.

LaTeX Info: Redefining \. on input line 17304.
LaTeX Info: Redefining \% on input line 17304.
[1051]
Overfull \hbox (27.10274pt too wide) in alignment at lines 17307--17316
 [][][] []
 []


Overfull \hbox (27.10274pt too wide) in alignment at lines 17339--17348
 [][][] []
 []


Overfull \hbox (100.32191pt too wide) in alignment at lines 17382--17388
 [][][] []
 []

LaTeX Info: Redefining \. on input line 17423.
LaTeX Info: Redefining \% on input line 17423.

Package fancyhdr Warning: \headheight is too small (12.0pt): 
(fancyhdr)                Make it at least 13.07225pt, for example:
(fancyhdr)                \setlength{\headheight}{13.07225pt}.
(fancyhdr)                You might also make \topmargin smaller to compensate:

(fancyhdr)                \addtolength{\topmargin}{-1.07225pt}.

LaTeX Info: Redefining \. on input line 17423.
LaTeX Info: Redefining \% on input line 17423.
[1052]
Overfull \hbox (38.63998pt too wide) in alignment at lines 17426--17436
 [][][] []
 []


Overfull \hbox (27.10274pt too wide) in alignment at lines 17461--17471
 [][][] []
 []


Overfull \hbox (38.63998pt too wide) in alignment at lines 17475--17485
 [][][] []
 []


Overfull \hbox (27.10274pt too wide) in alignment at lines 17488--17498
 [][][] []
 []


Overfull \hbox (38.22952pt too wide) in alignment at lines 17502--17516
 [][][] []
 []


Overfull \hbox (100.32191pt too wide) in alignment at lines 17523--17529
 [][][] []
 []

LaTeX Info: Redefining \. on input line 17554.
LaTeX Info: Redefining \% on input line 17554.

Package fancyhdr Warning: \headheight is too small (12.0pt): 
(fancyhdr)                Make it at least 13.07225pt, for example:
(fancyhdr)                \setlength{\headheight}{13.07225pt}.
(fancyhdr)                You might also make \topmargin smaller to compensate:

(fancyhdr)                \addtolength{\topmargin}{-1.07225pt}.

LaTeX Info: Redefining \. on input line 17554.
LaTeX Info: Redefining \% on input line 17554.
[1053]
Overfull \hbox (27.10274pt too wide) in alignment at lines 17570--17580
 [][][] []
 []


Overfull \hbox (27.10274pt too wide) in alignment at lines 17611--17622
 [][][] []
 []


Overfull \hbox (38.63998pt too wide) in alignment at lines 17626--17637
 [][][] []
 []


Overfull \hbox (27.10274pt too wide) in alignment at lines 17641--17652
 [][][] []
 []


Overfull \hbox (38.22952pt too wide) in alignment at lines 17656--17671
 [][][] []
 []

LaTeX Info: Redefining \. on input line 17692.
LaTeX Info: Redefining \% on input line 17692.

Package fancyhdr Warning: \headheight is too small (12.0pt): 
(fancyhdr)                Make it at least 13.07225pt, for example:
(fancyhdr)                \setlength{\headheight}{13.07225pt}.
(fancyhdr)                You might also make \topmargin smaller to compensate:

(fancyhdr)                \addtolength{\topmargin}{-1.07225pt}.

LaTeX Info: Redefining \. on input line 17692.
LaTeX Info: Redefining \% on input line 17692.
[1054]
Overfull \hbox (10.98636pt too wide) in alignment at lines 17692--17702
 [][][] []
 []


Overfull \hbox (33.06786pt too wide) in alignment at lines 17705--17716
 [][][] []
 []


Overfull \hbox (34.06085pt too wide) in alignment at lines 17758--17765
 [][][] []
 []


Overfull \hbox (10.70062pt too wide) in alignment at lines 17803--17821
 [][][] []
 []

LaTeX Info: Redefining \. on input line 17821.
LaTeX Info: Redefining \% on input line 17821.

Package fancyhdr Warning: \headheight is too small (12.0pt): 
(fancyhdr)                Make it at least 13.07225pt, for example:
(fancyhdr)                \setlength{\headheight}{13.07225pt}.
(fancyhdr)                You might also make \topmargin smaller to compensate:

(fancyhdr)                \addtolength{\topmargin}{-1.07225pt}.

LaTeX Info: Redefining \. on input line 17821.
LaTeX Info: Redefining \% on input line 17821.
[1055]
Overfull \hbox (10.70062pt too wide) in alignment at lines 17824--17842
 [][][] []
 []


Overfull \hbox (10.70062pt too wide) in alignment at lines 17849--17867
 [][][] []
 []


Overfull \hbox (84.21698pt too wide) in alignment at lines 17873--17875
 [][][] []
 []


Overfull \hbox (10.98636pt too wide) in alignment at lines 17880--17891
 [][][] []
 []


Overfull \hbox (34.06085pt too wide) in alignment at lines 17894--17901
 [][][] []
 []


Overfull \hbox (34.06085pt too wide) in alignment at lines 17934--17940
 [][][] []
 []

LaTeX Info: Redefining \. on input line 17940.
LaTeX Info: Redefining \% on input line 17940.

Package fancyhdr Warning: \headheight is too small (12.0pt): 
(fancyhdr)                Make it at least 13.07225pt, for example:
(fancyhdr)                \setlength{\headheight}{13.07225pt}.
(fancyhdr)                You might also make \topmargin smaller to compensate:

(fancyhdr)                \addtolength{\topmargin}{-1.07225pt}.

LaTeX Info: Redefining \. on input line 17940.
LaTeX Info: Redefining \% on input line 17940.
[1056]
Overfull \hbox (10.70062pt too wide) in alignment at lines 17977--17995
 [][][] []
 []


Overfull \hbox (10.70062pt too wide) in alignment at lines 17998--18016
 [][][] []
 []


Overfull \hbox (10.70062pt too wide) in alignment at lines 18021--18039
 [][][] []
 []


Overfull \hbox (88.07108pt too wide) in alignment at lines 18044--18046
 [][][] []
 []


Overfull \hbox (77.29352pt too wide) in alignment at lines 18053--18071
 [][][] []
 []

LaTeX Info: Redefining \. on input line 18071.
LaTeX Info: Redefining \% on input line 18071.

Package fancyhdr Warning: \headheight is too small (12.0pt): 
(fancyhdr)                Make it at least 13.07225pt, for example:
(fancyhdr)                \setlength{\headheight}{13.07225pt}.
(fancyhdr)                You might also make \topmargin smaller to compensate:

(fancyhdr)                \addtolength{\topmargin}{-1.07225pt}.

LaTeX Info: Redefining \. on input line 18071.
LaTeX Info: Redefining \% on input line 18071.
[1057]
Overfull \hbox (14.55472pt too wide) in alignment at lines 18074--18092
 [][][] []
 []


Overfull \hbox (28.9433pt too wide) in alignment at lines 18095--18111
 [][][] []
 []


Overfull \hbox (28.9433pt too wide) in alignment at lines 18114--18130
 [][][] []
 []


Overfull \hbox (14.55472pt too wide) in alignment at lines 18138--18156
 [][][] []
 []


Overfull \hbox (28.9433pt too wide) in alignment at lines 18159--18174
 [][][] []
 []


Overfull \hbox (28.9433pt too wide) in alignment at lines 18177--18193
 [][][] []
 []


Overfull \hbox (14.84045pt too wide) in alignment at lines 18199--18209
 [][][] []
 []


Overfull \hbox (37.91495pt too wide) in alignment at lines 18212--18222
 [][][] []
 []

LaTeX Info: Redefining \. on input line 18222.
LaTeX Info: Redefining \% on input line 18222.

Package fancyhdr Warning: \headheight is too small (12.0pt): 
(fancyhdr)                Make it at least 13.07225pt, for example:
(fancyhdr)                \setlength{\headheight}{13.07225pt}.
(fancyhdr)                You might also make \topmargin smaller to compensate:

(fancyhdr)                \addtolength{\topmargin}{-1.07225pt}.

LaTeX Info: Redefining \. on input line 18222.
LaTeX Info: Redefining \% on input line 18222.
[1058]
Overfull \hbox (14.84045pt too wide) in alignment at lines 18228--18236
 [][][] []
 []


Overfull \hbox (89.61273pt too wide) in alignment at lines 18247--18250
 [][][] []
 []


Overfull \hbox (77.29352pt too wide) in alignment at lines 18256--18275
 [][][] []
 []


Overfull \hbox (14.55472pt too wide) in alignment at lines 18278--18296
 [][][] []
 []


Overfull \hbox (27.40164pt too wide) in alignment at lines 18299--18315
 [][][] []
 []


Overfull \hbox (30.48495pt too wide) in alignment at lines 18318--18334
 [][][] []
 []


Overfull \hbox (77.29352pt too wide) in alignment at lines 18341--18359
 [][][] []
 []

LaTeX Info: Redefining \. on input line 18359.
LaTeX Info: Redefining \% on input line 18359.

Package fancyhdr Warning: \headheight is too small (12.0pt): 
(fancyhdr)                Make it at least 13.07225pt, for example:
(fancyhdr)                \setlength{\headheight}{13.07225pt}.
(fancyhdr)                You might also make \topmargin smaller to compensate:

(fancyhdr)                \addtolength{\topmargin}{-1.07225pt}.

LaTeX Info: Redefining \. on input line 18359.
LaTeX Info: Redefining \% on input line 18359.
[1059]
Overfull \hbox (28.9433pt too wide) in alignment at lines 18362--18378
 [][][] []
 []


Overfull \hbox (28.9433pt too wide) in alignment at lines 18381--18397
 [][][] []
 []


Overfull \hbox (14.84045pt too wide) in alignment at lines 18403--18413
 [][][] []
 []


Overfull \hbox (37.91495pt too wide) in alignment at lines 18416--18426
 [][][] []
 []


Overfull \hbox (3.3032pt too wide) in alignment at lines 18432--18441
 [][][] []
 []

LaTeX Info: Redefining \. on input line 18446.
LaTeX Info: Redefining \% on input line 18446.

Package fancyhdr Warning: \headheight is too small (12.0pt): 
(fancyhdr)                Make it at least 13.07225pt, for example:
(fancyhdr)                \setlength{\headheight}{13.07225pt}.
(fancyhdr)                You might also make \topmargin smaller to compensate:

(fancyhdr)                \addtolength{\topmargin}{-1.07225pt}.

LaTeX Info: Redefining \. on input line 18446.
LaTeX Info: Redefining \% on input line 18446.
[1060]
Overfull \hbox (7.36588pt too wide) in alignment at lines 18464--18468
 [][][] []
 []


Overfull \hbox (8.90753pt too wide) in alignment at lines 18470--18473
 [][][] []
 []


Overfull \hbox (2.69507pt too wide) in alignment at lines 18476--18480
 [][][] []
 []


Overfull \hbox (4.23672pt too wide) in alignment at lines 18483--18486
 [][][] []
 []


Overfull \hbox (8.90753pt too wide) in alignment at lines 18533--18536
 [][][] []
 []

LaTeX Info: Redefining \. on input line 18562.
LaTeX Info: Redefining \% on input line 18562.

Package fancyhdr Warning: \headheight is too small (12.0pt): 
(fancyhdr)                Make it at least 13.07225pt, for example:
(fancyhdr)                \setlength{\headheight}{13.07225pt}.
(fancyhdr)                You might also make \topmargin smaller to compensate:

(fancyhdr)                \addtolength{\topmargin}{-1.07225pt}.

LaTeX Info: Redefining \. on input line 18562.
LaTeX Info: Redefining \% on input line 18562.
[1061]
LaTeX Info: Redefining \. on input line 18628.
LaTeX Info: Redefining \% on input line 18628.


Package fancyhdr Warning: \headheight is too small (12.0pt): 
(fancyhdr)                Make it at least 13.07225pt, for example:
(fancyhdr)                \setlength{\headheight}{13.07225pt}.
(fancyhdr)                You might also make \topmargin smaller to compensate:

(fancyhdr)                \addtolength{\topmargin}{-1.07225pt}.

LaTeX Info: Redefining \. on input line 18628.
LaTeX Info: Redefining \% on input line 18628.
[1062]

Package hyperref Warning: Suppressing link with empty target on input line 1873
3.

LaTeX Info: Redefining \. on input line 18736.
LaTeX Info: Redefining \% on input line 18736.

Package fancyhdr Warning: \headheight is too small (12.0pt): 
(fancyhdr)                Make it at least 13.07225pt, for example:
(fancyhdr)                \setlength{\headheight}{13.07225pt}.
(fancyhdr)                You might also make \topmargin smaller to compensate:

(fancyhdr)                \addtolength{\topmargin}{-1.07225pt}.

LaTeX Info: Redefining \. on input line 18736.
LaTeX Info: Redefining \% on input line 18736.
[1063]
Overfull \hbox (89.61273pt too wide) in alignment at lines 18736--18741
 [][][] []
 []


Overfull \hbox (28.56978pt too wide) in paragraph at lines 18766--18768
[]\OT1/cmr/m/n/9 Just li-ke be-fo-re the ex-pres-sion $\OML/cmm/m/it/9 F[] []$\
OT1/cmr/m/n/9 , will be de-no-ted by $\OML/cmm/m/it/9 F[] []$\OT1/cmr/m/n/9 ,
 []


Overfull \hbox (100.32191pt too wide) in alignment at lines 18776--18779
 [][][] []
 []


Overfull \hbox (12.372pt too wide) in paragraph at lines 18782--18784
[]\OT1/cmr/m/n/9 Recall the ex-pres-sion for $\OML/cmm/m/it/9 F[] []$\OT1/cmr/m
/n/9 , which is de-no-ted by $\OML/cmm/m/it/9 F[] []$\OT1/cmr/m/n/9 ,
 []


Overfull \hbox (62.75983pt too wide) in alignment at lines 18797--18804
 [][][] []
 []


Overfull \hbox (27.10274pt too wide) in alignment at lines 18806--18809
 [][][] []
 []


Overfull \hbox (27.10274pt too wide) in alignment at lines 18811--18814
 [][][] []
 []

LaTeX Info: Redefining \. on input line 18814.
LaTeX Info: Redefining \% on input line 18814.

Package fancyhdr Warning: \headheight is too small (12.0pt): 
(fancyhdr)                Make it at least 13.07225pt, for example:
(fancyhdr)                \setlength{\headheight}{13.07225pt}.
(fancyhdr)                You might also make \topmargin smaller to compensate:

(fancyhdr)                \addtolength{\topmargin}{-1.07225pt}.

LaTeX Info: Redefining \. on input line 18814.
LaTeX Info: Redefining \% on input line 18814.
[1064]
Overfull \hbox (27.10274pt too wide) in alignment at lines 18816--18823
 [][][] []
 []


Overfull \hbox (27.10274pt too wide) in alignment at lines 18835--18838
 [][][] []
 []


Overfull \hbox (102.6671pt too wide) in alignment at lines 18873--18910
 [][][] []
 []

LaTeX Info: Redefining \. on input line 18910.
LaTeX Info: Redefining \% on input line 18910.

Package fancyhdr Warning: \headheight is too small (12.0pt): 
(fancyhdr)                Make it at least 13.07225pt, for example:
(fancyhdr)                \setlength{\headheight}{13.07225pt}.
(fancyhdr)                You might also make \topmargin smaller to compensate:

(fancyhdr)                \addtolength{\topmargin}{-1.07225pt}.

LaTeX Info: Redefining \. on input line 18910.
LaTeX Info: Redefining \% on input line 18910.
[1065]
Overfull \hbox (38.64032pt too wide) in alignment at lines 18926--18969
 [][][] []
 []


Overfull \hbox (38.63998pt too wide) in alignment at lines 18981--19031
 [][][] []
 []

LaTeX Info: Redefining \. on input line 19031.
LaTeX Info: Redefining \% on input line 19031.

Package fancyhdr Warning: \headheight is too small (12.0pt): 
(fancyhdr)                Make it at least 13.07225pt, for example:
(fancyhdr)                \setlength{\headheight}{13.07225pt}.
(fancyhdr)                You might also make \topmargin smaller to compensate:

(fancyhdr)                \addtolength{\topmargin}{-1.07225pt}.

LaTeX Info: Redefining \. on input line 19031.
LaTeX Info: Redefining \% on input line 19031.
[1066]
LaTeX Info: Redefining \. on input line 19033.
LaTeX Info: Redefining \% on input line 19033.


Package fancyhdr Warning: \headheight is too small (12.0pt): 
(fancyhdr)                Make it at least 13.07225pt, for example:
(fancyhdr)                \setlength{\headheight}{13.07225pt}.
(fancyhdr)                You might also make \topmargin smaller to compensate:

(fancyhdr)                \addtolength{\topmargin}{-1.07225pt}.

LaTeX Info: Redefining \. on input line 19033.
LaTeX Info: Redefining \% on input line 19033.
[1067]
Overfull \hbox (7.36588pt too wide) in alignment at lines 19049--19053
 [][][] []
 []


Overfull \hbox (8.90753pt too wide) in alignment at lines 19055--19058
 [][][] []
 []


Overfull \hbox (2.69507pt too wide) in alignment at lines 19061--19065
 [][][] []
 []


Overfull \hbox (4.23672pt too wide) in alignment at lines 19068--19071
 [][][] []
 []


Overfull \hbox (8.90753pt too wide) in alignment at lines 19113--19116
 [][][] []
 []

LaTeX Info: Redefining \. on input line 19142.
LaTeX Info: Redefining \% on input line 19142.

Package fancyhdr Warning: \headheight is too small (12.0pt): 
(fancyhdr)                Make it at least 13.07225pt, for example:
(fancyhdr)                \setlength{\headheight}{13.07225pt}.
(fancyhdr)                You might also make \topmargin smaller to compensate:

(fancyhdr)                \addtolength{\topmargin}{-1.07225pt}.

LaTeX Info: Redefining \. on input line 19142.
LaTeX Info: Redefining \% on input line 19142.
[1068]
LaTeX Info: Redefining \. on input line 19214.
LaTeX Info: Redefining \% on input line 19214.


Package fancyhdr Warning: \headheight is too small (12.0pt): 
(fancyhdr)                Make it at least 13.07225pt, for example:
(fancyhdr)                \setlength{\headheight}{13.07225pt}.
(fancyhdr)                You might also make \topmargin smaller to compensate:

(fancyhdr)                \addtolength{\topmargin}{-1.07225pt}.

LaTeX Info: Redefining \. on input line 19214.
LaTeX Info: Redefining \% on input line 19214.
[1069]
Overfull \hbox (89.61273pt too wide) in alignment at lines 19238--19243
 [][][] []
 []


Overfull \hbox (19.09763pt too wide) in paragraph at lines 19260--19262
[]\OT1/cmr/m/n/9 Recordemos la ex-pre-si^^Son $\OML/cmm/m/it/9 F[] []$\OT1/cmr/
m/n/9 , que de-no-ta-re-mos por $\OML/cmm/m/it/9 F[] []$\OT1/cmr/m/n/9 ,
 []

LaTeX Info: Redefining \. on input line 19298.
LaTeX Info: Redefining \% on input line 19298.

Package fancyhdr Warning: \headheight is too small (12.0pt): 
(fancyhdr)                Make it at least 13.07225pt, for example:
(fancyhdr)                \setlength{\headheight}{13.07225pt}.
(fancyhdr)                You might also make \topmargin smaller to compensate:

(fancyhdr)                \addtolength{\topmargin}{-1.07225pt}.

LaTeX Info: Redefining \. on input line 19298.
LaTeX Info: Redefining \% on input line 19298.
[1070]
Overfull \hbox (102.6671pt too wide) in alignment at lines 19302--19342
 [][][] []
 []


Overfull \hbox (38.64032pt too wide) in alignment at lines 19358--19401
 [][][] []
 []

LaTeX Info: Redefining \. on input line 19401.
LaTeX Info: Redefining \% on input line 19401.

Package fancyhdr Warning: \headheight is too small (12.0pt): 
(fancyhdr)                Make it at least 13.07225pt, for example:
(fancyhdr)                \setlength{\headheight}{13.07225pt}.
(fancyhdr)                You might also make \topmargin smaller to compensate:

(fancyhdr)                \addtolength{\topmargin}{-1.07225pt}.

LaTeX Info: Redefining \. on input line 19401.
LaTeX Info: Redefining \% on input line 19401.
[1071]
Overfull \hbox (38.63998pt too wide) in alignment at lines 19413--19463
 [][][] []
 []

LaTeX Info: Redefining \. on input line 19463.
LaTeX Info: Redefining \% on input line 19463.

Package fancyhdr Warning: \headheight is too small (12.0pt): 
(fancyhdr)                Make it at least 13.07225pt, for example:
(fancyhdr)                \setlength{\headheight}{13.07225pt}.
(fancyhdr)                You might also make \topmargin smaller to compensate:

(fancyhdr)                \addtolength{\topmargin}{-1.07225pt}.

LaTeX Info: Redefining \. on input line 19463.
LaTeX Info: Redefining \% on input line 19463.
[1072]
Overfull \hbox (26.21945pt too wide) in alignment at lines 19477--19480
 [][][] []
 []


Overfull \hbox (24.6778pt too wide) in alignment at lines 19483--19487
 [][][] []
 []


Overfull \hbox (21.54865pt too wide) in alignment at lines 19489--19492
 [][][] []
 []


Overfull \hbox (20.00699pt too wide) in alignment at lines 19494--19498
 [][][] []
 []

LaTeX Info: Redefining \. on input line 19516.
LaTeX Info: Redefining \% on input line 19516.

Package fancyhdr Warning: \headheight is too small (12.0pt): 
(fancyhdr)                Make it at least 13.07225pt, for example:
(fancyhdr)                \setlength{\headheight}{13.07225pt}.
(fancyhdr)                You might also make \topmargin smaller to compensate:

(fancyhdr)                \addtolength{\topmargin}{-1.07225pt}.

LaTeX Info: Redefining \. on input line 19516.
LaTeX Info: Redefining \% on input line 19516.
[1073]
Overfull \hbox (9.51535pt too wide) in alignment at lines 19550--19556
 [][][] []
 []


Overfull \hbox (6.43204pt too wide) in alignment at lines 19572--19576
 [][][] []
 []

LaTeX Info: Redefining \. on input line 19593.
LaTeX Info: Redefining \% on input line 19593.

Package fancyhdr Warning: \headheight is too small (12.0pt): 
(fancyhdr)                Make it at least 13.07225pt, for example:
(fancyhdr)                \setlength{\headheight}{13.07225pt}.
(fancyhdr)                You might also make \topmargin smaller to compensate:

(fancyhdr)                \addtolength{\topmargin}{-1.07225pt}.

LaTeX Info: Redefining \. on input line 19593.
LaTeX Info: Redefining \% on input line 19593.
[1074]
Overfull \hbox (89.61273pt too wide) in alignment at lines 19640--19645
 [][][] []
 []

LaTeX Info: Redefining \. on input line 19660.
LaTeX Info: Redefining \% on input line 19660.

Package fancyhdr Warning: \headheight is too small (12.0pt): 
(fancyhdr)                Make it at least 13.07225pt, for example:
(fancyhdr)                \setlength{\headheight}{13.07225pt}.
(fancyhdr)                You might also make \topmargin smaller to compensate:

(fancyhdr)                \addtolength{\topmargin}{-1.07225pt}.

LaTeX Info: Redefining \. on input line 19660.
LaTeX Info: Redefining \% on input line 19660.
[1075]
Overfull \hbox (19.09763pt too wide) in paragraph at lines 19662--19664
[]\OT1/cmr/m/n/9 Recordemos la ex-pre-si^^Son $\OML/cmm/m/it/9 F[] []$\OT1/cmr/
m/n/9 , que de-no-ta-re-mos por $\OML/cmm/m/it/9 F[] []$\OT1/cmr/m/n/9 ,
 []


Overfull \hbox (102.6671pt too wide) in alignment at lines 19704--19744
 [][][] []
 []


Overfull \hbox (38.64032pt too wide) in alignment at lines 19760--19803
 [][][] []
 []

LaTeX Info: Redefining \. on input line 19803.
LaTeX Info: Redefining \% on input line 19803.

Package fancyhdr Warning: \headheight is too small (12.0pt): 
(fancyhdr)                Make it at least 13.07225pt, for example:
(fancyhdr)                \setlength{\headheight}{13.07225pt}.
(fancyhdr)                You might also make \topmargin smaller to compensate:

(fancyhdr)                \addtolength{\topmargin}{-1.07225pt}.

LaTeX Info: Redefining \. on input line 19803.
LaTeX Info: Redefining \% on input line 19803.
[1076]
Overfull \hbox (38.63998pt too wide) in alignment at lines 19815--19865
 [][][] []
 []

LaTeX Info: Redefining \. on input line 19865.
LaTeX Info: Redefining \% on input line 19865.

Package fancyhdr Warning: \headheight is too small (12.0pt): 
(fancyhdr)                Make it at least 13.07225pt, for example:
(fancyhdr)                \setlength{\headheight}{13.07225pt}.
(fancyhdr)                You might also make \topmargin smaller to compensate:

(fancyhdr)                \addtolength{\topmargin}{-1.07225pt}.

LaTeX Info: Redefining \. on input line 19865.
LaTeX Info: Redefining \% on input line 19865.
[1077]
LaTeX Info: Redefining \. on input line 19919.
LaTeX Info: Redefining \% on input line 19919.


Package fancyhdr Warning: \headheight is too small (12.0pt): 
(fancyhdr)                Make it at least 13.07225pt, for example:
(fancyhdr)                \setlength{\headheight}{13.07225pt}.
(fancyhdr)                You might also make \topmargin smaller to compensate:

(fancyhdr)                \addtolength{\topmargin}{-1.07225pt}.

LaTeX Info: Redefining \. on input line 19919.
LaTeX Info: Redefining \% on input line 19919.
[1078]
Overfull \hbox (24.6778pt too wide) in alignment at lines 19970--19974
 [][][] []
 []


Overfull \hbox (26.21945pt too wide) in alignment at lines 19976--19979
 [][][] []
 []


Overfull \hbox (20.00699pt too wide) in alignment at lines 19982--19986
 [][][] []
 []


Overfull \hbox (21.54865pt too wide) in alignment at lines 19989--19992
 [][][] []
 []

LaTeX Info: Redefining \. on input line 20007.
LaTeX Info: Redefining \% on input line 20007.

Package fancyhdr Warning: \headheight is too small (12.0pt): 
(fancyhdr)                Make it at least 13.07225pt, for example:
(fancyhdr)                \setlength{\headheight}{13.07225pt}.
(fancyhdr)                You might also make \topmargin smaller to compensate:

(fancyhdr)                \addtolength{\topmargin}{-1.07225pt}.

LaTeX Info: Redefining \. on input line 20007.
LaTeX Info: Redefining \% on input line 20007.
[1079]
LaTeX Info: Redefining \. on input line 20047.
LaTeX Info: Redefining \% on input line 20047.


Package fancyhdr Warning: \headheight is too small (12.0pt): 
(fancyhdr)                Make it at least 13.07225pt, for example:
(fancyhdr)                \setlength{\headheight}{13.07225pt}.
(fancyhdr)                You might also make \topmargin smaller to compensate:

(fancyhdr)                \addtolength{\topmargin}{-1.07225pt}.

LaTeX Info: Redefining \. on input line 20047.
LaTeX Info: Redefining \% on input line 20047.
[1080]
Overfull \hbox (43.66193pt too wide) in alignment at lines 20085--20092
 [][][] []
 []


Overfull \hbox (49.2902pt too wide) in alignment at lines 20121--20129
 [][][] []
 []

LaTeX Info: Redefining \. on input line 20134.
LaTeX Info: Redefining \% on input line 20134.

Package fancyhdr Warning: \headheight is too small (12.0pt): 
(fancyhdr)                Make it at least 13.07225pt, for example:
(fancyhdr)                \setlength{\headheight}{13.07225pt}.
(fancyhdr)                You might also make \topmargin smaller to compensate:

(fancyhdr)                \addtolength{\topmargin}{-1.07225pt}.

LaTeX Info: Redefining \. on input line 20134.
LaTeX Info: Redefining \% on input line 20134.
[1081]
Overfull \hbox (46.99716pt too wide) in alignment at lines 20163--20176
 [][][] []
 []


Overfull \hbox (32.80006pt too wide) in paragraph at lines 20191--20196
\OT1/cmr/m/n/9 the ser-ver's swit-cho-ver ti-mes are gi-ven by the ge-ne-rals e
qua-tions $\OML/cmm/m/it/9 R[] [] \OT1/cmr/m/n/9 = \OML/cmm/m/it/9 R[] []$\OT1/
cmr/m/n/9 ,
 []

LaTeX Info: Redefining \. on input line 20232.
LaTeX Info: Redefining \% on input line 20232.

Package fancyhdr Warning: \headheight is too small (12.0pt): 
(fancyhdr)                Make it at least 13.07225pt, for example:
(fancyhdr)                \setlength{\headheight}{13.07225pt}.
(fancyhdr)                You might also make \topmargin smaller to compensate:

(fancyhdr)                \addtolength{\topmargin}{-1.07225pt}.

LaTeX Info: Redefining \. on input line 20232.
LaTeX Info: Redefining \% on input line 20232.
[1082]
Overfull \hbox (2.44508pt too wide) in alignment at lines 20239--20247
 [][][] []
 []


Overfull \hbox (3.72287pt too wide) in alignment at lines 20250--20258
 [][][] []
 []


Overfull \hbox (42.16429pt too wide) in alignment at lines 20263--20272
 [][][] []
 []


Overfull \hbox (88.30415pt too wide) in alignment at lines 20302--20315
 [][][] []
 []


Overfull \hbox (85.76474pt too wide) in alignment at lines 20324--20351
 [][][] []
 []

LaTeX Info: Redefining \. on input line 20382.
LaTeX Info: Redefining \% on input line 20382.

Package fancyhdr Warning: \headheight is too small (12.0pt): 
(fancyhdr)                Make it at least 13.07225pt, for example:
(fancyhdr)                \setlength{\headheight}{13.07225pt}.
(fancyhdr)                You might also make \topmargin smaller to compensate:

(fancyhdr)                \addtolength{\topmargin}{-1.07225pt}.

LaTeX Info: Redefining \. on input line 20382.
LaTeX Info: Redefining \% on input line 20382.
[1083]
Overfull \hbox (3.46742pt too wide) in alignment at lines 20415--20423
 [][][] []
 []

LaTeX Info: Redefining \. on input line 20501.
LaTeX Info: Redefining \% on input line 20501.

Package fancyhdr Warning: \headheight is too small (12.0pt): 
(fancyhdr)                Make it at least 13.07225pt, for example:
(fancyhdr)                \setlength{\headheight}{13.07225pt}.
(fancyhdr)                You might also make \topmargin smaller to compensate:

(fancyhdr)                \addtolength{\topmargin}{-1.07225pt}.

LaTeX Info: Redefining \. on input line 20501.
LaTeX Info: Redefining \% on input line 20501.
[1084]
Overfull \hbox (59.05424pt too wide) in paragraph at lines 20502--20504
[]\OT1/cmr/m/it/9 Let's $\OML/cmm/m/it/9 G[] []$ \OT1/cmr/m/it/9 and $\OML/cmm/
m/it/9 G []$ \OT1/cmr/m/it/9 de-fi-ned as in ([]36.34.2[]), then $\OML/cmm/m/it
/9 G[] [] \OT1/cmr/m/n/9 = [] [] [] []$\OT1/cmr/m/it/9 .
 []

LaTeX Info: Redefining \. on input line 20558.
LaTeX Info: Redefining \% on input line 20558.

Package fancyhdr Warning: \headheight is too small (12.0pt): 
(fancyhdr)                Make it at least 13.07225pt, for example:
(fancyhdr)                \setlength{\headheight}{13.07225pt}.
(fancyhdr)                You might also make \topmargin smaller to compensate:

(fancyhdr)                \addtolength{\topmargin}{-1.07225pt}.

LaTeX Info: Redefining \. on input line 20558.
LaTeX Info: Redefining \% on input line 20558.
[1085]
Overfull \hbox (46.11644pt too wide) in paragraph at lines 20560--20566
[]\OT1/cmr/m/it/9 it means that $\OML/cmm/m/it/9 G [] \OT1/cmr/m/n/9 = \OML/cmm
/m/it/9 F [] \OT1/cmr/m/n/9 + [] [] [] []$\OT1/cmr/m/it/9 , then $\OML/cmm/m/it
/9 G [] \OT1/cmr/m/n/9 = \OML/cmm/m/it/9 F [] \OT1/cmr/m/n/9 + [] [] [] [] =
 []


Overfull \hbox (44.21002pt too wide) in alignment at lines 20572--20578
 [][][] []
 []


Overfull \hbox (47.53468pt too wide) in alignment at lines 20584--20611
 [][][] []
 []

LaTeX Info: Redefining \. on input line 20622.
LaTeX Info: Redefining \% on input line 20622.

Package fancyhdr Warning: \headheight is too small (12.0pt): 
(fancyhdr)                Make it at least 13.07225pt, for example:
(fancyhdr)                \setlength{\headheight}{13.07225pt}.
(fancyhdr)                You might also make \topmargin smaller to compensate:

(fancyhdr)                \addtolength{\topmargin}{-1.07225pt}.

LaTeX Info: Redefining \. on input line 20622.
LaTeX Info: Redefining \% on input line 20622.
[1086]
Overfull \hbox (5.13954pt too wide) in alignment at lines 20624--20632
 [][][] []
 []


Overfull \hbox (58.66446pt too wide) in alignment at lines 20700--20720
 [][][] []
 []

LaTeX Info: Redefining \. on input line 20720.
LaTeX Info: Redefining \% on input line 20720.

Package fancyhdr Warning: \headheight is too small (12.0pt): 
(fancyhdr)                Make it at least 13.07225pt, for example:
(fancyhdr)                \setlength{\headheight}{13.07225pt}.
(fancyhdr)                You might also make \topmargin smaller to compensate:

(fancyhdr)                \addtolength{\topmargin}{-1.07225pt}.

LaTeX Info: Redefining \. on input line 20720.
LaTeX Info: Redefining \% on input line 20720.
[1087]
Overfull \hbox (63.92186pt too wide) in alignment at lines 20729--20801
 [][][] []
 []


Overfull \hbox (25.7927pt too wide) in alignment at lines 20803--20830
 [][][] []
 []


Overfull \hbox (25.7927pt too wide) in alignment at lines 20834--20857
 [][][] []
 []

LaTeX Info: Redefining \. on input line 20857.
LaTeX Info: Redefining \% on input line 20857.

Package fancyhdr Warning: \headheight is too small (12.0pt): 
(fancyhdr)                Make it at least 13.07225pt, for example:
(fancyhdr)                \setlength{\headheight}{13.07225pt}.
(fancyhdr)                You might also make \topmargin smaller to compensate:

(fancyhdr)                \addtolength{\topmargin}{-1.07225pt}.

LaTeX Info: Redefining \. on input line 20857.
LaTeX Info: Redefining \% on input line 20857.
[1088]
LaTeX Info: Redefining \. on input line 20997.
LaTeX Info: Redefining \% on input line 20997.


Package fancyhdr Warning: \headheight is too small (12.0pt): 
(fancyhdr)                Make it at least 13.07225pt, for example:
(fancyhdr)                \setlength{\headheight}{13.07225pt}.
(fancyhdr)                You might also make \topmargin smaller to compensate:

(fancyhdr)                \addtolength{\topmargin}{-1.07225pt}.

LaTeX Info: Redefining \. on input line 20997.
LaTeX Info: Redefining \% on input line 20997.
[1089]
Overfull \hbox (10.5272pt too wide) in alignment at lines 20999--21044
 [][][] []
 []


Overfull \hbox (26.89166pt too wide) in alignment at lines 21046--21093
 [][][] []
 []

LaTeX Info: Redefining \. on input line 21114.
LaTeX Info: Redefining \% on input line 21114.

Package fancyhdr Warning: \headheight is too small (12.0pt): 
(fancyhdr)                Make it at least 13.07225pt, for example:
(fancyhdr)                \setlength{\headheight}{13.07225pt}.
(fancyhdr)                You might also make \topmargin smaller to compensate:

(fancyhdr)                \addtolength{\topmargin}{-1.07225pt}.

LaTeX Info: Redefining \. on input line 21114.
LaTeX Info: Redefining \% on input line 21114.
[1090]
Overfull \hbox (70.3111pt too wide) in alignment at lines 21121--21159
 [][][] []
 []


Overfull \hbox (41.04811pt too wide) in alignment at lines 21187--21206
 [][][] []
 []


Overfull \hbox (75.36853pt too wide) in alignment at lines 21209--21228
 [][][] []
 []

LaTeX Info: Redefining \. on input line 21228.
LaTeX Info: Redefining \% on input line 21228.

Package fancyhdr Warning: \headheight is too small (12.0pt): 
(fancyhdr)                Make it at least 13.07225pt, for example:
(fancyhdr)                \setlength{\headheight}{13.07225pt}.
(fancyhdr)                You might also make \topmargin smaller to compensate:

(fancyhdr)                \addtolength{\topmargin}{-1.07225pt}.

LaTeX Info: Redefining \. on input line 21228.
LaTeX Info: Redefining \% on input line 21228.
[1091]
Overfull \hbox (50.9149pt too wide) in alignment at lines 21240--21288
 [][][] []
 []


Overfull \hbox (28.36212pt too wide) in alignment at lines 21293--21324
 [][][] []
 []


Overfull \hbox (28.36212pt too wide) in alignment at lines 21327--21354
 [][][] []
 []

LaTeX Info: Redefining \. on input line 21426.
LaTeX Info: Redefining \% on input line 21426.

Package fancyhdr Warning: \headheight is too small (12.0pt): 
(fancyhdr)                Make it at least 13.07225pt, for example:
(fancyhdr)                \setlength{\headheight}{13.07225pt}.
(fancyhdr)                You might also make \topmargin smaller to compensate:

(fancyhdr)                \addtolength{\topmargin}{-1.07225pt}.

LaTeX Info: Redefining \. on input line 21426.
LaTeX Info: Redefining \% on input line 21426.
[1092]
Overfull \hbox (65.69647pt too wide) in alignment at lines 21429--21497
 [][][] []
 []


Overfull \hbox (61.8284pt too wide) in alignment at lines 21498--21564
 [][][] []
 []


Overfull \hbox (48.29036pt too wide) in alignment at lines 21565--21631
 [][][] []
 []


Overfull \hbox (48.29036pt too wide) in alignment at lines 21633--21697
 [][][] []
 []

LaTeX Info: Redefining \. on input line 21697.
LaTeX Info: Redefining \% on input line 21697.

Package fancyhdr Warning: \headheight is too small (12.0pt): 
(fancyhdr)                Make it at least 13.07225pt, for example:
(fancyhdr)                \setlength{\headheight}{13.07225pt}.
(fancyhdr)                You might also make \topmargin smaller to compensate:

(fancyhdr)                \addtolength{\topmargin}{-1.07225pt}.

LaTeX Info: Redefining \. on input line 21697.
LaTeX Info: Redefining \% on input line 21697.
[1093]

LaTeX Warning: Citation `Hernandez' on page 1094 undefined on input line 21728.


LaTeX Info: Redefining \. on input line 21793.
LaTeX Info: Redefining \% on input line 21793.

Package fancyhdr Warning: \headheight is too small (12.0pt): 
(fancyhdr)                Make it at least 13.07225pt, for example:
(fancyhdr)                \setlength{\headheight}{13.07225pt}.
(fancyhdr)                You might also make \topmargin smaller to compensate:

(fancyhdr)                \addtolength{\topmargin}{-1.07225pt}.

LaTeX Info: Redefining \. on input line 21793.
LaTeX Info: Redefining \% on input line 21793.
[1094]

LaTeX Warning: Citation `DRS' on page 1095 undefined on input line 21817.


LaTeX Warning: Citation `DRS' on page 1095 undefined on input line 21818.


LaTeX Warning: Citation `DRS' on page 1095 undefined on input line 21826.


Overfull \hbox (91.41132pt too wide) in alignment at lines 21830--21841
 [][][] []
 []

LaTeX Info: Redefining \. on input line 21934.
LaTeX Info: Redefining \% on input line 21934.

Package fancyhdr Warning: \headheight is too small (12.0pt): 
(fancyhdr)                Make it at least 13.07225pt, for example:
(fancyhdr)                \setlength{\headheight}{13.07225pt}.
(fancyhdr)                You might also make \topmargin smaller to compensate:

(fancyhdr)                \addtolength{\topmargin}{-1.07225pt}.

LaTeX Info: Redefining \. on input line 21934.
LaTeX Info: Redefining \% on input line 21934.
[1095]
Overfull \hbox (91.41132pt too wide) in alignment at lines 22006--22017
 [][][] []
 []


Overfull \hbox (14.81569pt too wide) in alignment at lines 22021--22036
 [][][] []
 []

LaTeX Info: Redefining \. on input line 22066.
LaTeX Info: Redefining \% on input line 22066.

Package fancyhdr Warning: \headheight is too small (12.0pt): 
(fancyhdr)                Make it at least 13.07225pt, for example:
(fancyhdr)                \setlength{\headheight}{13.07225pt}.
(fancyhdr)                You might also make \topmargin smaller to compensate:

(fancyhdr)                \addtolength{\topmargin}{-1.07225pt}.

LaTeX Info: Redefining \. on input line 22066.
LaTeX Info: Redefining \% on input line 22066.
[1096]
Overfull \hbox (91.17668pt too wide) in alignment at lines 22072--22095
 [][][] []
 []


Overfull \hbox (52.98904pt too wide) in alignment at lines 22101--22110
 [][][] []
 []


Overfull \hbox (69.4865pt too wide) in alignment at lines 22113--22173
 [][][] []
 []

LaTeX Info: Redefining \. on input line 22173.
LaTeX Info: Redefining \% on input line 22173.

Package fancyhdr Warning: \headheight is too small (12.0pt): 
(fancyhdr)                Make it at least 13.07225pt, for example:
(fancyhdr)                \setlength{\headheight}{13.07225pt}.
(fancyhdr)                You might also make \topmargin smaller to compensate:

(fancyhdr)                \addtolength{\topmargin}{-1.07225pt}.

LaTeX Info: Redefining \. on input line 22173.
LaTeX Info: Redefining \% on input line 22173.
[1097]
LaTeX Info: Redefining \. on input line 22212.
LaTeX Info: Redefining \% on input line 22212.


Package fancyhdr Warning: \headheight is too small (12.0pt): 
(fancyhdr)                Make it at least 13.07225pt, for example:
(fancyhdr)                \setlength{\headheight}{13.07225pt}.
(fancyhdr)                You might also make \topmargin smaller to compensate:

(fancyhdr)                \addtolength{\topmargin}{-1.07225pt}.

LaTeX Info: Redefining \. on input line 22212.
LaTeX Info: Redefining \% on input line 22212.
[1098]
Overfull \hbox (74.82079pt too wide) in alignment at lines 22215--22236
 [][][] []
 []

LaTeX Info: Redefining \. on input line 22241.
LaTeX Info: Redefining \% on input line 22241.

Package fancyhdr Warning: \headheight is too small (12.0pt): 
(fancyhdr)                Make it at least 13.07225pt, for example:
(fancyhdr)                \setlength{\headheight}{13.07225pt}.
(fancyhdr)                You might also make \topmargin smaller to compensate:

(fancyhdr)                \addtolength{\topmargin}{-1.07225pt}.

LaTeX Info: Redefining \. on input line 22241.
LaTeX Info: Redefining \% on input line 22241.
[1099]
Overfull \hbox (6.11252pt too wide) in alignment at lines 22249--22285
 [][][] []
 []


Overfull \hbox (44.76295pt too wide) in alignment at lines 22289--22305
 [][][] []
 []


Overfull \hbox (62.237pt too wide) in alignment at lines 22307--22327
 [][][] []
 []


Overfull \hbox (49.41393pt too wide) in alignment at lines 22339--22365
 [][][] []
 []

LaTeX Info: Redefining \. on input line 22365.
LaTeX Info: Redefining \% on input line 22365.

Package fancyhdr Warning: \headheight is too small (12.0pt): 
(fancyhdr)                Make it at least 13.07225pt, for example:
(fancyhdr)                \setlength{\headheight}{13.07225pt}.
(fancyhdr)                You might also make \topmargin smaller to compensate:

(fancyhdr)                \addtolength{\topmargin}{-1.07225pt}.

LaTeX Info: Redefining \. on input line 22365.
LaTeX Info: Redefining \% on input line 22365.
[1100]
Overfull \hbox (6.11252pt too wide) in alignment at lines 22370--22383
 [][][] []
 []


Overfull \hbox (74.82079pt too wide) in alignment at lines 22386--22403
 [][][] []
 []


Overfull \hbox (66.1464pt too wide) in alignment at lines 22413--22437
 [][][] []
 []


Overfull \hbox (66.1464pt too wide) in alignment at lines 22439--22452
 [][][] []
 []

LaTeX Info: Redefining \. on input line 22452.
LaTeX Info: Redefining \% on input line 22452.

Package fancyhdr Warning: \headheight is too small (12.0pt): 
(fancyhdr)                Make it at least 13.07225pt, for example:
(fancyhdr)                \setlength{\headheight}{13.07225pt}.
(fancyhdr)                You might also make \topmargin smaller to compensate:

(fancyhdr)                \addtolength{\topmargin}{-1.07225pt}.

LaTeX Info: Redefining \. on input line 22452.
LaTeX Info: Redefining \% on input line 22452.
[1101]
Overfull \hbox (61.93344pt too wide) in alignment at lines 22454--22470
 [][][] []
 []


Overfull \hbox (74.82079pt too wide) in alignment at lines 22473--22543
 [][][] []
 []


Overfull \hbox (132.39037pt too wide) in alignment at lines 22545--22635
 [][][] []
 []

LaTeX Info: Redefining \. on input line 22635.
LaTeX Info: Redefining \% on input line 22635.

Package fancyhdr Warning: \headheight is too small (12.0pt): 
(fancyhdr)                Make it at least 13.07225pt, for example:
(fancyhdr)                \setlength{\headheight}{13.07225pt}.
(fancyhdr)                You might also make \topmargin smaller to compensate:

(fancyhdr)                \addtolength{\topmargin}{-1.07225pt}.

LaTeX Info: Redefining \. on input line 22635.
LaTeX Info: Redefining \% on input line 22635.
[1102]
Overfull \hbox (123.31403pt too wide) in alignment at lines 22637--22725
 [][][] []
 []


Overfull \hbox (111.31764pt too wide) in alignment at lines 22727--22818
 [][][] []
 []


Overfull \hbox (111.31764pt too wide) in alignment at lines 22822--22908
 [][][] []
 []

LaTeX Info: Redefining \. on input line 22908.
LaTeX Info: Redefining \% on input line 22908.

Package fancyhdr Warning: \headheight is too small (12.0pt): 
(fancyhdr)                Make it at least 13.07225pt, for example:
(fancyhdr)                \setlength{\headheight}{13.07225pt}.
(fancyhdr)                You might also make \topmargin smaller to compensate:

(fancyhdr)                \addtolength{\topmargin}{-1.07225pt}.

LaTeX Info: Redefining \. on input line 22908.
LaTeX Info: Redefining \% on input line 22908.
[1103]
Overfull \hbox (54.07782pt too wide) in alignment at lines 22912--22943
 [][][] []
 []


Overfull \hbox (39.77118pt too wide) in alignment at lines 22945--22956
 [][][] []
 []


Overfull \hbox (38.22952pt too wide) in alignment at lines 22959--22982
 [][][] []
 []

LaTeX Info: Redefining \. on input line 23006.
LaTeX Info: Redefining \% on input line 23006.

Package fancyhdr Warning: \headheight is too small (12.0pt): 
(fancyhdr)                Make it at least 13.07225pt, for example:
(fancyhdr)                \setlength{\headheight}{13.07225pt}.
(fancyhdr)                You might also make \topmargin smaller to compensate:

(fancyhdr)                \addtolength{\topmargin}{-1.07225pt}.

LaTeX Info: Redefining \. on input line 23006.
LaTeX Info: Redefining \% on input line 23006.
[1104]

LaTeX Warning: Reference `Sist.Ec.Lineales.Doble.Traslado.App.B' on page 1105 u
ndefined on input line 23036.


Overfull \hbox (26.24112pt too wide) in alignment at lines 23051--23067
 [][][] []
 []


Overfull \hbox (40.18117pt too wide) in alignment at lines 23069--23078
 [][][] []
 []


Overfull \hbox (39.26828pt too wide) in alignment at lines 23105--23129
 [][][] []
 []

LaTeX Info: Redefining \. on input line 23129.
LaTeX Info: Redefining \% on input line 23129.

Package fancyhdr Warning: \headheight is too small (12.0pt): 
(fancyhdr)                Make it at least 13.07225pt, for example:
(fancyhdr)                \setlength{\headheight}{13.07225pt}.
(fancyhdr)                You might also make \topmargin smaller to compensate:

(fancyhdr)                \addtolength{\topmargin}{-1.07225pt}.

LaTeX Info: Redefining \. on input line 23129.
LaTeX Info: Redefining \% on input line 23129.
[1105]
Overfull \hbox (0.13316pt too wide) in alignment at lines 23145--23163
 [][][] []
 []


Overfull \hbox (31.15291pt too wide) in alignment at lines 23181--23190
 [][][] []
 []

LaTeX Info: Redefining \. on input line 23244.
LaTeX Info: Redefining \% on input line 23244.

Package fancyhdr Warning: \headheight is too small (12.0pt): 
(fancyhdr)                Make it at least 13.07225pt, for example:
(fancyhdr)                \setlength{\headheight}{13.07225pt}.
(fancyhdr)                You might also make \topmargin smaller to compensate:

(fancyhdr)                \addtolength{\topmargin}{-1.07225pt}.

LaTeX Info: Redefining \. on input line 23244.
LaTeX Info: Redefining \% on input line 23244.
[1106]
Overfull \hbox (10.5896pt too wide) in alignment at lines 23254--23283
 [][][] []
 []


Overfull \hbox (13.1739pt too wide) in alignment at lines 23297--23333
 [][][] []
 []


Overfull \hbox (41.47377pt too wide) in alignment at lines 23347--23368
 [][][] []
 []

LaTeX Info: Redefining \. on input line 23368.
LaTeX Info: Redefining \% on input line 23368.

Package fancyhdr Warning: \headheight is too small (12.0pt): 
(fancyhdr)                Make it at least 13.07225pt, for example:
(fancyhdr)                \setlength{\headheight}{13.07225pt}.
(fancyhdr)                You might also make \topmargin smaller to compensate:

(fancyhdr)                \addtolength{\topmargin}{-1.07225pt}.

LaTeX Info: Redefining \. on input line 23368.
LaTeX Info: Redefining \% on input line 23368.
[1107]
Overfull \hbox (31.39305pt too wide) in alignment at lines 23402--23411
 [][][] []
 []


Overfull \hbox (0.13316pt too wide) in alignment at lines 23427--23435
 [][][] []
 []


Overfull \hbox (0.13316pt too wide) in alignment at lines 23452--23462
 [][][] []
 []

LaTeX Info: Redefining \. on input line 23470.
LaTeX Info: Redefining \% on input line 23470.

Package fancyhdr Warning: \headheight is too small (12.0pt): 
(fancyhdr)                Make it at least 13.07225pt, for example:
(fancyhdr)                \setlength{\headheight}{13.07225pt}.
(fancyhdr)                You might also make \topmargin smaller to compensate:

(fancyhdr)                \addtolength{\topmargin}{-1.07225pt}.

LaTeX Info: Redefining \. on input line 23470.
LaTeX Info: Redefining \% on input line 23470.
[1108]
Overfull \hbox (9.32646pt too wide) in alignment at lines 23481--23490
 [][][] []
 []


Overfull \hbox (14.3476pt too wide) in alignment at lines 23502--23512
 [][][] []
 []


Overfull \hbox (13.95143pt too wide) in alignment at lines 23524--23532
 [][][] []
 []


Overfull \hbox (16.52086pt too wide) in alignment at lines 23547--23554
 [][][] []
 []


Overfull \hbox (4.2389pt too wide) in alignment at lines 23556--23562
 [][][] []
 []

LaTeX Info: Redefining \. on input line 23562.
LaTeX Info: Redefining \% on input line 23562.

Package fancyhdr Warning: \headheight is too small (12.0pt): 
(fancyhdr)                Make it at least 13.07225pt, for example:
(fancyhdr)                \setlength{\headheight}{13.07225pt}.
(fancyhdr)                You might also make \topmargin smaller to compensate:

(fancyhdr)                \addtolength{\topmargin}{-1.07225pt}.

LaTeX Info: Redefining \. on input line 23562.
LaTeX Info: Redefining \% on input line 23562.
[1109]
Overfull \hbox (22.43774pt too wide) in alignment at lines 23566--23573
 [][][] []
 []


Overfull \hbox (0.13316pt too wide) in alignment at lines 23584--23593
 [][][] []
 []


Overfull \hbox (9.32646pt too wide) in alignment at lines 23611--23627
 [][][] []
 []


Overfull \hbox (3.21648pt too wide) in alignment at lines 23640--23653
 [][][] []
 []

LaTeX Info: Redefining \. on input line 23673.
LaTeX Info: Redefining \% on input line 23673.

Package fancyhdr Warning: \headheight is too small (12.0pt): 
(fancyhdr)                Make it at least 13.07225pt, for example:
(fancyhdr)                \setlength{\headheight}{13.07225pt}.
(fancyhdr)                You might also make \topmargin smaller to compensate:

(fancyhdr)                \addtolength{\topmargin}{-1.07225pt}.

LaTeX Info: Redefining \. on input line 23673.
LaTeX Info: Redefining \% on input line 23673.
[1110]
Overfull \hbox (32.93471pt too wide) in alignment at lines 23687--23696
 [][][] []
 []


Overfull \hbox (7.7848pt too wide) in alignment at lines 23729--23739
 [][][] []
 []


Overfull \hbox (28.52458pt too wide) in alignment at lines 23752--23762
 [][][] []
 []


Overfull \hbox (3.21648pt too wide) in alignment at lines 23780--23794
 [][][] []
 []

LaTeX Info: Redefining \. on input line 23803.
LaTeX Info: Redefining \% on input line 23803.

Package fancyhdr Warning: \headheight is too small (12.0pt): 
(fancyhdr)                Make it at least 13.07225pt, for example:
(fancyhdr)                \setlength{\headheight}{13.07225pt}.
(fancyhdr)                You might also make \topmargin smaller to compensate:

(fancyhdr)                \addtolength{\topmargin}{-1.07225pt}.

LaTeX Info: Redefining \. on input line 23803.
LaTeX Info: Redefining \% on input line 23803.
[1111]
Overfull \hbox (32.88531pt too wide) in alignment at lines 23811--23821
 [][][] []
 []


Overfull \hbox (20.60336pt too wide) in alignment at lines 23823--23829
 [][][] []
 []


Overfull \hbox (3.21648pt too wide) in alignment at lines 23832--23847
 [][][] []
 []

LaTeX Info: Redefining \. on input line 23922.
LaTeX Info: Redefining \% on input line 23922.

Package fancyhdr Warning: \headheight is too small (12.0pt): 
(fancyhdr)                Make it at least 13.07225pt, for example:
(fancyhdr)                \setlength{\headheight}{13.07225pt}.
(fancyhdr)                You might also make \topmargin smaller to compensate:

(fancyhdr)                \addtolength{\topmargin}{-1.07225pt}.

LaTeX Info: Redefining \. on input line 23922.
LaTeX Info: Redefining \% on input line 23922.
[1112]
Overfull \hbox (24.85136pt too wide) in alignment at lines 23929--23934
 [][][] []
 []

LaTeX Info: Redefining \. on input line 24017.
LaTeX Info: Redefining \% on input line 24017.

Package fancyhdr Warning: \headheight is too small (12.0pt): 
(fancyhdr)                Make it at least 13.07225pt, for example:
(fancyhdr)                \setlength{\headheight}{13.07225pt}.
(fancyhdr)                You might also make \topmargin smaller to compensate:

(fancyhdr)                \addtolength{\topmargin}{-1.07225pt}.

LaTeX Info: Redefining \. on input line 24017.
LaTeX Info: Redefining \% on input line 24017.
[1113]
LaTeX Info: Redefining \. on input line 24099.
LaTeX Info: Redefining \% on input line 24099.


Package fancyhdr Warning: \headheight is too small (12.0pt): 
(fancyhdr)                Make it at least 13.07225pt, for example:
(fancyhdr)                \setlength{\headheight}{13.07225pt}.
(fancyhdr)                You might also make \topmargin smaller to compensate:

(fancyhdr)                \addtolength{\topmargin}{-1.07225pt}.

LaTeX Info: Redefining \. on input line 24099.
LaTeX Info: Redefining \% on input line 24099.
[1114]
Overfull \hbox (53.39879pt too wide) in alignment at lines 24145--24152
 [][][] []
 []


Overfull \hbox (72.41095pt too wide) in alignment at lines 24161--24168
 [][][] []
 []


Overfull \hbox (52.90695pt too wide) in alignment at lines 24170--24175
 [][][] []
 []


Overfull \hbox (41.84366pt too wide) in alignment at lines 24185--24190
 [][][] []
 []

LaTeX Info: Redefining \. on input line 24195.
LaTeX Info: Redefining \% on input line 24195.

Package fancyhdr Warning: \headheight is too small (12.0pt): 
(fancyhdr)                Make it at least 13.07225pt, for example:
(fancyhdr)                \setlength{\headheight}{13.07225pt}.
(fancyhdr)                You might also make \topmargin smaller to compensate:

(fancyhdr)                \addtolength{\topmargin}{-1.07225pt}.

LaTeX Info: Redefining \. on input line 24195.
LaTeX Info: Redefining \% on input line 24195.
[1115]
Overfull \hbox (52.90695pt too wide) in alignment at lines 24197--24202
 [][][] []
 []


Overfull \hbox (55.72603pt too wide) in alignment at lines 24204--24210
 [][][] []
 []


Overfull \hbox (42.365pt too wide) in alignment at lines 24221--24225
 [][][] []
 []


Overfull \hbox (56.77585pt too wide) in alignment at lines 24248--24255
 [][][] []
 []


Overfull \hbox (54.44861pt too wide) in alignment at lines 24264--24270
 [][][] []
 []


Overfull \hbox (42.365pt too wide) in alignment at lines 24275--24280
 [][][] []
 []


Overfull \hbox (56.77585pt too wide) in alignment at lines 24291--24298
 [][][] []
 []

LaTeX Info: Redefining \. on input line 24298.
LaTeX Info: Redefining \% on input line 24298.

Package fancyhdr Warning: \headheight is too small (12.0pt): 
(fancyhdr)                Make it at least 13.07225pt, for example:
(fancyhdr)                \setlength{\headheight}{13.07225pt}.
(fancyhdr)                You might also make \topmargin smaller to compensate:

(fancyhdr)                \addtolength{\topmargin}{-1.07225pt}.

LaTeX Info: Redefining \. on input line 24298.
LaTeX Info: Redefining \% on input line 24298.
[1116]
Overfull \hbox (41.87317pt too wide) in alignment at lines 24345--24350
 [][][] []
 []


Overfull \hbox (65.04993pt too wide) in alignment at lines 24354--24378
 [][][] []
 []


Overfull \hbox (34.95882pt too wide) in alignment at lines 24389--24420
 [][][] []
 []


Overfull \hbox (11.87653pt too wide) in alignment at lines 24429--24443
 [][][] []
 []

LaTeX Info: Redefining \. on input line 24443.
LaTeX Info: Redefining \% on input line 24443.

Package fancyhdr Warning: \headheight is too small (12.0pt): 
(fancyhdr)                Make it at least 13.07225pt, for example:
(fancyhdr)                \setlength{\headheight}{13.07225pt}.
(fancyhdr)                You might also make \topmargin smaller to compensate:

(fancyhdr)                \addtolength{\topmargin}{-1.07225pt}.

LaTeX Info: Redefining \. on input line 24443.
LaTeX Info: Redefining \% on input line 24443.
[1117]
Overfull \hbox (61.18103pt too wide) in alignment at lines 24448--24467
 [][][] []
 []


Overfull \hbox (61.86253pt too wide) in alignment at lines 24471--24491
 [][][] []
 []


Overfull \hbox (61.18103pt too wide) in alignment at lines 24507--24528
 [][][] []
 []


Overfull \hbox (11.87653pt too wide) in alignment at lines 24532--24546
 [][][] []
 []


Overfull \hbox (61.86253pt too wide) in alignment at lines 24550--24574
 [][][] []
 []

LaTeX Info: Redefining \. on input line 24574.
LaTeX Info: Redefining \% on input line 24574.

Package fancyhdr Warning: \headheight is too small (12.0pt): 
(fancyhdr)                Make it at least 13.07225pt, for example:
(fancyhdr)                \setlength{\headheight}{13.07225pt}.
(fancyhdr)                You might also make \topmargin smaller to compensate:

(fancyhdr)                \addtolength{\topmargin}{-1.07225pt}.

LaTeX Info: Redefining \. on input line 24574.
LaTeX Info: Redefining \% on input line 24574.
[1118]
Overfull \hbox (65.04993pt too wide) in alignment at lines 24590--24613
 [][][] []
 []


Overfull \hbox (65.04993pt too wide) in alignment at lines 24617--24640
 [][][] []
 []


Overfull \hbox (34.95882pt too wide) in alignment at lines 24643--24667
 [][][] []
 []

LaTeX Info: Redefining \. on input line 24697.
LaTeX Info: Redefining \% on input line 24697.

Package fancyhdr Warning: \headheight is too small (12.0pt): 
(fancyhdr)                Make it at least 13.07225pt, for example:
(fancyhdr)                \setlength{\headheight}{13.07225pt}.
(fancyhdr)                You might also make \topmargin smaller to compensate:

(fancyhdr)                \addtolength{\topmargin}{-1.07225pt}.

LaTeX Info: Redefining \. on input line 24697.
LaTeX Info: Redefining \% on input line 24697.
[1119]

Package hyperref Warning: Token not allowed in a PDF string (Unicode):
(hyperref)                removing `math shift' on input line 24713.


Package hyperref Warning: Token not allowed in a PDF string (Unicode):
(hyperref)                removing `subscript' on input line 24713.


Package hyperref Warning: Token not allowed in a PDF string (Unicode):
(hyperref)                removing `math shift' on input line 24713.


Overfull \hbox (19.97144pt too wide) in alignment at lines 24721--24726
 [][][] []
 []


Overfull \hbox (19.97144pt too wide) in alignment at lines 24730--24734
 [][][] []
 []


Overfull \hbox (22.29868pt too wide) in alignment at lines 24736--24742
 [][][] []
 []


Overfull \hbox (22.29868pt too wide) in alignment at lines 24744--24752
 [][][] []
 []


Overfull \hbox (19.97144pt too wide) in alignment at lines 24757--24762
 [][][] []
 []


Overfull \hbox (19.97144pt too wide) in alignment at lines 24766--24771
 [][][] []
 []


Overfull \hbox (22.29868pt too wide) in alignment at lines 24774--24780
 [][][] []
 []

LaTeX Info: Redefining \. on input line 24780.
LaTeX Info: Redefining \% on input line 24780.

Package fancyhdr Warning: \headheight is too small (12.0pt): 
(fancyhdr)                Make it at least 13.07225pt, for example:
(fancyhdr)                \setlength{\headheight}{13.07225pt}.
(fancyhdr)                You might also make \topmargin smaller to compensate:

(fancyhdr)                \addtolength{\topmargin}{-1.07225pt}.

LaTeX Info: Redefining \. on input line 24780.
LaTeX Info: Redefining \% on input line 24780.
[1120]
Overfull \hbox (22.29868pt too wide) in alignment at lines 24782--24788
 [][][] []
 []


Overfull \hbox (22.29868pt too wide) in alignment at lines 24794--24802
 [][][] []
 []


Overfull \hbox (22.29868pt too wide) in alignment at lines 24804--24810
 [][][] []
 []


Overfull \hbox (24.62592pt too wide) in alignment at lines 24812--24819
 [][][] []
 []


Overfull \hbox (24.62592pt too wide) in alignment at lines 24821--24830
 [][][] []
 []


Overfull \hbox (35.68423pt too wide) in alignment at lines 24836--24842
 [][][] []
 []


Overfull \hbox (22.29868pt too wide) in alignment at lines 24844--24849
 [][][] []
 []

LaTeX Info: Redefining \. on input line 24849.
LaTeX Info: Redefining \% on input line 24849.

Package fancyhdr Warning: \headheight is too small (12.0pt): 
(fancyhdr)                Make it at least 13.07225pt, for example:
(fancyhdr)                \setlength{\headheight}{13.07225pt}.
(fancyhdr)                You might also make \topmargin smaller to compensate:

(fancyhdr)                \addtolength{\topmargin}{-1.07225pt}.

LaTeX Info: Redefining \. on input line 24849.
LaTeX Info: Redefining \% on input line 24849.
[1121]
Overfull \hbox (24.62592pt too wide) in alignment at lines 24851--24857
 [][][] []
 []


Overfull \hbox (24.62592pt too wide) in alignment at lines 24860--24866
 [][][] []
 []


Package hyperref Warning: Token not allowed in a PDF string (Unicode):
(hyperref)                removing `math shift' on input line 24870.


Package hyperref Warning: Token not allowed in a PDF string (Unicode):
(hyperref)                removing `subscript' on input line 24870.


Package hyperref Warning: Token not allowed in a PDF string (Unicode):
(hyperref)                removing `math shift' on input line 24870.


Overfull \hbox (7.39168pt too wide) in alignment at lines 24881--24886
 [][][] []
 []


Overfull \hbox (7.39168pt too wide) in alignment at lines 24889--24894
 [][][] []
 []


Overfull \hbox (9.71892pt too wide) in alignment at lines 24897--24901
 [][][] []
 []


Overfull \hbox (9.71892pt too wide) in alignment at lines 24903--24907
 [][][] []
 []


Overfull \hbox (7.39168pt too wide) in alignment at lines 24912--24915
 [][][] []
 []


Overfull \hbox (7.39168pt too wide) in alignment at lines 24918--24922
 [][][] []
 []

LaTeX Info: Redefining \. on input line 24922.
LaTeX Info: Redefining \% on input line 24922.

Package fancyhdr Warning: \headheight is too small (12.0pt): 
(fancyhdr)                Make it at least 13.07225pt, for example:
(fancyhdr)                \setlength{\headheight}{13.07225pt}.
(fancyhdr)                You might also make \topmargin smaller to compensate:

(fancyhdr)                \addtolength{\topmargin}{-1.07225pt}.

LaTeX Info: Redefining \. on input line 24922.
LaTeX Info: Redefining \% on input line 24922.
[1122]
Overfull \hbox (9.71892pt too wide) in alignment at lines 24924--24929
 [][][] []
 []


Overfull \hbox (9.71892pt too wide) in alignment at lines 24931--24936
 [][][] []
 []


Overfull \hbox (9.71892pt too wide) in alignment at lines 24941--24945
 [][][] []
 []


Overfull \hbox (9.71892pt too wide) in alignment at lines 24947--24955
 [][][] []
 []


Overfull \hbox (12.04616pt too wide) in alignment at lines 24957--24962
 [][][] []
 []


Overfull \hbox (12.04616pt too wide) in alignment at lines 24964--24971
 [][][] []
 []

LaTeX Info: Redefining \. on input line 24971.
LaTeX Info: Redefining \% on input line 24971.

Package fancyhdr Warning: \headheight is too small (12.0pt): 
(fancyhdr)                Make it at least 13.07225pt, for example:
(fancyhdr)                \setlength{\headheight}{13.07225pt}.
(fancyhdr)                You might also make \topmargin smaller to compensate:

(fancyhdr)                \addtolength{\topmargin}{-1.07225pt}.

LaTeX Info: Redefining \. on input line 24971.
LaTeX Info: Redefining \% on input line 24971.
[1123]
Overfull \hbox (9.71892pt too wide) in alignment at lines 24976--24980
 [][][] []
 []


Overfull \hbox (9.71892pt too wide) in alignment at lines 24982--24987
 [][][] []
 []


Overfull \hbox (12.04616pt too wide) in alignment at lines 24989--24995
 [][][] []
 []


Overfull \hbox (12.04616pt too wide) in alignment at lines 24997--25003
 [][][] []
 []


Package hyperref Warning: Token not allowed in a PDF string (Unicode):
(hyperref)                removing `math shift' on input line 25008.


Package hyperref Warning: Token not allowed in a PDF string (Unicode):
(hyperref)                removing `subscript' on input line 25008.


Package hyperref Warning: Token not allowed in a PDF string (Unicode):
(hyperref)                removing `math shift' on input line 25008.


Overfull \hbox (15.31696pt too wide) in alignment at lines 25018--25028
 [][][] []
 []


Overfull \hbox (15.31696pt too wide) in alignment at lines 25031--25037
 [][][] []
 []

LaTeX Info: Redefining \. on input line 25037.
LaTeX Info: Redefining \% on input line 25037.

Package fancyhdr Warning: \headheight is too small (12.0pt): 
(fancyhdr)                Make it at least 13.07225pt, for example:
(fancyhdr)                \setlength{\headheight}{13.07225pt}.
(fancyhdr)                You might also make \topmargin smaller to compensate:

(fancyhdr)                \addtolength{\topmargin}{-1.07225pt}.

LaTeX Info: Redefining \. on input line 25037.
LaTeX Info: Redefining \% on input line 25037.
[1124]
Overfull \hbox (24.83542pt too wide) in alignment at lines 25042--25046
 [][][] []
 []


Overfull \hbox (17.6442pt too wide) in alignment at lines 25050--25055
 [][][] []
 []


Overfull \hbox (15.31696pt too wide) in alignment at lines 25062--25068
 [][][] []
 []


Overfull \hbox (15.31696pt too wide) in alignment at lines 25072--25077
 [][][] []
 []


Overfull \hbox (24.83542pt too wide) in alignment at lines 25081--25085
 [][][] []
 []


Overfull \hbox (17.6442pt too wide) in alignment at lines 25088--25094
 [][][] []
 []


Overfull \hbox (24.83542pt too wide) in alignment at lines 25100--25104
 [][][] []
 []


Overfull \hbox (24.83542pt too wide) in alignment at lines 25108--25113
 [][][] []
 []

LaTeX Info: Redefining \. on input line 25113.
LaTeX Info: Redefining \% on input line 25113.

Package fancyhdr Warning: \headheight is too small (12.0pt): 
(fancyhdr)                Make it at least 13.07225pt, for example:
(fancyhdr)                \setlength{\headheight}{13.07225pt}.
(fancyhdr)                You might also make \topmargin smaller to compensate:

(fancyhdr)                \addtolength{\topmargin}{-1.07225pt}.

LaTeX Info: Redefining \. on input line 25113.
LaTeX Info: Redefining \% on input line 25113.
[1125]
Overfull \hbox (19.97144pt too wide) in alignment at lines 25117--25122
 [][][] []
 []


Overfull \hbox (19.97144pt too wide) in alignment at lines 25126--25132
 [][][] []
 []


Overfull \hbox (17.6442pt too wide) in alignment at lines 25137--25142
 [][][] []
 []


Overfull \hbox (17.6442pt too wide) in alignment at lines 25146--25152
 [][][] []
 []


Overfull \hbox (19.97144pt too wide) in alignment at lines 25156--25162
 [][][] []
 []


Overfull \hbox (32.30464pt too wide) in alignment at lines 25165--25170
 [][][] []
 []


Package hyperref Warning: Token not allowed in a PDF string (Unicode):
(hyperref)                removing `math shift' on input line 25179.


Package hyperref Warning: Token not allowed in a PDF string (Unicode):
(hyperref)                removing `subscript' on input line 25179.


Package hyperref Warning: Token not allowed in a PDF string (Unicode):
(hyperref)                removing `math shift' on input line 25179.


Overfull \hbox (28.45982pt too wide) in alignment at lines 25187--25198
 [][][] []
 []

LaTeX Info: Redefining \. on input line 25198.
LaTeX Info: Redefining \% on input line 25198.

Package fancyhdr Warning: \headheight is too small (12.0pt): 
(fancyhdr)                Make it at least 13.07225pt, for example:
(fancyhdr)                \setlength{\headheight}{13.07225pt}.
(fancyhdr)                You might also make \topmargin smaller to compensate:

(fancyhdr)                \addtolength{\topmargin}{-1.07225pt}.

LaTeX Info: Redefining \. on input line 25198.
LaTeX Info: Redefining \% on input line 25198.
[1126]
Overfull \hbox (16.85861pt too wide) in alignment at lines 25202--25214
 [][][] []
 []


Overfull \hbox (19.18585pt too wide) in alignment at lines 25218--25224
 [][][] []
 []


Overfull \hbox (35.68423pt too wide) in alignment at lines 25228--25234
 [][][] []
 []


Overfull \hbox (20.46835pt too wide) in alignment at lines 25240--25246
 [][][] []
 []


Overfull \hbox (16.85861pt too wide) in alignment at lines 25249--25255
 [][][] []
 []


Overfull \hbox (19.18585pt too wide) in alignment at lines 25258--25264
 [][][] []
 []


Overfull \hbox (19.18585pt too wide) in alignment at lines 25267--25275
 [][][] []
 []

LaTeX Info: Redefining \. on input line 25275.
LaTeX Info: Redefining \% on input line 25275.

Package fancyhdr Warning: \headheight is too small (12.0pt): 
(fancyhdr)                Make it at least 13.07225pt, for example:
(fancyhdr)                \setlength{\headheight}{13.07225pt}.
(fancyhdr)                You might also make \topmargin smaller to compensate:

(fancyhdr)                \addtolength{\topmargin}{-1.07225pt}.

LaTeX Info: Redefining \. on input line 25275.
LaTeX Info: Redefining \% on input line 25275.
[1127]
Overfull \hbox (19.18585pt too wide) in alignment at lines 25280--25285
 [][][] []
 []


Overfull \hbox (19.18585pt too wide) in alignment at lines 25287--25292
 [][][] []
 []


Overfull \hbox (21.51309pt too wide) in alignment at lines 25294--25299
 [][][] []
 []


Overfull \hbox (21.51309pt too wide) in alignment at lines 25301--25306
 [][][] []
 []


Overfull \hbox (19.18585pt too wide) in alignment at lines 25314--25322
 [][][] []
 []


Overfull \hbox (19.18585pt too wide) in alignment at lines 25325--25332
 [][][] []
 []


Overfull \hbox (21.51309pt too wide) in alignment at lines 25336--25341
 [][][] []
 []

LaTeX Info: Redefining \. on input line 25341.
LaTeX Info: Redefining \% on input line 25341.

Package fancyhdr Warning: \headheight is too small (12.0pt): 
(fancyhdr)                Make it at least 13.07225pt, for example:
(fancyhdr)                \setlength{\headheight}{13.07225pt}.
(fancyhdr)                You might also make \topmargin smaller to compensate:

(fancyhdr)                \addtolength{\topmargin}{-1.07225pt}.

LaTeX Info: Redefining \. on input line 25341.
LaTeX Info: Redefining \% on input line 25341.
[1128]
Overfull \hbox (21.51309pt too wide) in alignment at lines 25345--25353
 [][][] []
 []

./TeoremaDown.tex:25365: Undefined control sequence.
l.25365 \color
              {SaddleBrown} % SaddleBrown color for the introduction
? 
./TeoremaDown.tex:25376: Undefined control sequence.
l.25376 \color
              {DarkSlateGray} % DarkSlateGray color for the rest of the content

? 
./TeoremaDown.tex:25376: Emergency stop.
l.25376 
        
End of file on the terminal!

 
Here is how much of TeX's memory you used:
 24860 strings out of 474116
 360732 string characters out of 5743681
 1996187 words of memory out of 5000000
 37682 multiletter control sequences out of 15000+600000
 577763 words of font info for 105 fonts, out of 8000000 for 9000
 1141 hyphenation exceptions out of 8191
 75i,15n,84p,3623b,4317s stack positions out of 10000i,1000n,20000p,200000b,200000s
./TeoremaDown.tex:25376:  ==> Fatal error occurred, no output PDF file produced
!
