\BOOKMARK [-1][-]{part.1}{\376\377\000I\000\040\000I\000N\000T\000R\000O\000D\000U\000C\000C\000I\000\323\000N}{}% 1
\BOOKMARK [0][-]{chapter.1}{\376\377\000I\000n\000t\000r\000o\000d\000u\000c\000c\000i\000\363\000n}{part.1}% 2
\BOOKMARK [1][-]{section.1.1}{\376\377\000I\000n\000t\000r\000o\000d\000u\000c\000c\000i\000\363\000n}{chapter.1}% 3
\BOOKMARK [1][-]{section.1.2}{\376\377\000H\000i\000s\000t\000o\000r\000i\000a\000\040\000d\000e\000\040\000l\000a\000\040\000E\000s\000t\000a\000d\000\355\000s\000t\000i\000c\000a}{chapter.1}% 4
\BOOKMARK [1][-]{section.1.3}{\376\377\000M\000u\000e\000s\000t\000r\000e\000o\000:}{chapter.1}% 5
\BOOKMARK [1][-]{section.1.4}{\376\377\000E\000r\000r\000o\000r\000e\000s\000\040\000E\000s\000t\000a\000d\000\355\000s\000t\000i\000c\000o\000s\000\040\000C\000o\000m\000u\000n\000e\000s}{chapter.1}% 6
\BOOKMARK [0][-]{chapter.2}{\376\377\000E\000l\000e\000m\000e\000n\000t\000o\000s}{part.1}% 7
\BOOKMARK [1][-]{section.2.1}{\376\377\000P\000r\000u\000e\000b\000a\000s\000\040\000d\000e\000\040\000H\000i\000p\000\363\000t\000e\000s\000i\000s}{chapter.2}% 8
\BOOKMARK [1][-]{section.2.2}{\376\377\000M\000u\000e\000s\000t\000r\000a\000s\000\040\000P\000e\000q\000u\000e\000\361\000a\000s}{chapter.2}% 9
\BOOKMARK [0][-]{chapter.3}{\376\377\000B\000i\000o\000e\000s\000t\000a\000d\000i\000s\000t\000i\000c\000a}{part.1}% 10
\BOOKMARK [1][-]{subsection.3.0.1}{\376\377\000P\000a\000r\000t\000e\000\040\000I\000.\000\040\000I\000n\000t\000r\000o\000d\000u\000c\000c\000i\000\363\000n\000\040\000a\000\040\000l\000a\000\040\000B\000i\000o\000e\000s\000t\000a\000d\000\355\000s\000t\000i\000c\000a}{chapter.3}% 11
\BOOKMARK [1][-]{section.3.1}{\376\377\000I\000n\000t\000r\000o\000d\000u\000c\000c\000i\000\363\000n}{chapter.3}% 12
\BOOKMARK [2][-]{subsection.3.1.1}{\376\377\000D\000e\000f\000i\000n\000i\000c\000i\000\363\000n\000\040\000d\000e\000\040\000E\000s\000t\000a\000d\000\355\000s\000t\000i\000c\000a}{section.3.1}% 13
\BOOKMARK [2][-]{subsection.3.1.2}{\376\377\000U\000t\000i\000l\000i\000d\000a\000d\000\040\000e\000\040\000I\000m\000p\000o\000r\000t\000a\000n\000c\000i\000a}{section.3.1}% 14
\BOOKMARK [2][-]{subsection.3.1.3}{\376\377\000H\000i\000s\000t\000o\000r\000i\000a\000\040\000d\000e\000\040\000l\000a\000\040\000E\000s\000t\000a\000d\000\355\000s\000t\000i\000c\000a}{section.3.1}% 15
\BOOKMARK [2][-]{subsection.3.1.4}{\376\377\000E\000t\000a\000p\000a\000s\000\040\000d\000e\000\040\000D\000e\000s\000a\000r\000r\000o\000l\000l\000o\000\040\000d\000e\000\040\000l\000a\000\040\000E\000s\000t\000a\000d\000\355\000s\000t\000i\000c\000a}{section.3.1}% 16
\BOOKMARK [2][-]{subsection.3.1.5}{\376\377\000D\000i\000v\000i\000s\000i\000\363\000n\000\040\000d\000e\000\040\000l\000a\000\040\000E\000s\000t\000a\000d\000\355\000s\000t\000i\000c\000a}{section.3.1}% 17
\BOOKMARK [2][-]{subsection.3.1.6}{\376\377\000E\000s\000t\000a\000d\000\355\000s\000t\000i\000c\000a\000\040\000I\000n\000f\000e\000r\000e\000n\000c\000i\000a\000l}{section.3.1}% 18
\BOOKMARK [2][-]{subsection.3.1.7}{\376\377\000M\000\351\000t\000o\000d\000o\000\040\000E\000s\000t\000a\000d\000\355\000s\000t\000i\000c\000o}{section.3.1}% 19
\BOOKMARK [2][-]{subsection.3.1.8}{\376\377\000E\000r\000r\000o\000r\000e\000s\000\040\000E\000s\000t\000a\000d\000\355\000s\000t\000i\000c\000o\000s\000\040\000C\000o\000m\000u\000n\000e\000s}{section.3.1}% 20
\BOOKMARK [2][-]{subsection.3.1.9}{\376\377\000T\000\351\000r\000m\000i\000n\000o\000s\000\040\000c\000o\000m\000u\000n\000e\000s\000\040\000u\000t\000i\000l\000i\000z\000a\000d\000o\000s\000\040\000e\000n\000\040\000E\000s\000t\000a\000d\000\355\000s\000t\000i\000c\000a}{section.3.1}% 21
\BOOKMARK [2][-]{subsection.3.1.10}{\376\377\000M\000u\000e\000s\000t\000r\000e\000o\000:}{section.3.1}% 22
\BOOKMARK [2][-]{subsection.3.1.11}{\376\377\000V\000a\000r\000i\000a\000b\000l\000e\000s}{section.3.1}% 23
\BOOKMARK [2][-]{subsection.3.1.12}{\376\377\000M\000a\000l\000o\000s\000\040\000U\000s\000o\000s\000\040\000d\000e\000\040\000l\000a\000\040\000E\000s\000t\000a\000d\000\355\000s\000t\000i\000c\000a}{section.3.1}% 24
\BOOKMARK [2][-]{subsection.3.1.13}{\376\377\000U\000n\000\040\000s\000e\000s\000g\000o\000\040\000d\000e\000l\000\040\000u\000s\000u\000a\000r\000i\000o}{section.3.1}% 25
\BOOKMARK [2][-]{subsection.3.1.14}{\376\377\000\040\000S\000u\000p\000u\000e\000s\000t\000o\000s\000\040\000f\000a\000l\000s\000o\000s}{section.3.1}% 26
\BOOKMARK [1][-]{section.3.2}{\376\377\0002\000.\000\040\000P\000r\000u\000e\000b\000a\000s\000\040\000d\000e\000\040\000H\000i\000p\000\363\000t\000e\000s\000i\000s}{chapter.3}% 27
\BOOKMARK [2][-]{subsection.3.2.1}{\376\377\0002\000.\0001\000\040\000T\000i\000p\000o\000s\000\040\000d\000e\000\040\000e\000r\000r\000o\000r\000e\000s}{section.3.2}% 28
\BOOKMARK [1][-]{section.3.3}{\376\377\0002\000.\0002\000\040\000M\000u\000e\000s\000t\000r\000a\000s\000\040\000g\000r\000a\000n\000d\000e\000s\000:\000\040\000u\000n\000a\000\040\000m\000e\000d\000i\000a\000\040\000p\000o\000b\000l\000a\000c\000i\000o\000n\000a\000l}{chapter.3}% 29
\BOOKMARK [2][-]{subsection.3.3.1}{\376\377\0002\000.\0002\000.\0001\000\040\000C\000\341\000l\000c\000u\000l\000o\000\040\000d\000e\000\040\000v\000a\000l\000o\000r\000\040\000p}{section.3.3}% 30
\BOOKMARK [2][-]{subsection.3.3.2}{\376\377\0002\000.\0002\000.\0002\000\040\000P\000r\000u\000e\000b\000a\000\040\000d\000e\000\040\000h\000i\000p\000\363\000t\000e\000s\000i\000s\000\040\000p\000a\000r\000a\000\040\000l\000a\000\040\000d\000i\000f\000e\000r\000e\000n\000c\000i\000a\000\040\000e\000n\000t\000r\000e\000\040\000d\000o\000s\000\040\000m\000e\000d\000i\000a\000s\000\040\000p\000o\000b\000l\000a\000c\000i\000o\000n\000a\000l\000e\000s}{section.3.3}% 31
\BOOKMARK [2][-]{subsection.3.3.3}{\376\377\0002\000.\0002\000.\0003\000\040\000P\000r\000u\000e\000b\000a\000\040\000d\000e\000\040\000H\000i\000p\000\363\000t\000e\000s\000i\000s\000\040\000p\000a\000r\000a\000\040\000u\000n\000a\000\040\000P\000r\000o\000p\000o\000r\000c\000i\000\363\000n\000\040\000B\000i\000n\000o\000m\000i\000a\000l}{section.3.3}% 32
\BOOKMARK [2][-]{subsection.3.3.4}{\376\377\0002\000.\0002\000.\0004\000\040\000P\000r\000u\000e\000b\000a\000\040\000d\000e\000\040\000H\000i\000p\000\363\000t\000e\000s\000i\000s\000\040\000d\000i\000f\000e\000r\000e\000n\000c\000i\000a\000\040\000e\000n\000t\000r\000e\000\040\000d\000o\000s\000\040\000P\000r\000o\000p\000o\000r\000c\000i\000o\000n\000e\000s\000\040\000B\000i\000n\000o\000m\000i\000a\000l\000e\000s}{section.3.3}% 33
\BOOKMARK [1][-]{section.3.4}{\376\377\0002\000.\0003\000\040\000M\000u\000e\000s\000t\000r\000a\000s\000\040\000P\000e\000q\000u\000e\000\361\000a\000s}{chapter.3}% 34
\BOOKMARK [2][-]{subsection.3.4.1}{\376\377\0002\000.\0003\000.\0001\000\040\000U\000n\000a\000\040\000m\000e\000d\000i\000a\000\040\000p\000o\000b\000l\000a\000c\000i\000o\000n\000a\000l}{section.3.4}% 35
\BOOKMARK [2][-]{subsection.3.4.2}{\376\377\0002\000.\0003\000.\0002\000\040\000D\000i\000f\000e\000r\000e\000n\000c\000i\000a\000\040\000e\000n\000t\000r\000e\000\040\000d\000o\000s\000\040\000m\000e\000d\000i\000a\000s\000\040\000p\000o\000b\000l\000a\000c\000i\000o\000n\000a\000l\000e\000s\000:\000\040\000M\000.\000A\000.\000I\000.}{section.3.4}% 36
\BOOKMARK [2][-]{subsection.3.4.3}{\376\377\0002\000.\0003\000.\0003\000\040\000D\000i\000f\000e\000r\000e\000n\000c\000i\000a\000\040\000e\000n\000t\000r\000e\000\040\000d\000o\000s\000\040\000m\000e\000d\000i\000a\000s\000\040\000p\000o\000b\000l\000a\000c\000i\000o\000n\000a\000l\000e\000s\000:\000\040\000D\000i\000f\000e\000r\000e\000n\000c\000i\000a\000s\000\040\000P\000a\000r\000e\000a\000d\000a\000s}{section.3.4}% 37
\BOOKMARK [2][-]{subsection.3.4.4}{\376\377\0002\000.\0003\000.\0004\000\040\000I\000n\000f\000e\000r\000e\000n\000c\000i\000a\000s\000\040\000c\000o\000n\000\040\000r\000e\000s\000p\000e\000c\000t\000o\000\040\000a\000\040\000l\000a\000\040\000V\000a\000r\000i\000a\000n\000z\000a\000\040\000P\000o\000b\000l\000a\000c\000i\000o\000n\000a\000l}{section.3.4}% 38
\BOOKMARK [2][-]{subsection.3.4.5}{\376\377\0002\000.\0003\000.\0005\000\040\000C\000o\000m\000p\000a\000r\000a\000c\000i\000\363\000n\000\040\000d\000e\000\040\000d\000o\000s\000\040\000v\000a\000r\000i\000a\000n\000z\000a\000s\000\040\000p\000o\000b\000l\000a\000c\000i\000o\000n\000a\000l\000e\000s}{section.3.4}% 39
\BOOKMARK [1][-]{section.3.5}{\376\377\0003\000.\000\040\000A\000n\000\341\000l\000i\000s\000i\000s\000\040\000d\000e\000\040\000R\000e\000g\000r\000e\000s\000i\000o\000n\000\040\000L\000i\000n\000e\000a\000l\000\040\000\050\000R\000L\000\051}{chapter.3}% 40
\BOOKMARK [2][-]{subsection.3.5.1}{\376\377\0003\000.\0001\000\040\000R\000e\000g\000r\000e\000s\000i\000\363\000n\000\040\000L\000i\000n\000e\000a\000l\000\040\000S\000i\000m\000p\000l\000e\000\040\000\050\000R\000L\000S\000\051}{section.3.5}% 41
\BOOKMARK [2][-]{subsection.3.5.2}{\376\377\0003\000.\0002\000\040\000M\000\351\000t\000o\000d\000o\000\040\000d\000e\000\040\000M\000\355\000n\000i\000m\000o\000s\000\040\000C\000u\000a\000d\000r\000a\000d\000o\000s}{section.3.5}% 42
\BOOKMARK [2][-]{subsection.3.5.3}{\376\377\0003\000.\0003\000\040\000P\000r\000o\000p\000i\000e\000d\000a\000d\000e\000s\000\040\000d\000e\000\040\000l\000o\000s\000\040\000E\000s\000t\000i\000m\000a\000d\000o\000r\000e\000s\000\040\0000\000\040\000y\000\040\0001}{section.3.5}% 43
\BOOKMARK [2][-]{subsection.3.5.4}{\376\377\0003\000.\0004\000\040\000P\000r\000u\000e\000b\000a\000\040\000d\000e\000\040\000H\000i\000p\000\363\000t\000e\000s\000i\000s\000\040\000e\000n\000\040\000R\000L\000S}{section.3.5}% 44
\BOOKMARK [2][-]{subsection.3.5.5}{\376\377\000E\000s\000t\000i\000m\000a\000c\000i\000\363\000n\000\040\000d\000e\000\040\000I\000n\000t\000e\000r\000v\000a\000l\000o\000s\000\040\000e\000n\000\040\000R\000L\000S}{section.3.5}% 45
\BOOKMARK [2][-]{subsection.3.5.6}{\376\377\000P\000r\000e\000d\000i\000c\000c\000i\000\363\000n}{section.3.5}% 46
\BOOKMARK [2][-]{subsection.3.5.7}{\376\377\000C\000o\000e\000f\000i\000c\000i\000e\000n\000t\000e\000\040\000d\000e\000\040\000D\000e\000t\000e\000r\000m\000i\000n\000a\000c\000i\000\363\000n}{section.3.5}% 47
\BOOKMARK [1][-]{section.3.6}{\376\377\000A\000n\000\341\000l\000i\000s\000i\000s\000\040\000d\000e\000\040\000V\000a\000r\000i\000a\000n\000z\000a}{chapter.3}% 48
\BOOKMARK [1][-]{section.3.7}{\376\377\0003\000.\000\040\000A\000n\000\341\000l\000i\000s\000i\000s\000\040\000d\000e\000\040\000R\000e\000g\000r\000e\000s\000i\000o\000n\000\040\000L\000i\000n\000e\000a\000l\000\040\000\050\000R\000L\000\051}{chapter.3}% 49
\BOOKMARK [2][-]{subsection.3.7.1}{\376\377\0003\000.\0001\000\040\000R\000e\000g\000r\000e\000s\000i\000\363\000n\000\040\000L\000i\000n\000e\000a\000l\000\040\000S\000i\000m\000p\000l\000e\000\040\000\050\000R\000L\000S\000\051}{section.3.7}% 50
\BOOKMARK [2][-]{subsection.3.7.2}{\376\377\0003\000.\0002\000\040\000M\000\351\000t\000o\000d\000o\000\040\000d\000e\000\040\000M\000\355\000n\000i\000m\000o\000s\000\040\000C\000u\000a\000d\000r\000a\000d\000o\000s}{section.3.7}% 51
\BOOKMARK [2][-]{subsection.3.7.3}{\376\377\0003\000.\0003\000\040\000P\000r\000o\000p\000i\000e\000d\000a\000d\000e\000s\000\040\000d\000e\000\040\000l\000o\000s\000\040\000E\000s\000t\000i\000m\000a\000d\000o\000r\000e\000s\000\040\0000\000\040\000y\000\040\0001}{section.3.7}% 52
\BOOKMARK [2][-]{subsection.3.7.4}{\376\377\0003\000.\0004\000\040\000P\000r\000u\000e\000b\000a\000\040\000d\000e\000\040\000H\000i\000p\000\363\000t\000e\000s\000i\000s\000\040\000e\000n\000\040\000R\000L\000S}{section.3.7}% 53
\BOOKMARK [2][-]{subsection.3.7.5}{\376\377\000E\000s\000t\000i\000m\000a\000c\000i\000\363\000n\000\040\000d\000e\000\040\000I\000n\000t\000e\000r\000v\000a\000l\000o\000s\000\040\000e\000n\000\040\000R\000L\000S}{section.3.7}% 54
\BOOKMARK [2][-]{subsection.3.7.6}{\376\377\000P\000r\000e\000d\000i\000c\000c\000i\000\363\000n}{section.3.7}% 55
\BOOKMARK [2][-]{subsection.3.7.7}{\376\377\000C\000o\000e\000f\000i\000c\000i\000e\000n\000t\000e\000\040\000d\000e\000\040\000D\000e\000t\000e\000r\000m\000i\000n\000a\000c\000i\000\363\000n}{section.3.7}% 56
\BOOKMARK [1][-]{section.3.8}{\376\377\000A\000n\000\341\000l\000i\000s\000i\000s\000\040\000d\000e\000\040\000V\000a\000r\000i\000a\000n\000z\000a}{chapter.3}% 57
\BOOKMARK [1][-]{section.3.9}{\376\377\000P\000r\000u\000e\000b\000a\000s\000\040\000d\000e\000\040\000H\000i\000p\000\363\000t\000e\000s\000i\000s}{chapter.3}% 58
\BOOKMARK [2][-]{subsection.3.9.1}{\376\377\000T\000i\000p\000o\000s\000\040\000d\000e\000\040\000e\000r\000r\000o\000r\000e\000s}{section.3.9}% 59
\BOOKMARK [1][-]{section.3.10}{\376\377\000M\000u\000e\000s\000t\000r\000a\000s\000\040\000g\000r\000a\000n\000d\000e\000s\000:\000\040\000u\000n\000a\000\040\000m\000e\000d\000i\000a\000\040\000p\000o\000b\000l\000a\000c\000i\000o\000n\000a\000l}{chapter.3}% 60
\BOOKMARK [2][-]{subsection.3.10.1}{\376\377\000C\000\341\000l\000c\000u\000l\000o\000\040\000d\000e\000\040\000v\000a\000l\000o\000r\000\040\000p}{section.3.10}% 61
\BOOKMARK [1][-]{section.3.11}{\376\377\000P\000r\000u\000e\000b\000a\000s\000\040\000d\000e\000\040\000H\000i\000p\000\363\000t\000e\000s\000i\000s}{chapter.3}% 62
\BOOKMARK [2][-]{subsection.3.11.1}{\376\377\000T\000i\000p\000o\000s\000\040\000d\000e\000\040\000e\000r\000r\000o\000r\000e\000s}{section.3.11}% 63
\BOOKMARK [1][-]{section.3.12}{\376\377\000P\000r\000u\000e\000b\000a\000s\000\040\000d\000e\000\040\000H\000i\000p\000\363\000t\000e\000s\000i\000s}{chapter.3}% 64
\BOOKMARK [2][-]{subsection.3.12.1}{\376\377\000T\000i\000p\000o\000s\000\040\000d\000e\000\040\000e\000r\000r\000o\000r\000e\000s}{section.3.12}% 65
\BOOKMARK [1][-]{section.3.13}{\376\377\000M\000u\000e\000s\000t\000r\000a\000s\000\040\000g\000r\000a\000n\000d\000e\000s\000:\000\040\000u\000n\000a\000\040\000m\000e\000d\000i\000a\000\040\000p\000o\000b\000l\000a\000c\000i\000o\000n\000a\000l}{chapter.3}% 66
\BOOKMARK [2][-]{subsection.3.13.1}{\376\377\000C\000\341\000l\000c\000u\000l\000o\000\040\000d\000e\000\040\000v\000a\000l\000o\000r\000\040\000p}{section.3.13}% 67
\BOOKMARK [1][-]{section.3.14}{\376\377\000E\000s\000t\000i\000m\000a\000c\000i\000\363\000n\000\040\000p\000o\000r\000\040\000i\000n\000t\000e\000r\000v\000a\000l\000o\000s}{chapter.3}% 68
\BOOKMARK [1][-]{section.3.15}{\376\377\000I\000n\000t\000e\000r\000v\000a\000l\000o\000s\000\040\000d\000e\000\040\000c\000o\000n\000f\000i\000a\000n\000z\000a\000\040\000p\000a\000r\000a\000\040\000d\000o\000s\000\040\000m\000u\000e\000s\000t\000r\000a\000s}{chapter.3}% 69
\BOOKMARK [1][-]{section.3.16}{\376\377\000I\000n\000t\000e\000r\000v\000a\000l\000o\000s\000\040\000d\000e\000\040\000c\000o\000n\000f\000i\000a\000n\000z\000a\000\040\000p\000a\000r\000a\000\040\000r\000a\000z\000\363\000n\000\040\000d\000e\000\040\000V\000a\000r\000i\000a\000n\000z\000a\000s}{chapter.3}% 70
\BOOKMARK [1][-]{section.3.17}{\376\377\000I\000n\000t\000e\000r\000v\000a\000l\000o\000s\000\040\000d\000e\000\040\000c\000o\000n\000f\000i\000a\000n\000z\000a\000\040\000p\000a\000r\000a\000\040\000d\000i\000f\000e\000r\000e\000n\000c\000i\000a\000\040\000d\000e\000\040\000p\000r\000o\000p\000o\000r\000c\000i\000o\000n\000e\000s}{chapter.3}% 71
\BOOKMARK [1][-]{section.3.18}{\376\377\0002\000.\000\040\000P\000r\000u\000e\000b\000a\000s\000\040\000d\000e\000\040\000H\000i\000p\000\363\000t\000e\000s\000i\000s}{chapter.3}% 72
\BOOKMARK [2][-]{subsection.3.18.1}{\376\377\0002\000.\0001\000\040\000T\000i\000p\000o\000s\000\040\000d\000e\000\040\000e\000r\000r\000o\000r\000e\000s}{section.3.18}% 73
\BOOKMARK [1][-]{section.3.19}{\376\377\0002\000.\0002\000\040\000M\000u\000e\000s\000t\000r\000a\000s\000\040\000g\000r\000a\000n\000d\000e\000s\000:\000\040\000u\000n\000a\000\040\000m\000e\000d\000i\000a\000\040\000p\000o\000b\000l\000a\000c\000i\000o\000n\000a\000l}{chapter.3}% 74
\BOOKMARK [2][-]{subsection.3.19.1}{\376\377\0002\000.\0002\000.\0001\000\040\000C\000\341\000l\000c\000u\000l\000o\000\040\000d\000e\000\040\000v\000a\000l\000o\000r\000\040\000p}{section.3.19}% 75
\BOOKMARK [2][-]{subsection.3.19.2}{\376\377\0002\000.\0002\000.\0002\000\040\000P\000r\000u\000e\000b\000a\000\040\000d\000e\000\040\000h\000i\000p\000\363\000t\000e\000s\000i\000s\000\040\000p\000a\000r\000a\000\040\000l\000a\000\040\000d\000i\000f\000e\000r\000e\000n\000c\000i\000a\000\040\000e\000n\000t\000r\000e\000\040\000d\000o\000s\000\040\000m\000e\000d\000i\000a\000s\000\040\000p\000o\000b\000l\000a\000c\000i\000o\000n\000a\000l\000e\000s}{section.3.19}% 76
\BOOKMARK [2][-]{subsection.3.19.3}{\376\377\0002\000.\0002\000.\0003\000\040\000P\000r\000u\000e\000b\000a\000\040\000d\000e\000\040\000H\000i\000p\000\363\000t\000e\000s\000i\000s\000\040\000p\000a\000r\000a\000\040\000u\000n\000a\000\040\000P\000r\000o\000p\000o\000r\000c\000i\000\363\000n\000\040\000B\000i\000n\000o\000m\000i\000a\000l}{section.3.19}% 77
\BOOKMARK [2][-]{subsection.3.19.4}{\376\377\0002\000.\0002\000.\0004\000\040\000P\000r\000u\000e\000b\000a\000\040\000d\000e\000\040\000H\000i\000p\000\363\000t\000e\000s\000i\000s\000\040\000d\000i\000f\000e\000r\000e\000n\000c\000i\000a\000\040\000e\000n\000t\000r\000e\000\040\000d\000o\000s\000\040\000P\000r\000o\000p\000o\000r\000c\000i\000o\000n\000e\000s\000\040\000B\000i\000n\000o\000m\000i\000a\000l\000e\000s}{section.3.19}% 78
\BOOKMARK [1][-]{section.3.20}{\376\377\0002\000.\0003\000\040\000M\000u\000e\000s\000t\000r\000a\000s\000\040\000P\000e\000q\000u\000e\000\361\000a\000s}{chapter.3}% 79
\BOOKMARK [2][-]{subsection.3.20.1}{\376\377\0002\000.\0003\000.\0001\000\040\000U\000n\000a\000\040\000m\000e\000d\000i\000a\000\040\000p\000o\000b\000l\000a\000c\000i\000o\000n\000a\000l}{section.3.20}% 80
\BOOKMARK [2][-]{subsection.3.20.2}{\376\377\0002\000.\0003\000.\0002\000\040\000D\000i\000f\000e\000r\000e\000n\000c\000i\000a\000\040\000e\000n\000t\000r\000e\000\040\000d\000o\000s\000\040\000m\000e\000d\000i\000a\000s\000\040\000p\000o\000b\000l\000a\000c\000i\000o\000n\000a\000l\000e\000s\000:\000\040\000M\000.\000A\000.\000I\000.}{section.3.20}% 81
\BOOKMARK [2][-]{subsection.3.20.3}{\376\377\0002\000.\0003\000.\0003\000\040\000D\000i\000f\000e\000r\000e\000n\000c\000i\000a\000\040\000e\000n\000t\000r\000e\000\040\000d\000o\000s\000\040\000m\000e\000d\000i\000a\000s\000\040\000p\000o\000b\000l\000a\000c\000i\000o\000n\000a\000l\000e\000s\000:\000\040\000D\000i\000f\000e\000r\000e\000n\000c\000i\000a\000s\000\040\000P\000a\000r\000e\000a\000d\000a\000s}{section.3.20}% 82
\BOOKMARK [2][-]{subsection.3.20.4}{\376\377\0002\000.\0003\000.\0004\000\040\000I\000n\000f\000e\000r\000e\000n\000c\000i\000a\000s\000\040\000c\000o\000n\000\040\000r\000e\000s\000p\000e\000c\000t\000o\000\040\000a\000\040\000l\000a\000\040\000V\000a\000r\000i\000a\000n\000z\000a\000\040\000P\000o\000b\000l\000a\000c\000i\000o\000n\000a\000l}{section.3.20}% 83
\BOOKMARK [2][-]{subsection.3.20.5}{\376\377\0002\000.\0003\000.\0005\000\040\000C\000o\000m\000p\000a\000r\000a\000c\000i\000\363\000n\000\040\000d\000e\000\040\000d\000o\000s\000\040\000v\000a\000r\000i\000a\000n\000z\000a\000s\000\040\000p\000o\000b\000l\000a\000c\000i\000o\000n\000a\000l\000e\000s}{section.3.20}% 84
\BOOKMARK [1][-]{section.3.21}{\376\377\0002\000.\000\040\000P\000r\000u\000e\000b\000a\000s\000\040\000d\000e\000\040\000H\000i\000p\000\363\000t\000e\000s\000i\000s}{chapter.3}% 85
\BOOKMARK [2][-]{subsection.3.21.1}{\376\377\0002\000.\0001\000\040\000T\000i\000p\000o\000s\000\040\000d\000e\000\040\000e\000r\000r\000o\000r\000e\000s}{section.3.21}% 86
\BOOKMARK [1][-]{section.3.22}{\376\377\0002\000.\0002\000\040\000M\000u\000e\000s\000t\000r\000a\000s\000\040\000g\000r\000a\000n\000d\000e\000s\000:\000\040\000u\000n\000a\000\040\000m\000e\000d\000i\000a\000\040\000p\000o\000b\000l\000a\000c\000i\000o\000n\000a\000l}{chapter.3}% 87
\BOOKMARK [2][-]{subsection.3.22.1}{\376\377\0002\000.\0002\000.\0001\000\040\000C\000\341\000l\000c\000u\000l\000o\000\040\000d\000e\000\040\000v\000a\000l\000o\000r\000\040\000p}{section.3.22}% 88
\BOOKMARK [2][-]{subsection.3.22.2}{\376\377\0002\000.\0002\000.\0002\000\040\000P\000r\000u\000e\000b\000a\000\040\000d\000e\000\040\000h\000i\000p\000\363\000t\000e\000s\000i\000s\000\040\000p\000a\000r\000a\000\040\000l\000a\000\040\000d\000i\000f\000e\000r\000e\000n\000c\000i\000a\000\040\000e\000n\000t\000r\000e\000\040\000d\000o\000s\000\040\000m\000e\000d\000i\000a\000s\000\040\000p\000o\000b\000l\000a\000c\000i\000o\000n\000a\000l\000e\000s}{section.3.22}% 89
\BOOKMARK [2][-]{subsection.3.22.3}{\376\377\0002\000.\0002\000.\0003\000\040\000P\000r\000u\000e\000b\000a\000\040\000d\000e\000\040\000H\000i\000p\000\363\000t\000e\000s\000i\000s\000\040\000p\000a\000r\000a\000\040\000u\000n\000a\000\040\000P\000r\000o\000p\000o\000r\000c\000i\000\363\000n\000\040\000B\000i\000n\000o\000m\000i\000a\000l}{section.3.22}% 90
\BOOKMARK [2][-]{subsection.3.22.4}{\376\377\0002\000.\0002\000.\0004\000\040\000P\000r\000u\000e\000b\000a\000\040\000d\000e\000\040\000H\000i\000p\000\363\000t\000e\000s\000i\000s\000\040\000d\000i\000f\000e\000r\000e\000n\000c\000i\000a\000\040\000e\000n\000t\000r\000e\000\040\000d\000o\000s\000\040\000P\000r\000o\000p\000o\000r\000c\000i\000o\000n\000e\000s\000\040\000B\000i\000n\000o\000m\000i\000a\000l\000e\000s}{section.3.22}% 91
\BOOKMARK [1][-]{section.3.23}{\376\377\0002\000.\0003\000\040\000M\000u\000e\000s\000t\000r\000a\000s\000\040\000P\000e\000q\000u\000e\000\361\000a\000s}{chapter.3}% 92
\BOOKMARK [2][-]{subsection.3.23.1}{\376\377\0002\000.\0003\000.\0001\000\040\000U\000n\000a\000\040\000m\000e\000d\000i\000a\000\040\000p\000o\000b\000l\000a\000c\000i\000o\000n\000a\000l}{section.3.23}% 93
\BOOKMARK [2][-]{subsection.3.23.2}{\376\377\0002\000.\0003\000.\0002\000\040\000D\000i\000f\000e\000r\000e\000n\000c\000i\000a\000\040\000e\000n\000t\000r\000e\000\040\000d\000o\000s\000\040\000m\000e\000d\000i\000a\000s\000\040\000p\000o\000b\000l\000a\000c\000i\000o\000n\000a\000l\000e\000s\000:\000\040\000M\000.\000A\000.\000I\000.}{section.3.23}% 94
\BOOKMARK [2][-]{subsection.3.23.3}{\376\377\0002\000.\0003\000.\0003\000\040\000D\000i\000f\000e\000r\000e\000n\000c\000i\000a\000\040\000e\000n\000t\000r\000e\000\040\000d\000o\000s\000\040\000m\000e\000d\000i\000a\000s\000\040\000p\000o\000b\000l\000a\000c\000i\000o\000n\000a\000l\000e\000s\000:\000\040\000D\000i\000f\000e\000r\000e\000n\000c\000i\000a\000s\000\040\000P\000a\000r\000e\000a\000d\000a\000s}{section.3.23}% 95
\BOOKMARK [2][-]{subsection.3.23.4}{\376\377\0002\000.\0003\000.\0004\000\040\000I\000n\000f\000e\000r\000e\000n\000c\000i\000a\000s\000\040\000c\000o\000n\000\040\000r\000e\000s\000p\000e\000c\000t\000o\000\040\000a\000\040\000l\000a\000\040\000V\000a\000r\000i\000a\000n\000z\000a\000\040\000P\000o\000b\000l\000a\000c\000i\000o\000n\000a\000l}{section.3.23}% 96
\BOOKMARK [2][-]{subsection.3.23.5}{\376\377\0002\000.\0003\000.\0005\000\040\000C\000o\000m\000p\000a\000r\000a\000c\000i\000\363\000n\000\040\000d\000e\000\040\000d\000o\000s\000\040\000v\000a\000r\000i\000a\000n\000z\000a\000s\000\040\000p\000o\000b\000l\000a\000c\000i\000o\000n\000a\000l\000e\000s}{section.3.23}% 97
\BOOKMARK [1][-]{section.3.24}{\376\377\000E\000j\000e\000r\000c\000i\000c\000i\000o\000s}{chapter.3}% 98
\BOOKMARK [1][-]{section.3.25}{\376\377\000A\000n\000\341\000l\000i\000s\000i\000s\000\040\000d\000e\000\040\000R\000e\000g\000r\000e\000s\000i\000o\000n\000\040\000L\000i\000n\000e\000a\000l\000\040\000\050\000R\000L\000\051}{chapter.3}% 99
\BOOKMARK [1][-]{section.3.26}{\376\377\000A\000n\000\341\000l\000i\000s\000i\000s\000\040\000d\000e\000\040\000R\000e\000g\000r\000e\000s\000i\000o\000n\000\040\000L\000i\000n\000e\000a\000l\000\040\000\050\000R\000L\000\051}{chapter.3}% 100
\BOOKMARK [2][-]{subsection.3.26.1}{\376\377\000R\000e\000g\000r\000e\000s\000i\000\363\000n\000\040\000L\000i\000n\000e\000a\000l\000\040\000S\000i\000m\000p\000l\000e\000\040\000\050\000R\000L\000S\000\051}{section.3.26}% 101
\BOOKMARK [2][-]{subsection.3.26.2}{\376\377\000R\000e\000g\000r\000e\000s\000i\000\363\000n\000\040\000L\000i\000n\000e\000a\000l\000\040\000S\000i\000m\000p\000l\000e\000\040\000\050\000R\000L\000S\000\051}{section.3.26}% 102
\BOOKMARK [1][-]{section.3.27}{\376\377\0003\000.\000\040\000A\000n\000\341\000l\000i\000s\000i\000s\000\040\000d\000e\000\040\000R\000e\000g\000r\000e\000s\000i\000o\000n\000\040\000L\000i\000n\000e\000a\000l\000\040\000\050\000R\000L\000\051}{chapter.3}% 103
\BOOKMARK [2][-]{subsection.3.27.1}{\376\377\0003\000.\0001\000\040\000R\000e\000g\000r\000e\000s\000i\000\363\000n\000\040\000L\000i\000n\000e\000a\000l\000\040\000S\000i\000m\000p\000l\000e\000\040\000\050\000R\000L\000S\000\051}{section.3.27}% 104
\BOOKMARK [2][-]{subsection.3.27.2}{\376\377\0003\000.\0002\000\040\000M\000\351\000t\000o\000d\000o\000\040\000d\000e\000\040\000M\000\355\000n\000i\000m\000o\000s\000\040\000C\000u\000a\000d\000r\000a\000d\000o\000s}{section.3.27}% 105
\BOOKMARK [2][-]{subsection.3.27.3}{\376\377\0003\000.\0003\000\040\000P\000r\000o\000p\000i\000e\000d\000a\000d\000e\000s\000\040\000d\000e\000\040\000l\000o\000s\000\040\000E\000s\000t\000i\000m\000a\000d\000o\000r\000e\000s\000\040\0000\000\040\000y\000\040\0001}{section.3.27}% 106
\BOOKMARK [2][-]{subsection.3.27.4}{\376\377\0003\000.\0004\000\040\000P\000r\000u\000e\000b\000a\000\040\000d\000e\000\040\000H\000i\000p\000\363\000t\000e\000s\000i\000s\000\040\000e\000n\000\040\000R\000L\000S}{section.3.27}% 107
\BOOKMARK [2][-]{subsection.3.27.5}{\376\377\000E\000s\000t\000i\000m\000a\000c\000i\000\363\000n\000\040\000d\000e\000\040\000I\000n\000t\000e\000r\000v\000a\000l\000o\000s\000\040\000e\000n\000\040\000R\000L\000S}{section.3.27}% 108
\BOOKMARK [1][-]{section.3.28}{\376\377\0003\000.\000\040\000A\000n\000\341\000l\000i\000s\000i\000s\000\040\000d\000e\000\040\000R\000e\000g\000r\000e\000s\000i\000o\000n\000\040\000L\000i\000n\000e\000a\000l\000\040\000\050\000R\000L\000\051}{chapter.3}% 109
\BOOKMARK [2][-]{subsection.3.28.1}{\376\377\0003\000.\0001\000\040\000R\000e\000g\000r\000e\000s\000i\000\363\000n\000\040\000L\000i\000n\000e\000a\000l\000\040\000S\000i\000m\000p\000l\000e\000\040\000\050\000R\000L\000S\000\051}{section.3.28}% 110
\BOOKMARK [2][-]{subsection.3.28.2}{\376\377\0003\000.\0002\000\040\000M\000\351\000t\000o\000d\000o\000\040\000d\000e\000\040\000M\000\355\000n\000i\000m\000o\000s\000\040\000C\000u\000a\000d\000r\000a\000d\000o\000s}{section.3.28}% 111
\BOOKMARK [2][-]{subsection.3.28.3}{\376\377\0003\000.\0003\000\040\000P\000r\000o\000p\000i\000e\000d\000a\000d\000e\000s\000\040\000d\000e\000\040\000l\000o\000s\000\040\000E\000s\000t\000i\000m\000a\000d\000o\000r\000e\000s\000\040\0000\000\040\000y\000\040\0001}{section.3.28}% 112
\BOOKMARK [2][-]{subsection.3.28.4}{\376\377\0003\000.\0004\000\040\000P\000r\000u\000e\000b\000a\000\040\000d\000e\000\040\000H\000i\000p\000\363\000t\000e\000s\000i\000s\000\040\000e\000n\000\040\000R\000L\000S}{section.3.28}% 113
\BOOKMARK [2][-]{subsection.3.28.5}{\376\377\000E\000s\000t\000i\000m\000a\000c\000i\000\363\000n\000\040\000d\000e\000\040\000I\000n\000t\000e\000r\000v\000a\000l\000o\000s\000\040\000e\000n\000\040\000R\000L\000S}{section.3.28}% 114
\BOOKMARK [2][-]{subsection.3.28.6}{\376\377\000P\000r\000e\000d\000i\000c\000c\000i\000\363\000n}{section.3.28}% 115
\BOOKMARK [2][-]{subsection.3.28.7}{\376\377\000P\000r\000u\000e\000b\000a\000\040\000d\000e\000\040\000f\000a\000l\000t\000a\000\040\000d\000e\000\040\000a\000j\000u\000s\000t\000e}{section.3.28}% 116
\BOOKMARK [2][-]{subsection.3.28.8}{\376\377\000C\000o\000e\000f\000i\000c\000i\000e\000n\000t\000e\000\040\000d\000e\000\040\000D\000e\000t\000e\000r\000m\000i\000n\000a\000c\000i\000\363\000n}{section.3.28}% 117
\BOOKMARK [0][-]{chapter.4}{\376\377\000R\000e\000q\000u\000i\000s\000i\000t\000o\000s}{part.1}% 118
\BOOKMARK [1][-]{section.4.1}{\376\377\000P\000r\000u\000e\000b\000a\000s\000\040\000d\000e\000\040\000H\000i\000p\000\363\000t\000e\000s\000i\000s}{chapter.4}% 119
\BOOKMARK [2][-]{subsection.4.1.1}{\376\377\000T\000i\000p\000o\000s\000\040\000d\000e\000\040\000e\000r\000r\000o\000r\000e\000s}{section.4.1}% 120
\BOOKMARK [1][-]{section.4.2}{\376\377\000M\000u\000e\000s\000t\000r\000a\000s\000\040\000g\000r\000a\000n\000d\000e\000s\000:\000\040\000u\000n\000a\000\040\000m\000e\000d\000i\000a\000\040\000p\000o\000b\000l\000a\000c\000i\000o\000n\000a\000l}{chapter.4}% 121
\BOOKMARK [2][-]{subsection.4.2.1}{\376\377\000C\000\341\000l\000c\000u\000l\000o\000\040\000d\000e\000\040\000v\000a\000l\000o\000r\000\040\000p}{section.4.2}% 122
\BOOKMARK [1][-]{section.4.3}{\376\377\000P\000r\000u\000e\000b\000a\000s\000\040\000d\000e\000\040\000H\000i\000p\000\363\000t\000e\000s\000i\000s}{chapter.4}% 123
\BOOKMARK [2][-]{subsection.4.3.1}{\376\377\000T\000i\000p\000o\000s\000\040\000d\000e\000\040\000e\000r\000r\000o\000r\000e\000s}{section.4.3}% 124
\BOOKMARK [1][-]{section.4.4}{\376\377\000P\000r\000u\000e\000b\000a\000s\000\040\000d\000e\000\040\000H\000i\000p\000\363\000t\000e\000s\000i\000s}{chapter.4}% 125
\BOOKMARK [2][-]{subsection.4.4.1}{\376\377\000T\000i\000p\000o\000s\000\040\000d\000e\000\040\000e\000r\000r\000o\000r\000e\000s}{section.4.4}% 126
\BOOKMARK [1][-]{section.4.5}{\376\377\000M\000u\000e\000s\000t\000r\000a\000s\000\040\000g\000r\000a\000n\000d\000e\000s\000:\000\040\000u\000n\000a\000\040\000m\000e\000d\000i\000a\000\040\000p\000o\000b\000l\000a\000c\000i\000o\000n\000a\000l}{chapter.4}% 127
\BOOKMARK [2][-]{subsection.4.5.1}{\376\377\000C\000\341\000l\000c\000u\000l\000o\000\040\000d\000e\000\040\000v\000a\000l\000o\000r\000\040\000p}{section.4.5}% 128
\BOOKMARK [1][-]{section.4.6}{\376\377\000E\000s\000t\000i\000m\000a\000c\000i\000\363\000n\000\040\000p\000o\000r\000\040\000i\000n\000t\000e\000r\000v\000a\000l\000o\000s}{chapter.4}% 129
\BOOKMARK [1][-]{section.4.7}{\376\377\000I\000n\000t\000e\000r\000v\000a\000l\000o\000s\000\040\000d\000e\000\040\000c\000o\000n\000f\000i\000a\000n\000z\000a\000\040\000p\000a\000r\000a\000\040\000d\000o\000s\000\040\000m\000u\000e\000s\000t\000r\000a\000s}{chapter.4}% 130
\BOOKMARK [1][-]{section.4.8}{\376\377\000I\000n\000t\000e\000r\000v\000a\000l\000o\000s\000\040\000d\000e\000\040\000c\000o\000n\000f\000i\000a\000n\000z\000a\000\040\000p\000a\000r\000a\000\040\000r\000a\000z\000\363\000n\000\040\000d\000e\000\040\000V\000a\000r\000i\000a\000n\000z\000a\000s}{chapter.4}% 131
\BOOKMARK [1][-]{section.4.9}{\376\377\000I\000n\000t\000e\000r\000v\000a\000l\000o\000s\000\040\000d\000e\000\040\000c\000o\000n\000f\000i\000a\000n\000z\000a\000\040\000p\000a\000r\000a\000\040\000d\000i\000f\000e\000r\000e\000n\000c\000i\000a\000\040\000d\000e\000\040\000p\000r\000o\000p\000o\000r\000c\000i\000o\000n\000e\000s}{chapter.4}% 132
\BOOKMARK [0][-]{chapter.5}{\376\377\000B\000a\000s\000e\000s}{part.1}% 133
\BOOKMARK [1][-]{section.5.1}{\376\377\000A\000n\000\341\000l\000i\000s\000i\000s\000\040\000d\000e\000\040\000R\000e\000g\000r\000e\000s\000i\000o\000n\000\040\000L\000i\000n\000e\000a\000l\000\040\000\050\000R\000L\000\051}{chapter.5}% 134
\BOOKMARK [1][-]{section.5.2}{\376\377\000A\000n\000\341\000l\000i\000s\000i\000s\000\040\000d\000e\000\040\000R\000e\000g\000r\000e\000s\000i\000o\000n\000\040\000L\000i\000n\000e\000a\000l\000\040\000\050\000R\000L\000\051}{chapter.5}% 135
\BOOKMARK [2][-]{subsection.5.2.1}{\376\377\000R\000e\000g\000r\000e\000s\000i\000\363\000n\000\040\000L\000i\000n\000e\000a\000l\000\040\000S\000i\000m\000p\000l\000e\000\040\000\050\000R\000L\000S\000\051}{section.5.2}% 136
\BOOKMARK [2][-]{subsection.5.2.2}{\376\377\000R\000e\000g\000r\000e\000s\000i\000\363\000n\000\040\000L\000i\000n\000e\000a\000l\000\040\000S\000i\000m\000p\000l\000e\000\040\000\050\000R\000L\000S\000\051}{section.5.2}% 137
\BOOKMARK [1][-]{section.5.3}{\376\377\0003\000.\000\040\000A\000n\000\341\000l\000i\000s\000i\000s\000\040\000d\000e\000\040\000R\000e\000g\000r\000e\000s\000i\000o\000n\000\040\000L\000i\000n\000e\000a\000l\000\040\000\050\000R\000L\000\051}{chapter.5}% 138
\BOOKMARK [2][-]{subsection.5.3.1}{\376\377\0003\000.\0001\000\040\000R\000e\000g\000r\000e\000s\000i\000\363\000n\000\040\000L\000i\000n\000e\000a\000l\000\040\000S\000i\000m\000p\000l\000e\000\040\000\050\000R\000L\000S\000\051}{section.5.3}% 139
\BOOKMARK [2][-]{subsection.5.3.2}{\376\377\0003\000.\0002\000\040\000M\000\351\000t\000o\000d\000o\000\040\000d\000e\000\040\000M\000\355\000n\000i\000m\000o\000s\000\040\000C\000u\000a\000d\000r\000a\000d\000o\000s}{section.5.3}% 140
\BOOKMARK [2][-]{subsection.5.3.3}{\376\377\0003\000.\0003\000\040\000P\000r\000o\000p\000i\000e\000d\000a\000d\000e\000s\000\040\000d\000e\000\040\000l\000o\000s\000\040\000E\000s\000t\000i\000m\000a\000d\000o\000r\000e\000s\000\040\0000\000\040\000y\000\040\0001}{section.5.3}% 141
\BOOKMARK [2][-]{subsection.5.3.4}{\376\377\0003\000.\0004\000\040\000P\000r\000u\000e\000b\000a\000\040\000d\000e\000\040\000H\000i\000p\000\363\000t\000e\000s\000i\000s\000\040\000e\000n\000\040\000R\000L\000S}{section.5.3}% 142
\BOOKMARK [2][-]{subsection.5.3.5}{\376\377\000E\000s\000t\000i\000m\000a\000c\000i\000\363\000n\000\040\000d\000e\000\040\000I\000n\000t\000e\000r\000v\000a\000l\000o\000s\000\040\000e\000n\000\040\000R\000L\000S}{section.5.3}% 143
\BOOKMARK [1][-]{section.5.4}{\376\377\0003\000.\000\040\000A\000n\000\341\000l\000i\000s\000i\000s\000\040\000d\000e\000\040\000R\000e\000g\000r\000e\000s\000i\000o\000n\000\040\000L\000i\000n\000e\000a\000l\000\040\000\050\000R\000L\000\051}{chapter.5}% 144
\BOOKMARK [2][-]{subsection.5.4.1}{\376\377\0003\000.\0001\000\040\000R\000e\000g\000r\000e\000s\000i\000\363\000n\000\040\000L\000i\000n\000e\000a\000l\000\040\000S\000i\000m\000p\000l\000e\000\040\000\050\000R\000L\000S\000\051}{section.5.4}% 145
\BOOKMARK [2][-]{subsection.5.4.2}{\376\377\0003\000.\0002\000\040\000M\000\351\000t\000o\000d\000o\000\040\000d\000e\000\040\000M\000\355\000n\000i\000m\000o\000s\000\040\000C\000u\000a\000d\000r\000a\000d\000o\000s}{section.5.4}% 146
\BOOKMARK [2][-]{subsection.5.4.3}{\376\377\0003\000.\0003\000\040\000P\000r\000o\000p\000i\000e\000d\000a\000d\000e\000s\000\040\000d\000e\000\040\000l\000o\000s\000\040\000E\000s\000t\000i\000m\000a\000d\000o\000r\000e\000s\000\040\0000\000\040\000y\000\040\0001}{section.5.4}% 147
\BOOKMARK [2][-]{subsection.5.4.4}{\376\377\0003\000.\0004\000\040\000P\000r\000u\000e\000b\000a\000\040\000d\000e\000\040\000H\000i\000p\000\363\000t\000e\000s\000i\000s\000\040\000e\000n\000\040\000R\000L\000S}{section.5.4}% 148
\BOOKMARK [2][-]{subsection.5.4.5}{\376\377\000E\000s\000t\000i\000m\000a\000c\000i\000\363\000n\000\040\000d\000e\000\040\000I\000n\000t\000e\000r\000v\000a\000l\000o\000s\000\040\000e\000n\000\040\000R\000L\000S}{section.5.4}% 149
\BOOKMARK [2][-]{subsection.5.4.6}{\376\377\000P\000r\000e\000d\000i\000c\000c\000i\000\363\000n}{section.5.4}% 150
\BOOKMARK [2][-]{subsection.5.4.7}{\376\377\000P\000r\000u\000e\000b\000a\000\040\000d\000e\000\040\000f\000a\000l\000t\000a\000\040\000d\000e\000\040\000a\000j\000u\000s\000t\000e}{section.5.4}% 151
\BOOKMARK [2][-]{subsection.5.4.8}{\376\377\000C\000o\000e\000f\000i\000c\000i\000e\000n\000t\000e\000\040\000d\000e\000\040\000D\000e\000t\000e\000r\000m\000i\000n\000a\000c\000i\000\363\000n}{section.5.4}% 152
\BOOKMARK [-1][-]{part.2}{\376\377\000I\000I\000\040\000P\000R\000I\000M\000E\000R\000A\000\040\000P\000A\000R\000T\000E\000:\000\040\000R\000e\000g\000r\000e\000s\000i\000\363\000n\000\040\000L\000o\000g\000\355\000s\000t\000i\000c\000a}{}% 153
\BOOKMARK [0][-]{chapter.6}{\376\377\000D\000\355\000a\000\040\0001\000:\000\040\000I\000n\000t\000r\000o\000d\000u\000c\000c\000i\000\363\000n}{part.2}% 154
\BOOKMARK [1][-]{section.6.1}{\376\377\000C\000o\000n\000c\000e\000p\000t\000o\000s\000\040\000B\000\341\000s\000i\000c\000o\000s}{chapter.6}% 155
\BOOKMARK [1][-]{section.6.2}{\376\377\000R\000e\000g\000r\000e\000s\000i\000\363\000n\000\040\000L\000i\000n\000e\000a\000l}{chapter.6}% 156
\BOOKMARK [1][-]{section.6.3}{\376\377\000R\000e\000g\000r\000e\000s\000i\000\363\000n\000\040\000L\000o\000g\000\355\000s\000t\000i\000c\000a}{chapter.6}% 157
\BOOKMARK [1][-]{section.6.4}{\376\377\000M\000\351\000t\000o\000d\000o\000\040\000d\000e\000\040\000M\000\341\000x\000i\000m\000a\000\040\000V\000e\000r\000o\000s\000i\000m\000i\000l\000i\000t\000u\000d}{chapter.6}% 158
\BOOKMARK [1][-]{section.6.5}{\376\377\000M\000\351\000t\000o\000d\000o\000\040\000d\000e\000\040\000N\000e\000w\000t\000o\000n\000-\000R\000a\000p\000h\000s\000o\000n}{chapter.6}% 159
\BOOKMARK [1][-]{section.6.6}{\376\377\000E\000s\000p\000e\000c\000\355\000f\000i\000c\000a\000n\000d\000o}{chapter.6}% 160
\BOOKMARK [0][-]{chapter.7}{\376\377\000E\000l\000e\000m\000e\000n\000t\000o\000s\000\040\000d\000e\000\040\000P\000r\000o\000b\000a\000b\000i\000l\000i\000d\000a\000d}{part.2}% 161
\BOOKMARK [1][-]{section.7.1}{\376\377\000I\000n\000t\000r\000o\000d\000u\000c\000c\000i\000\363\000n}{chapter.7}% 162
\BOOKMARK [1][-]{section.7.2}{\376\377\000P\000r\000o\000b\000a\000b\000i\000l\000i\000d\000a\000d}{chapter.7}% 163
\BOOKMARK [2][-]{subsection.7.2.1}{\376\377\000E\000s\000p\000a\000c\000i\000o\000\040\000M\000u\000e\000s\000t\000r\000a\000l\000\040\000y\000\040\000E\000v\000e\000n\000t\000o\000s}{section.7.2}% 164
\BOOKMARK [2][-]{subsection.7.2.2}{\376\377\000D\000e\000f\000i\000n\000i\000c\000i\000o\000n\000e\000s\000\040\000d\000e\000\040\000P\000r\000o\000b\000a\000b\000i\000l\000i\000d\000a\000d}{section.7.2}% 165
\BOOKMARK [1][-]{section.7.3}{\376\377\000E\000s\000t\000a\000d\000\355\000s\000t\000i\000c\000a\000\040\000B\000a\000y\000e\000s\000i\000a\000n\000a}{chapter.7}% 166
\BOOKMARK [2][-]{subsection.7.3.1}{\376\377\000P\000r\000i\000o\000r\000\040\000y\000\040\000P\000o\000s\000t\000e\000r\000i\000o\000r}{section.7.3}% 167
\BOOKMARK [1][-]{section.7.4}{\376\377\000D\000i\000s\000t\000r\000i\000b\000u\000c\000i\000o\000n\000e\000s\000\040\000d\000e\000\040\000P\000r\000o\000b\000a\000b\000i\000l\000i\000d\000a\000d}{chapter.7}% 168
\BOOKMARK [2][-]{subsection.7.4.1}{\376\377\000D\000i\000s\000t\000r\000i\000b\000u\000c\000i\000o\000n\000e\000s\000\040\000D\000i\000s\000c\000r\000e\000t\000a\000s}{section.7.4}% 169
\BOOKMARK [2][-]{subsection.7.4.2}{\376\377\000D\000i\000s\000t\000r\000i\000b\000u\000c\000i\000o\000n\000e\000s\000\040\000C\000o\000n\000t\000i\000n\000u\000a\000s}{section.7.4}% 170
\BOOKMARK [1][-]{section.7.5}{\376\377\000E\000s\000t\000a\000d\000\355\000s\000t\000i\000c\000a\000\040\000D\000e\000s\000c\000r\000i\000p\000t\000i\000v\000a}{chapter.7}% 171
\BOOKMARK [2][-]{subsection.7.5.1}{\376\377\000M\000e\000d\000i\000d\000a\000s\000\040\000d\000e\000\040\000T\000e\000n\000d\000e\000n\000c\000i\000a\000\040\000C\000e\000n\000t\000r\000a\000l}{section.7.5}% 172
\BOOKMARK [2][-]{subsection.7.5.2}{\376\377\000M\000e\000d\000i\000d\000a\000s\000\040\000d\000e\000\040\000D\000i\000s\000p\000e\000r\000s\000i\000\363\000n}{section.7.5}% 173
\BOOKMARK [1][-]{section.7.6}{\376\377\000I\000n\000f\000e\000r\000e\000n\000c\000i\000a\000\040\000E\000s\000t\000a\000d\000\355\000s\000t\000i\000c\000a}{chapter.7}% 174
\BOOKMARK [2][-]{subsection.7.6.1}{\376\377\000E\000s\000t\000i\000m\000a\000c\000i\000\363\000n\000\040\000d\000e\000\040\000P\000a\000r\000\341\000m\000e\000t\000r\000o\000s}{section.7.6}% 175
\BOOKMARK [2][-]{subsection.7.6.2}{\376\377\000P\000r\000u\000e\000b\000a\000\040\000d\000e\000\040\000H\000i\000p\000\363\000t\000e\000s\000i\000s}{section.7.6}% 176
\BOOKMARK [0][-]{chapter.8}{\376\377\000M\000a\000t\000e\000m\000\341\000t\000i\000c\000a\000s\000\040\000D\000e\000t\000r\000\341\000s\000\040\000d\000e\000\040\000l\000a\000\040\000R\000e\000g\000r\000e\000s\000i\000\363\000n\000\040\000L\000o\000g\000\355\000s\000t\000i\000c\000a}{part.2}% 177
\BOOKMARK [1][-]{section.8.1}{\376\377\000I\000n\000t\000r\000o\000d\000u\000c\000c\000i\000\363\000n}{chapter.8}% 178
\BOOKMARK [1][-]{section.8.2}{\376\377\000F\000u\000n\000c\000i\000\363\000n\000\040\000L\000o\000g\000\355\000s\000t\000i\000c\000a}{chapter.8}% 179
\BOOKMARK [2][-]{subsection.8.2.1}{\376\377\000D\000e\000f\000i\000n\000i\000c\000i\000\363\000n}{section.8.2}% 180
\BOOKMARK [2][-]{subsection.8.2.2}{\376\377\000P\000r\000o\000p\000i\000e\000d\000a\000d\000e\000s}{section.8.2}% 181
\BOOKMARK [1][-]{section.8.3}{\376\377\000F\000u\000n\000c\000i\000\363\000n\000\040\000d\000e\000\040\000V\000e\000r\000o\000s\000i\000m\000i\000l\000i\000t\000u\000d}{chapter.8}% 182
\BOOKMARK [2][-]{subsection.8.3.1}{\376\377\000D\000e\000f\000i\000n\000i\000c\000i\000\363\000n}{section.8.3}% 183
\BOOKMARK [2][-]{subsection.8.3.2}{\376\377\000F\000u\000n\000c\000i\000\363\000n\000\040\000d\000e\000\040\000L\000o\000g\000-\000V\000e\000r\000o\000s\000i\000m\000i\000l\000i\000t\000u\000d}{section.8.3}% 184
\BOOKMARK [1][-]{section.8.4}{\376\377\000E\000s\000t\000i\000m\000a\000c\000i\000\363\000n\000\040\000d\000e\000\040\000C\000o\000e\000f\000i\000c\000i\000e\000n\000t\000e\000s}{chapter.8}% 185
\BOOKMARK [2][-]{subsection.8.4.1}{\376\377\000G\000r\000a\000d\000i\000e\000n\000t\000e\000\040\000y\000\040\000H\000e\000s\000s\000i\000a\000n\000a}{section.8.4}% 186
\BOOKMARK [2][-]{subsection.8.4.2}{\376\377\000A\000l\000g\000o\000r\000i\000t\000m\000o\000\040\000N\000e\000w\000t\000o\000n\000-\000R\000a\000p\000h\000s\000o\000n}{section.8.4}% 187
\BOOKMARK [1][-]{section.8.5}{\376\377\000V\000a\000l\000i\000d\000a\000c\000i\000\363\000n\000\040\000d\000e\000l\000\040\000M\000o\000d\000e\000l\000o}{chapter.8}% 188
\BOOKMARK [2][-]{subsection.8.5.1}{\376\377\000C\000u\000r\000v\000a\000\040\000R\000O\000C\000\040\000y\000\040\000A\000U\000C}{section.8.5}% 189
\BOOKMARK [2][-]{subsection.8.5.2}{\376\377\000M\000a\000t\000r\000i\000z\000\040\000d\000e\000\040\000C\000o\000n\000f\000u\000s\000i\000\363\000n}{section.8.5}% 190
\BOOKMARK [0][-]{chapter.9}{\376\377\000P\000r\000e\000p\000a\000r\000a\000c\000i\000\363\000n\000\040\000d\000e\000\040\000D\000a\000t\000o\000s\000\040\000y\000\040\000S\000e\000l\000e\000c\000c\000i\000\363\000n\000\040\000d\000e\000\040\000V\000a\000r\000i\000a\000b\000l\000e\000s}{part.2}% 191
\BOOKMARK [1][-]{section.9.1}{\376\377\000I\000n\000t\000r\000o\000d\000u\000c\000c\000i\000\363\000n}{chapter.9}% 192
\BOOKMARK [1][-]{section.9.2}{\376\377\000I\000m\000p\000o\000r\000t\000a\000n\000c\000i\000a\000\040\000d\000e\000\040\000l\000a\000\040\000P\000r\000e\000p\000a\000r\000a\000c\000i\000\363\000n\000\040\000d\000e\000\040\000D\000a\000t\000o\000s}{chapter.9}% 193
\BOOKMARK [1][-]{section.9.3}{\376\377\000L\000i\000m\000p\000i\000e\000z\000a\000\040\000d\000e\000\040\000D\000a\000t\000o\000s}{chapter.9}% 194
\BOOKMARK [1][-]{section.9.4}{\376\377\000T\000r\000a\000t\000a\000m\000i\000e\000n\000t\000o\000\040\000d\000e\000\040\000D\000a\000t\000o\000s\000\040\000F\000a\000l\000t\000a\000n\000t\000e\000s}{chapter.9}% 195
\BOOKMARK [2][-]{subsection.9.4.1}{\376\377\000I\000m\000p\000u\000t\000a\000c\000i\000\363\000n\000\040\000d\000e\000\040\000l\000a\000\040\000M\000e\000d\000i\000a}{section.9.4}% 196
\BOOKMARK [1][-]{section.9.5}{\376\377\000C\000o\000d\000i\000f\000i\000c\000a\000c\000i\000\363\000n\000\040\000d\000e\000\040\000V\000a\000r\000i\000a\000b\000l\000e\000s\000\040\000C\000a\000t\000e\000g\000\363\000r\000i\000c\000a\000s}{chapter.9}% 197
\BOOKMARK [2][-]{subsection.9.5.1}{\376\377\000C\000o\000d\000i\000f\000i\000c\000a\000c\000i\000\363\000n\000\040\000O\000n\000e\000-\000H\000o\000t}{section.9.5}% 198
\BOOKMARK [2][-]{subsection.9.5.2}{\376\377\000C\000o\000d\000i\000f\000i\000c\000a\000c\000i\000\363\000n\000\040\000O\000r\000d\000i\000n\000a\000l}{section.9.5}% 199
\BOOKMARK [1][-]{section.9.6}{\376\377\000S\000e\000l\000e\000c\000c\000i\000\363\000n\000\040\000d\000e\000\040\000V\000a\000r\000i\000a\000b\000l\000e\000s}{chapter.9}% 200
\BOOKMARK [2][-]{subsection.9.6.1}{\376\377\000M\000\351\000t\000o\000d\000o\000s\000\040\000d\000e\000\040\000F\000i\000l\000t\000r\000a\000d\000o}{section.9.6}% 201
\BOOKMARK [2][-]{subsection.9.6.2}{\376\377\000M\000\351\000t\000o\000d\000o\000s\000\040\000d\000e\000\040\000W\000r\000a\000p\000p\000e\000r}{section.9.6}% 202
\BOOKMARK [2][-]{subsection.9.6.3}{\376\377\000M\000\351\000t\000o\000d\000o\000s\000\040\000B\000a\000s\000a\000d\000o\000s\000\040\000e\000n\000\040\000M\000o\000d\000e\000l\000o\000s}{section.9.6}% 203
\BOOKMARK [1][-]{section.9.7}{\376\377\000I\000m\000p\000l\000e\000m\000e\000n\000t\000a\000c\000i\000\363\000n\000\040\000e\000n\000\040\000R}{chapter.9}% 204
\BOOKMARK [2][-]{subsection.9.7.1}{\376\377\000L\000i\000m\000p\000i\000e\000z\000a\000\040\000d\000e\000\040\000D\000a\000t\000o\000s}{section.9.7}% 205
\BOOKMARK [2][-]{subsection.9.7.2}{\376\377\000C\000o\000d\000i\000f\000i\000c\000a\000c\000i\000\363\000n\000\040\000d\000e\000\040\000V\000a\000r\000i\000a\000b\000l\000e\000s\000\040\000C\000a\000t\000e\000g\000\363\000r\000i\000c\000a\000s}{section.9.7}% 206
\BOOKMARK [2][-]{subsection.9.7.3}{\376\377\000S\000e\000l\000e\000c\000c\000i\000\363\000n\000\040\000d\000e\000\040\000V\000a\000r\000i\000a\000b\000l\000e\000s}{section.9.7}% 207
\BOOKMARK [0][-]{chapter.10}{\376\377\000E\000v\000a\000l\000u\000a\000c\000i\000\363\000n\000\040\000d\000e\000l\000\040\000M\000o\000d\000e\000l\000o\000\040\000y\000\040\000V\000a\000l\000i\000d\000a\000c\000i\000\363\000n\000\040\000C\000r\000u\000z\000a\000d\000a}{part.2}% 208
\BOOKMARK [1][-]{section.10.1}{\376\377\000I\000n\000t\000r\000o\000d\000u\000c\000c\000i\000\363\000n}{chapter.10}% 209
\BOOKMARK [1][-]{section.10.2}{\376\377\000M\000\351\000t\000r\000i\000c\000a\000s\000\040\000d\000e\000\040\000E\000v\000a\000l\000u\000a\000c\000i\000\363\000n\000\040\000d\000e\000l\000\040\000M\000o\000d\000e\000l\000o}{chapter.10}% 210
\BOOKMARK [2][-]{subsection.10.2.1}{\376\377\000C\000u\000r\000v\000a\000\040\000R\000O\000C\000\040\000y\000\040\000A\000U\000C}{section.10.2}% 211
\BOOKMARK [2][-]{subsection.10.2.2}{\376\377\000M\000a\000t\000r\000i\000z\000\040\000d\000e\000\040\000C\000o\000n\000f\000u\000s\000i\000\363\000n}{section.10.2}% 212
\BOOKMARK [2][-]{subsection.10.2.3}{\376\377\000P\000r\000e\000c\000i\000s\000i\000\363\000n\000,\000\040\000R\000e\000c\000a\000l\000l\000\040\000y\000\040\000F\0001\000-\000S\000c\000o\000r\000e}{section.10.2}% 213
\BOOKMARK [2][-]{subsection.10.2.4}{\376\377\000L\000o\000g\000-\000L\000o\000s\000s}{section.10.2}% 214
\BOOKMARK [1][-]{section.10.3}{\376\377\000V\000a\000l\000i\000d\000a\000c\000i\000\363\000n\000\040\000C\000r\000u\000z\000a\000d\000a}{chapter.10}% 215
\BOOKMARK [2][-]{subsection.10.3.1}{\376\377\000K\000-\000F\000o\000l\000d\000\040\000C\000r\000o\000s\000s\000-\000V\000a\000l\000i\000d\000a\000t\000i\000o\000n}{section.10.3}% 216
\BOOKMARK [2][-]{subsection.10.3.2}{\376\377\000L\000e\000a\000v\000e\000-\000O\000n\000e\000-\000O\000u\000t\000\040\000C\000r\000o\000s\000s\000-\000V\000a\000l\000i\000d\000a\000t\000i\000o\000n\000\040\000\050\000L\000O\000O\000C\000V\000\051}{section.10.3}% 217
\BOOKMARK [1][-]{section.10.4}{\376\377\000A\000j\000u\000s\000t\000e\000\040\000y\000\040\000S\000o\000b\000r\000e\000a\000j\000u\000s\000t\000e\000\040\000d\000e\000l\000\040\000M\000o\000d\000e\000l\000o}{chapter.10}% 218
\BOOKMARK [2][-]{subsection.10.4.1}{\376\377\000S\000o\000b\000r\000e\000a\000j\000u\000s\000t\000e}{section.10.4}% 219
\BOOKMARK [2][-]{subsection.10.4.2}{\376\377\000S\000u\000b\000a\000j\000u\000s\000t\000e}{section.10.4}% 220
\BOOKMARK [2][-]{subsection.10.4.3}{\376\377\000R\000e\000g\000u\000l\000a\000r\000i\000z\000a\000c\000i\000\363\000n}{section.10.4}% 221
\BOOKMARK [1][-]{section.10.5}{\376\377\000I\000m\000p\000l\000e\000m\000e\000n\000t\000a\000c\000i\000\363\000n\000\040\000e\000n\000\040\000R}{chapter.10}% 222
\BOOKMARK [2][-]{subsection.10.5.1}{\376\377\000E\000v\000a\000l\000u\000a\000c\000i\000\363\000n\000\040\000d\000e\000l\000\040\000M\000o\000d\000e\000l\000o}{section.10.5}% 223
\BOOKMARK [2][-]{subsection.10.5.2}{\376\377\000V\000a\000l\000i\000d\000a\000c\000i\000\363\000n\000\040\000C\000r\000u\000z\000a\000d\000a}{section.10.5}% 224
\BOOKMARK [0][-]{chapter.11}{\376\377\000D\000i\000a\000g\000n\000\363\000s\000t\000i\000c\000o\000\040\000d\000e\000l\000\040\000M\000o\000d\000e\000l\000o\000\040\000y\000\040\000A\000j\000u\000s\000t\000e\000\040\000d\000e\000\040\000P\000a\000r\000\341\000m\000e\000t\000r\000o\000s}{part.2}% 225
\BOOKMARK [1][-]{section.11.1}{\376\377\000I\000n\000t\000r\000o\000d\000u\000c\000c\000i\000\363\000n}{chapter.11}% 226
\BOOKMARK [1][-]{section.11.2}{\376\377\000D\000i\000a\000g\000n\000\363\000s\000t\000i\000c\000o\000\040\000d\000e\000l\000\040\000M\000o\000d\000e\000l\000o}{chapter.11}% 227
\BOOKMARK [2][-]{subsection.11.2.1}{\376\377\000R\000e\000s\000i\000d\000u\000o\000s}{section.11.2}% 228
\BOOKMARK [2][-]{subsection.11.2.2}{\376\377\000I\000n\000f\000l\000u\000e\000n\000c\000i\000a}{section.11.2}% 229
\BOOKMARK [2][-]{subsection.11.2.3}{\376\377\000M\000u\000l\000t\000i\000c\000o\000l\000i\000n\000e\000a\000l\000i\000d\000a\000d}{section.11.2}% 230
\BOOKMARK [1][-]{section.11.3}{\376\377\000A\000j\000u\000s\000t\000e\000\040\000d\000e\000\040\000P\000a\000r\000\341\000m\000e\000t\000r\000o\000s}{chapter.11}% 231
\BOOKMARK [2][-]{subsection.11.3.1}{\376\377\000G\000r\000i\000d\000\040\000S\000e\000a\000r\000c\000h}{section.11.3}% 232
\BOOKMARK [2][-]{subsection.11.3.2}{\376\377\000R\000a\000n\000d\000o\000m\000\040\000S\000e\000a\000r\000c\000h}{section.11.3}% 233
\BOOKMARK [2][-]{subsection.11.3.3}{\376\377\000B\000a\000y\000e\000s\000i\000a\000n\000\040\000O\000p\000t\000i\000m\000i\000z\000a\000t\000i\000o\000n}{section.11.3}% 234
\BOOKMARK [1][-]{section.11.4}{\376\377\000I\000m\000p\000l\000e\000m\000e\000n\000t\000a\000c\000i\000\363\000n\000\040\000e\000n\000\040\000R}{chapter.11}% 235
\BOOKMARK [2][-]{subsection.11.4.1}{\376\377\000D\000i\000a\000g\000n\000\363\000s\000t\000i\000c\000o\000\040\000d\000e\000l\000\040\000M\000o\000d\000e\000l\000o}{section.11.4}% 236
\BOOKMARK [2][-]{subsection.11.4.2}{\376\377\000A\000j\000u\000s\000t\000e\000\040\000d\000e\000\040\000P\000a\000r\000\341\000m\000e\000t\000r\000o\000s}{section.11.4}% 237
\BOOKMARK [0][-]{chapter.12}{\376\377\000I\000n\000t\000e\000r\000p\000r\000e\000t\000a\000c\000i\000\363\000n\000\040\000d\000e\000\040\000l\000o\000s\000\040\000R\000e\000s\000u\000l\000t\000a\000d\000o\000s}{part.2}% 238
\BOOKMARK [1][-]{section.12.1}{\376\377\000I\000n\000t\000r\000o\000d\000u\000c\000c\000i\000\363\000n}{chapter.12}% 239
\BOOKMARK [1][-]{section.12.2}{\376\377\000C\000o\000e\000f\000i\000c\000i\000e\000n\000t\000e\000s\000\040\000d\000e\000\040\000R\000e\000g\000r\000e\000s\000i\000\363\000n\000\040\000L\000o\000g\000\355\000s\000t\000i\000c\000a}{chapter.12}% 240
\BOOKMARK [2][-]{subsection.12.2.1}{\376\377\000I\000n\000t\000e\000r\000p\000r\000e\000t\000a\000c\000i\000\363\000n\000\040\000d\000e\000\040\000l\000o\000s\000\040\000C\000o\000e\000f\000i\000c\000i\000e\000n\000t\000e\000s}{section.12.2}% 241
\BOOKMARK [2][-]{subsection.12.2.2}{\376\377\000S\000i\000g\000n\000o\000\040\000d\000e\000\040\000l\000o\000s\000\040\000C\000o\000e\000f\000i\000c\000i\000e\000n\000t\000e\000s}{section.12.2}% 242
\BOOKMARK [1][-]{section.12.3}{\376\377\000O\000d\000d\000s\000\040\000R\000a\000t\000i\000o\000s}{chapter.12}% 243
\BOOKMARK [2][-]{subsection.12.3.1}{\376\377\000C\000\341\000l\000c\000u\000l\000o\000\040\000d\000e\000\040\000l\000a\000s\000\040\000O\000d\000d\000s\000\040\000R\000a\000t\000i\000o\000s}{section.12.3}% 244
\BOOKMARK [2][-]{subsection.12.3.2}{\376\377\000I\000n\000t\000e\000r\000p\000r\000e\000t\000a\000c\000i\000\363\000n\000\040\000d\000e\000\040\000l\000a\000s\000\040\000O\000d\000d\000s\000\040\000R\000a\000t\000i\000o\000s}{section.12.3}% 245
\BOOKMARK [1][-]{section.12.4}{\376\377\000I\000n\000t\000e\000r\000v\000a\000l\000o\000s\000\040\000d\000e\000\040\000C\000o\000n\000f\000i\000a\000n\000z\000a}{chapter.12}% 246
\BOOKMARK [2][-]{subsection.12.4.1}{\376\377\000C\000\341\000l\000c\000u\000l\000o\000\040\000d\000e\000\040\000l\000o\000s\000\040\000I\000n\000t\000e\000r\000v\000a\000l\000o\000s\000\040\000d\000e\000\040\000C\000o\000n\000f\000i\000a\000n\000z\000a}{section.12.4}% 247
\BOOKMARK [1][-]{section.12.5}{\376\377\000S\000i\000g\000n\000i\000f\000i\000c\000a\000n\000c\000i\000a\000\040\000E\000s\000t\000a\000d\000\355\000s\000t\000i\000c\000a}{chapter.12}% 248
\BOOKMARK [2][-]{subsection.12.5.1}{\376\377\000P\000r\000u\000e\000b\000a\000\040\000d\000e\000\040\000H\000i\000p\000\363\000t\000e\000s\000i\000s}{section.12.5}% 249
\BOOKMARK [2][-]{subsection.12.5.2}{\376\377\000P\000-\000v\000a\000l\000o\000r}{section.12.5}% 250
\BOOKMARK [1][-]{section.12.6}{\376\377\000I\000m\000p\000l\000e\000m\000e\000n\000t\000a\000c\000i\000\363\000n\000\040\000e\000n\000\040\000R}{chapter.12}% 251
\BOOKMARK [2][-]{subsection.12.6.1}{\376\377\000C\000\341\000l\000c\000u\000l\000o\000\040\000d\000e\000\040\000C\000o\000e\000f\000i\000c\000i\000e\000n\000t\000e\000s\000\040\000y\000\040\000O\000d\000d\000s\000\040\000R\000a\000t\000i\000o\000s}{section.12.6}% 252
\BOOKMARK [2][-]{subsection.12.6.2}{\376\377\000I\000n\000t\000e\000r\000v\000a\000l\000o\000s\000\040\000d\000e\000\040\000C\000o\000n\000f\000i\000a\000n\000z\000a}{section.12.6}% 253
\BOOKMARK [2][-]{subsection.12.6.3}{\376\377\000P\000-\000v\000a\000l\000o\000r\000e\000s\000\040\000y\000\040\000S\000i\000g\000n\000i\000f\000i\000c\000a\000n\000c\000i\000a\000\040\000E\000s\000t\000a\000d\000\355\000s\000t\000i\000c\000a}{section.12.6}% 254
\BOOKMARK [0][-]{chapter.13}{\376\377\000R\000e\000g\000r\000e\000s\000i\000\363\000n\000\040\000L\000o\000g\000\355\000s\000t\000i\000c\000a\000\040\000M\000u\000l\000t\000i\000n\000o\000m\000i\000a\000l\000\040\000y\000\040\000A\000n\000\341\000l\000i\000s\000i\000s\000\040\000d\000e\000\040\000S\000u\000p\000e\000r\000v\000i\000v\000e\000n\000c\000i\000a}{part.2}% 255
\BOOKMARK [1][-]{section.13.1}{\376\377\000I\000n\000t\000r\000o\000d\000u\000c\000c\000i\000\363\000n}{chapter.13}% 256
\BOOKMARK [1][-]{section.13.2}{\376\377\000R\000e\000g\000r\000e\000s\000i\000\363\000n\000\040\000L\000o\000g\000\355\000s\000t\000i\000c\000a\000\040\000M\000u\000l\000t\000i\000n\000o\000m\000i\000a\000l}{chapter.13}% 257
\BOOKMARK [2][-]{subsection.13.2.1}{\376\377\000M\000o\000d\000e\000l\000o\000\040\000M\000u\000l\000t\000i\000n\000o\000m\000i\000a\000l}{section.13.2}% 258
\BOOKMARK [2][-]{subsection.13.2.2}{\376\377\000E\000s\000t\000i\000m\000a\000c\000i\000\363\000n\000\040\000d\000e\000\040\000P\000a\000r\000\341\000m\000e\000t\000r\000o\000s}{section.13.2}% 259
\BOOKMARK [1][-]{section.13.3}{\376\377\000A\000n\000\341\000l\000i\000s\000i\000s\000\040\000d\000e\000\040\000S\000u\000p\000e\000r\000v\000i\000v\000e\000n\000c\000i\000a}{chapter.13}% 260
\BOOKMARK [2][-]{subsection.13.3.1}{\376\377\000F\000u\000n\000c\000i\000\363\000n\000\040\000d\000e\000\040\000S\000u\000p\000e\000r\000v\000i\000v\000e\000n\000c\000i\000a}{section.13.3}% 261
\BOOKMARK [2][-]{subsection.13.3.2}{\376\377\000M\000o\000d\000e\000l\000o\000\040\000d\000e\000\040\000R\000i\000e\000s\000g\000o\000s\000\040\000P\000r\000o\000p\000o\000r\000c\000i\000o\000n\000a\000l\000e\000s\000\040\000d\000e\000\040\000C\000o\000x}{section.13.3}% 262
\BOOKMARK [1][-]{section.13.4}{\376\377\000I\000m\000p\000l\000e\000m\000e\000n\000t\000a\000c\000i\000\363\000n\000\040\000e\000n\000\040\000R}{chapter.13}% 263
\BOOKMARK [2][-]{subsection.13.4.1}{\376\377\000R\000e\000g\000r\000e\000s\000i\000\363\000n\000\040\000L\000o\000g\000\355\000s\000t\000i\000c\000a\000\040\000M\000u\000l\000t\000i\000n\000o\000m\000i\000a\000l}{section.13.4}% 264
\BOOKMARK [2][-]{subsection.13.4.2}{\376\377\000A\000n\000\341\000l\000i\000s\000i\000s\000\040\000d\000e\000\040\000S\000u\000p\000e\000r\000v\000i\000v\000e\000n\000c\000i\000a}{section.13.4}% 265
\BOOKMARK [0][-]{chapter.14}{\376\377\000I\000m\000p\000l\000e\000m\000e\000n\000t\000a\000c\000i\000\363\000n\000\040\000d\000e\000\040\000R\000e\000g\000r\000e\000s\000i\000\363\000n\000\040\000L\000o\000g\000\355\000s\000t\000i\000c\000a\000\040\000e\000n\000\040\000D\000a\000t\000o\000s\000\040\000R\000e\000a\000l\000e\000s}{part.2}% 266
\BOOKMARK [1][-]{section.14.1}{\376\377\000I\000n\000t\000r\000o\000d\000u\000c\000c\000i\000\363\000n}{chapter.14}% 267
\BOOKMARK [1][-]{section.14.2}{\376\377\000C\000o\000n\000j\000u\000n\000t\000o\000\040\000d\000e\000\040\000D\000a\000t\000o\000s}{chapter.14}% 268
\BOOKMARK [1][-]{section.14.3}{\376\377\000P\000r\000e\000p\000a\000r\000a\000c\000i\000\363\000n\000\040\000d\000e\000\040\000D\000a\000t\000o\000s}{chapter.14}% 269
\BOOKMARK [2][-]{subsection.14.3.1}{\376\377\000C\000a\000r\000g\000a\000\040\000y\000\040\000E\000x\000p\000l\000o\000r\000a\000c\000i\000\363\000n\000\040\000d\000e\000\040\000D\000a\000t\000o\000s}{section.14.3}% 270
\BOOKMARK [2][-]{subsection.14.3.2}{\376\377\000L\000i\000m\000p\000i\000e\000z\000a\000\040\000d\000e\000\040\000D\000a\000t\000o\000s}{section.14.3}% 271
\BOOKMARK [2][-]{subsection.14.3.3}{\376\377\000C\000o\000d\000i\000f\000i\000c\000a\000c\000i\000\363\000n\000\040\000d\000e\000\040\000V\000a\000r\000i\000a\000b\000l\000e\000s\000\040\000C\000a\000t\000e\000g\000\363\000r\000i\000c\000a\000s}{section.14.3}% 272
\BOOKMARK [1][-]{section.14.4}{\376\377\000D\000i\000v\000i\000s\000i\000\363\000n\000\040\000d\000e\000\040\000D\000a\000t\000o\000s}{chapter.14}% 273
\BOOKMARK [1][-]{section.14.5}{\376\377\000E\000n\000t\000r\000e\000n\000a\000m\000i\000e\000n\000t\000o\000\040\000d\000e\000l\000\040\000M\000o\000d\000e\000l\000o}{chapter.14}% 274
\BOOKMARK [1][-]{section.14.6}{\376\377\000E\000v\000a\000l\000u\000a\000c\000i\000\363\000n\000\040\000d\000e\000l\000\040\000M\000o\000d\000e\000l\000o}{chapter.14}% 275
\BOOKMARK [1][-]{section.14.7}{\376\377\000I\000n\000t\000e\000r\000p\000r\000e\000t\000a\000c\000i\000\363\000n\000\040\000d\000e\000\040\000l\000o\000s\000\040\000R\000e\000s\000u\000l\000t\000a\000d\000o\000s}{chapter.14}% 276
\BOOKMARK [0][-]{chapter.15}{\376\377\000R\000e\000s\000u\000m\000e\000n\000\040\000y\000\040\000P\000r\000o\000y\000e\000c\000t\000o\000\040\000F\000i\000n\000a\000l}{part.2}% 277
\BOOKMARK [1][-]{section.15.1}{\376\377\000R\000e\000s\000u\000m\000e\000n\000\040\000d\000e\000\040\000C\000o\000n\000c\000e\000p\000t\000o\000s\000\040\000C\000l\000a\000v\000e}{chapter.15}% 278
\BOOKMARK [1][-]{section.15.2}{\376\377\000B\000u\000e\000n\000a\000s\000\040\000P\000r\000\341\000c\000t\000i\000c\000a\000s}{chapter.15}% 279
\BOOKMARK [1][-]{section.15.3}{\376\377\000P\000r\000o\000y\000e\000c\000t\000o\000\040\000F\000i\000n\000a\000l}{chapter.15}% 280
\BOOKMARK [2][-]{subsection.15.3.1}{\376\377\000S\000e\000l\000e\000c\000c\000i\000\363\000n\000\040\000d\000e\000l\000\040\000C\000o\000n\000j\000u\000n\000t\000o\000\040\000d\000e\000\040\000D\000a\000t\000o\000s}{section.15.3}% 281
\BOOKMARK [2][-]{subsection.15.3.2}{\376\377\000E\000x\000p\000l\000o\000r\000a\000c\000i\000\363\000n\000\040\000y\000\040\000P\000r\000e\000p\000a\000r\000a\000c\000i\000\363\000n\000\040\000d\000e\000\040\000D\000a\000t\000o\000s}{section.15.3}% 282
\BOOKMARK [2][-]{subsection.15.3.3}{\376\377\000E\000n\000t\000r\000e\000n\000a\000m\000i\000e\000n\000t\000o\000\040\000y\000\040\000E\000v\000a\000l\000u\000a\000c\000i\000\363\000n\000\040\000d\000e\000l\000\040\000M\000o\000d\000e\000l\000o}{section.15.3}% 283
\BOOKMARK [2][-]{subsection.15.3.4}{\376\377\000I\000n\000t\000e\000r\000p\000r\000e\000t\000a\000c\000i\000\363\000n\000\040\000d\000e\000\040\000R\000e\000s\000u\000l\000t\000a\000d\000o\000s}{section.15.3}% 284
\BOOKMARK [2][-]{subsection.15.3.5}{\376\377\000P\000r\000e\000s\000e\000n\000t\000a\000c\000i\000\363\000n\000\040\000d\000e\000l\000\040\000P\000r\000o\000y\000e\000c\000t\000o}{section.15.3}% 285
\BOOKMARK [-1][-]{part.3}{\376\377\000I\000I\000I\000\040\000S\000E\000G\000U\000N\000D\000A\000\040\000P\000A\000R\000T\000E\000:\000\040\000A\000N\000A\000L\000I\000S\000I\000S\000\040\000D\000E\000\040\000S\000U\000P\000E\000R\000V\000I\000V\000E\000N\000C\000I\000A}{}% 286
\BOOKMARK [0][-]{chapter.16}{\376\377\000I\000n\000t\000r\000o\000d\000u\000c\000c\000i\000\363\000n\000\040\000a\000l\000\040\000A\000n\000\341\000l\000i\000s\000i\000s\000\040\000d\000e\000\040\000S\000u\000p\000e\000r\000v\000i\000v\000e\000n\000c\000i\000a}{part.3}% 287
\BOOKMARK [1][-]{section.16.1}{\376\377\000C\000o\000n\000c\000e\000p\000t\000o\000s\000\040\000B\000\341\000s\000i\000c\000o\000s}{chapter.16}% 288
\BOOKMARK [1][-]{section.16.2}{\376\377\000D\000e\000f\000i\000n\000i\000c\000i\000\363\000n\000\040\000d\000e\000\040\000E\000v\000e\000n\000t\000o\000s\000\040\000y\000\040\000T\000i\000e\000m\000p\000o\000s}{chapter.16}% 289
\BOOKMARK [1][-]{section.16.3}{\376\377\000C\000e\000n\000s\000u\000r\000a}{chapter.16}% 290
\BOOKMARK [1][-]{section.16.4}{\376\377\000F\000u\000n\000c\000i\000\363\000n\000\040\000d\000e\000\040\000S\000u\000p\000e\000r\000v\000i\000v\000e\000n\000c\000i\000a}{chapter.16}% 291
\BOOKMARK [1][-]{section.16.5}{\376\377\000F\000u\000n\000c\000i\000\363\000n\000\040\000d\000e\000\040\000D\000e\000n\000s\000i\000d\000a\000d\000\040\000d\000e\000\040\000P\000r\000o\000b\000a\000b\000i\000l\000i\000d\000a\000d}{chapter.16}% 292
\BOOKMARK [1][-]{section.16.6}{\376\377\000F\000u\000n\000c\000i\000\363\000n\000\040\000d\000e\000\040\000R\000i\000e\000s\000g\000o}{chapter.16}% 293
\BOOKMARK [1][-]{section.16.7}{\376\377\000R\000e\000l\000a\000c\000i\000\363\000n\000\040\000e\000n\000t\000r\000e\000\040\000F\000u\000n\000c\000i\000\363\000n\000\040\000d\000e\000\040\000S\000u\000p\000e\000r\000v\000i\000v\000e\000n\000c\000i\000a\000\040\000y\000\040\000F\000u\000n\000c\000i\000\363\000n\000\040\000d\000e\000\040\000R\000i\000e\000s\000g\000o}{chapter.16}% 294
\BOOKMARK [1][-]{section.16.8}{\376\377\000D\000e\000d\000u\000c\000c\000i\000\363\000n\000\040\000d\000e\000\040\000l\000a\000\040\000F\000u\000n\000c\000i\000\363\000n\000\040\000d\000e\000\040\000S\000u\000p\000e\000r\000v\000i\000v\000e\000n\000c\000i\000a}{chapter.16}% 295
\BOOKMARK [1][-]{section.16.9}{\376\377\000E\000j\000e\000m\000p\000l\000o\000\040\000d\000e\000\040\000C\000\341\000l\000c\000u\000l\000o}{chapter.16}% 296
\BOOKMARK [1][-]{section.16.10}{\376\377\000C\000o\000n\000c\000l\000u\000s\000i\000\363\000n}{chapter.16}% 297
\BOOKMARK [0][-]{chapter.17}{\376\377\000F\000u\000n\000c\000i\000\363\000n\000\040\000d\000e\000\040\000S\000u\000p\000e\000r\000v\000i\000v\000e\000n\000c\000i\000a\000\040\000y\000\040\000F\000u\000n\000c\000i\000\363\000n\000\040\000d\000e\000\040\000R\000i\000e\000s\000g\000o}{part.3}% 298
\BOOKMARK [1][-]{section.17.1}{\376\377\000I\000n\000t\000r\000o\000d\000u\000c\000c\000i\000\363\000n}{chapter.17}% 299
\BOOKMARK [1][-]{section.17.2}{\376\377\000F\000u\000n\000c\000i\000\363\000n\000\040\000d\000e\000\040\000S\000u\000p\000e\000r\000v\000i\000v\000e\000n\000c\000i\000a}{chapter.17}% 300
\BOOKMARK [2][-]{subsection.17.2.1}{\376\377\000P\000r\000o\000p\000i\000e\000d\000a\000d\000e\000s\000\040\000d\000e\000\040\000l\000a\000\040\000F\000u\000n\000c\000i\000\363\000n\000\040\000d\000e\000\040\000S\000u\000p\000e\000r\000v\000i\000v\000e\000n\000c\000i\000a}{section.17.2}% 301
\BOOKMARK [2][-]{subsection.17.2.2}{\376\377\000D\000e\000r\000i\000v\000a\000c\000i\000\363\000n\000\040\000d\000e\000\040\000S\000\050\000t\000\051}{section.17.2}% 302
\BOOKMARK [2][-]{subsection.17.2.3}{\376\377\000E\000j\000e\000m\000p\000l\000o\000\040\000d\000e\000\040\000C\000\341\000l\000c\000u\000l\000o\000\040\000d\000e\000\040\000S\000\050\000t\000\051}{section.17.2}% 303
\BOOKMARK [1][-]{section.17.3}{\376\377\000F\000u\000n\000c\000i\000\363\000n\000\040\000d\000e\000\040\000R\000i\000e\000s\000g\000o}{chapter.17}% 304
\BOOKMARK [2][-]{subsection.17.3.1}{\376\377\000R\000e\000l\000a\000c\000i\000\363\000n\000\040\000e\000n\000t\000r\000e\000\040\000\050\000t\000\051\000\040\000y\000\040\000f\000\050\000t\000\051}{section.17.3}% 305
\BOOKMARK [2][-]{subsection.17.3.2}{\376\377\000D\000e\000r\000i\000v\000a\000c\000i\000\363\000n\000\040\000d\000e\000\040\000\050\000t\000\051}{section.17.3}% 306
\BOOKMARK [1][-]{section.17.4}{\376\377\000R\000e\000l\000a\000c\000i\000\363\000n\000\040\000e\000n\000t\000r\000e\000\040\000F\000u\000n\000c\000i\000\363\000n\000\040\000d\000e\000\040\000S\000u\000p\000e\000r\000v\000i\000v\000e\000n\000c\000i\000a\000\040\000y\000\040\000F\000u\000n\000c\000i\000\363\000n\000\040\000d\000e\000\040\000R\000i\000e\000s\000g\000o}{chapter.17}% 307
\BOOKMARK [2][-]{subsection.17.4.1}{\376\377\000D\000e\000d\000u\000c\000c\000i\000\363\000n\000\040\000d\000e\000\040\000l\000a\000\040\000R\000e\000l\000a\000c\000i\000\363\000n}{section.17.4}% 308
\BOOKMARK [1][-]{section.17.5}{\376\377\000I\000n\000t\000e\000r\000p\000r\000e\000t\000a\000c\000i\000\363\000n\000\040\000d\000e\000\040\000l\000a\000\040\000F\000u\000n\000c\000i\000\363\000n\000\040\000d\000e\000\040\000R\000i\000e\000s\000g\000o}{chapter.17}% 309
\BOOKMARK [2][-]{subsection.17.5.1}{\376\377\000E\000j\000e\000m\000p\000l\000o\000\040\000d\000e\000\040\000C\000\341\000l\000c\000u\000l\000o\000\040\000d\000e\000\040\000\050\000t\000\051}{section.17.5}% 310
\BOOKMARK [1][-]{section.17.6}{\376\377\000F\000u\000n\000c\000i\000o\000n\000e\000s\000\040\000d\000e\000\040\000R\000i\000e\000s\000g\000o\000\040\000A\000c\000u\000m\000u\000l\000a\000d\000a\000\040\000y\000\040\000M\000e\000d\000i\000a\000\040\000R\000e\000s\000i\000d\000u\000a\000l}{chapter.17}% 311
\BOOKMARK [1][-]{section.17.7}{\376\377\000E\000j\000e\000m\000p\000l\000o\000\040\000d\000e\000\040\000C\000\341\000l\000c\000u\000l\000o\000\040\000d\000e\000\040\000F\000u\000n\000c\000i\000\363\000n\000\040\000d\000e\000\040\000R\000i\000e\000s\000g\000o\000\040\000A\000c\000u\000m\000u\000l\000a\000d\000a\000\040\000y\000\040\000V\000i\000d\000a\000\040\000M\000e\000d\000i\000a\000\040\000R\000e\000s\000i\000d\000u\000a\000l}{chapter.17}% 312
\BOOKMARK [1][-]{section.17.8}{\376\377\000C\000o\000n\000c\000l\000u\000s\000i\000\363\000n}{chapter.17}% 313
\BOOKMARK [0][-]{chapter.18}{\376\377\000E\000s\000t\000i\000m\000a\000d\000o\000r\000\040\000d\000e\000\040\000K\000a\000p\000l\000a\000n\000-\000M\000e\000i\000e\000r}{part.3}% 314
\BOOKMARK [1][-]{section.18.1}{\376\377\000I\000n\000t\000r\000o\000d\000u\000c\000c\000i\000\363\000n}{chapter.18}% 315
\BOOKMARK [1][-]{section.18.2}{\376\377\000D\000e\000f\000i\000n\000i\000c\000i\000\363\000n\000\040\000d\000e\000l\000\040\000E\000s\000t\000i\000m\000a\000d\000o\000r\000\040\000d\000e\000\040\000K\000a\000p\000l\000a\000n\000-\000M\000e\000i\000e\000r}{chapter.18}% 316
\BOOKMARK [1][-]{section.18.3}{\376\377\000P\000r\000o\000p\000i\000e\000d\000a\000d\000e\000s\000\040\000d\000e\000l\000\040\000E\000s\000t\000i\000m\000a\000d\000o\000r\000\040\000d\000e\000\040\000K\000a\000p\000l\000a\000n\000-\000M\000e\000i\000e\000r}{chapter.18}% 317
\BOOKMARK [2][-]{subsection.18.3.1}{\376\377\000F\000u\000n\000c\000i\000\363\000n\000\040\000E\000s\000c\000a\000l\000o\000n\000a\000d\000a}{section.18.3}% 318
\BOOKMARK [2][-]{subsection.18.3.2}{\376\377\000M\000a\000n\000e\000j\000o\000\040\000d\000e\000\040\000D\000a\000t\000o\000s\000\040\000C\000e\000n\000s\000u\000r\000a\000d\000o\000s}{section.18.3}% 319
\BOOKMARK [2][-]{subsection.18.3.3}{\376\377\000E\000s\000t\000i\000m\000a\000c\000i\000\363\000n\000\040\000N\000o\000\040\000P\000a\000r\000a\000m\000\351\000t\000r\000i\000c\000a}{section.18.3}% 320
\BOOKMARK [1][-]{section.18.4}{\376\377\000D\000e\000d\000u\000c\000c\000i\000\363\000n\000\040\000d\000e\000l\000\040\000E\000s\000t\000i\000m\000a\000d\000o\000r\000\040\000d\000e\000\040\000K\000a\000p\000l\000a\000n\000-\000M\000e\000i\000e\000r}{chapter.18}% 321
\BOOKMARK [2][-]{subsection.18.4.1}{\376\377\000P\000r\000o\000b\000a\000b\000i\000l\000i\000d\000a\000d\000\040\000C\000o\000n\000d\000i\000c\000i\000o\000n\000a\000l}{section.18.4}% 322
\BOOKMARK [2][-]{subsection.18.4.2}{\376\377\000P\000r\000o\000d\000u\000c\000t\000o\000\040\000d\000e\000\040\000P\000r\000o\000b\000a\000b\000i\000l\000i\000d\000a\000d\000e\000s\000\040\000C\000o\000n\000d\000i\000c\000i\000o\000n\000a\000l\000e\000s}{section.18.4}% 323
\BOOKMARK [1][-]{section.18.5}{\376\377\000E\000j\000e\000m\000p\000l\000o\000\040\000d\000e\000\040\000C\000\341\000l\000c\000u\000l\000o}{chapter.18}% 324
\BOOKMARK [1][-]{section.18.6}{\376\377\000I\000n\000t\000e\000r\000v\000a\000l\000o\000s\000\040\000d\000e\000\040\000C\000o\000n\000f\000i\000a\000n\000z\000a\000\040\000p\000a\000r\000a\000\040\000e\000l\000\040\000E\000s\000t\000i\000m\000a\000d\000o\000r\000\040\000d\000e\000\040\000K\000a\000p\000l\000a\000n\000-\000M\000e\000i\000e\000r}{chapter.18}% 325
\BOOKMARK [1][-]{section.18.7}{\376\377\000T\000r\000a\000n\000s\000f\000o\000r\000m\000a\000c\000i\000\363\000n\000\040\000L\000o\000g\000a\000r\000\355\000t\000m\000i\000c\000a\000\040\000I\000n\000v\000e\000r\000s\000a}{chapter.18}% 326
\BOOKMARK [1][-]{section.18.8}{\376\377\000C\000\341\000l\000c\000u\000l\000o\000\040\000D\000e\000t\000a\000l\000l\000a\000d\000o\000\040\000d\000e\000\040\000I\000n\000t\000e\000r\000v\000a\000l\000o\000s\000\040\000d\000e\000\040\000C\000o\000n\000f\000i\000a\000n\000z\000a}{chapter.18}% 327
\BOOKMARK [1][-]{section.18.9}{\376\377\000E\000j\000e\000m\000p\000l\000o\000\040\000d\000e\000\040\000I\000n\000t\000e\000r\000v\000a\000l\000o\000\040\000d\000e\000\040\000C\000o\000n\000f\000i\000a\000n\000z\000a}{chapter.18}% 328
\BOOKMARK [1][-]{section.18.10}{\376\377\000I\000n\000t\000e\000r\000p\000r\000e\000t\000a\000c\000i\000\363\000n\000\040\000d\000e\000l\000\040\000E\000s\000t\000i\000m\000a\000d\000o\000r\000\040\000d\000e\000\040\000K\000a\000p\000l\000a\000n\000-\000M\000e\000i\000e\000r}{chapter.18}% 329
\BOOKMARK [1][-]{section.18.11}{\376\377\000C\000o\000n\000c\000l\000u\000s\000i\000\363\000n}{chapter.18}% 330
\BOOKMARK [0][-]{chapter.19}{\376\377\000C\000o\000m\000p\000a\000r\000a\000c\000i\000\363\000n\000\040\000d\000e\000\040\000C\000u\000r\000v\000a\000s\000\040\000d\000e\000\040\000S\000u\000p\000e\000r\000v\000i\000v\000e\000n\000c\000i\000a}{part.3}% 331
\BOOKMARK [1][-]{section.19.1}{\376\377\000I\000n\000t\000r\000o\000d\000u\000c\000c\000i\000\363\000n}{chapter.19}% 332
\BOOKMARK [1][-]{section.19.2}{\376\377\000T\000e\000s\000t\000\040\000d\000e\000\040\000L\000o\000g\000-\000r\000a\000n\000k}{chapter.19}% 333
\BOOKMARK [2][-]{subsection.19.2.1}{\376\377\000F\000\363\000r\000m\000u\000l\000a\000\040\000d\000e\000l\000\040\000T\000e\000s\000t\000\040\000d\000e\000\040\000L\000o\000g\000-\000r\000a\000n\000k}{section.19.2}% 334
\BOOKMARK [2][-]{subsection.19.2.2}{\376\377\000C\000\341\000l\000c\000u\000l\000o\000\040\000d\000e\000\040\000E\000i\000\040\000y\000\040\000V\000i}{section.19.2}% 335
\BOOKMARK [1][-]{section.19.3}{\376\377\000E\000j\000e\000m\000p\000l\000o\000\040\000d\000e\000\040\000C\000\341\000l\000c\000u\000l\000o\000\040\000d\000e\000l\000\040\000T\000e\000s\000t\000\040\000d\000e\000\040\000L\000o\000g\000-\000r\000a\000n\000k}{chapter.19}% 336
\BOOKMARK [1][-]{section.19.4}{\376\377\000I\000n\000t\000e\000r\000p\000r\000e\000t\000a\000c\000i\000\363\000n\000\040\000d\000e\000l\000\040\000T\000e\000s\000t\000\040\000d\000e\000\040\000L\000o\000g\000-\000r\000a\000n\000k}{chapter.19}% 337
\BOOKMARK [1][-]{section.19.5}{\376\377\000P\000r\000u\000e\000b\000a\000s\000\040\000A\000l\000t\000e\000r\000n\000a\000t\000i\000v\000a\000s}{chapter.19}% 338
\BOOKMARK [1][-]{section.19.6}{\376\377\000C\000o\000n\000c\000l\000u\000s\000i\000\363\000n}{chapter.19}% 339
\BOOKMARK [0][-]{chapter.20}{\376\377\000M\000o\000d\000e\000l\000o\000s\000\040\000d\000e\000\040\000R\000i\000e\000s\000g\000o\000s\000\040\000P\000r\000o\000p\000o\000r\000c\000i\000o\000n\000a\000l\000e\000s\000\040\000d\000e\000\040\000C\000o\000x}{part.3}% 340
\BOOKMARK [1][-]{section.20.1}{\376\377\000I\000n\000t\000r\000o\000d\000u\000c\000c\000i\000\363\000n}{chapter.20}% 341
\BOOKMARK [1][-]{section.20.2}{\376\377\000D\000e\000f\000i\000n\000i\000c\000i\000\363\000n\000\040\000d\000e\000l\000\040\000M\000o\000d\000e\000l\000o\000\040\000d\000e\000\040\000C\000o\000x}{chapter.20}% 342
\BOOKMARK [1][-]{section.20.3}{\376\377\000S\000u\000p\000u\000e\000s\000t\000o\000\040\000d\000e\000\040\000P\000r\000o\000p\000o\000r\000c\000i\000o\000n\000a\000l\000i\000d\000a\000d\000\040\000d\000e\000\040\000R\000i\000e\000s\000g\000o\000s}{chapter.20}% 343
\BOOKMARK [1][-]{section.20.4}{\376\377\000E\000s\000t\000i\000m\000a\000c\000i\000\363\000n\000\040\000d\000e\000\040\000l\000o\000s\000\040\000P\000a\000r\000\341\000m\000e\000t\000r\000o\000s}{chapter.20}% 344
\BOOKMARK [2][-]{subsection.20.4.1}{\376\377\000F\000u\000n\000c\000i\000\363\000n\000\040\000d\000e\000\040\000L\000o\000g\000-\000V\000e\000r\000o\000s\000i\000m\000i\000l\000i\000t\000u\000d\000\040\000P\000a\000r\000c\000i\000a\000l}{section.20.4}% 345
\BOOKMARK [2][-]{subsection.20.4.2}{\376\377\000D\000e\000r\000i\000v\000a\000d\000a\000s\000\040\000P\000a\000r\000c\000i\000a\000l\000e\000s\000\040\000y\000\040\000M\000a\000x\000i\000m\000i\000z\000a\000c\000i\000\363\000n}{section.20.4}% 346
\BOOKMARK [1][-]{section.20.5}{\376\377\000I\000n\000t\000e\000r\000p\000r\000e\000t\000a\000c\000i\000\363\000n\000\040\000d\000e\000\040\000l\000o\000s\000\040\000C\000o\000e\000f\000i\000c\000i\000e\000n\000t\000e\000s}{chapter.20}% 347
\BOOKMARK [1][-]{section.20.6}{\376\377\000E\000v\000a\000l\000u\000a\000c\000i\000\363\000n\000\040\000d\000e\000l\000\040\000M\000o\000d\000e\000l\000o}{chapter.20}% 348
\BOOKMARK [2][-]{subsection.20.6.1}{\376\377\000R\000e\000s\000i\000d\000u\000o\000s\000\040\000d\000e\000\040\000S\000c\000h\000o\000e\000n\000f\000e\000l\000d}{section.20.6}% 349
\BOOKMARK [2][-]{subsection.20.6.2}{\376\377\000C\000u\000r\000v\000a\000s\000\040\000d\000e\000\040\000S\000u\000p\000e\000r\000v\000i\000v\000e\000n\000c\000i\000a\000\040\000A\000j\000u\000s\000t\000a\000d\000a\000s}{section.20.6}% 350
\BOOKMARK [1][-]{section.20.7}{\376\377\000E\000j\000e\000m\000p\000l\000o\000\040\000d\000e\000\040\000A\000p\000l\000i\000c\000a\000c\000i\000\363\000n\000\040\000d\000e\000l\000\040\000M\000o\000d\000e\000l\000o\000\040\000d\000e\000\040\000C\000o\000x}{chapter.20}% 351
\BOOKMARK [1][-]{section.20.8}{\376\377\000C\000o\000n\000c\000l\000u\000s\000i\000\363\000n}{chapter.20}% 352
\BOOKMARK [0][-]{chapter.21}{\376\377\000D\000i\000a\000g\000n\000\363\000s\000t\000i\000c\000o\000\040\000y\000\040\000V\000a\000l\000i\000d\000a\000c\000i\000\363\000n\000\040\000d\000e\000\040\000M\000o\000d\000e\000l\000o\000s\000\040\000d\000e\000\040\000C\000o\000x}{part.3}% 353
\BOOKMARK [1][-]{section.21.1}{\376\377\000I\000n\000t\000r\000o\000d\000u\000c\000c\000i\000\363\000n}{chapter.21}% 354
\BOOKMARK [1][-]{section.21.2}{\376\377\000S\000u\000p\000u\000e\000s\000t\000o\000\040\000d\000e\000\040\000P\000r\000o\000p\000o\000r\000c\000i\000o\000n\000a\000l\000i\000d\000a\000d\000\040\000d\000e\000\040\000R\000i\000e\000s\000g\000o\000s}{chapter.21}% 355
\BOOKMARK [2][-]{subsection.21.2.1}{\376\377\000R\000e\000s\000i\000d\000u\000o\000s\000\040\000d\000e\000\040\000S\000c\000h\000o\000e\000n\000f\000e\000l\000d}{section.21.2}% 356
\BOOKMARK [1][-]{section.21.3}{\376\377\000B\000o\000n\000d\000a\000d\000\040\000d\000e\000\040\000A\000j\000u\000s\000t\000e}{chapter.21}% 357
\BOOKMARK [2][-]{subsection.21.3.1}{\376\377\000C\000u\000r\000v\000a\000s\000\040\000d\000e\000\040\000S\000u\000p\000e\000r\000v\000i\000v\000e\000n\000c\000i\000a\000\040\000A\000j\000u\000s\000t\000a\000d\000a\000s}{section.21.3}% 358
\BOOKMARK [2][-]{subsection.21.3.2}{\376\377\000E\000s\000t\000a\000d\000\355\000s\000t\000i\000c\000a\000s\000\040\000d\000e\000\040\000A\000j\000u\000s\000t\000e\000\040\000G\000l\000o\000b\000a\000l}{section.21.3}% 359
\BOOKMARK [1][-]{section.21.4}{\376\377\000D\000i\000a\000g\000n\000\363\000s\000t\000i\000c\000o\000\040\000d\000e\000\040\000I\000n\000f\000l\000u\000e\000n\000c\000i\000a}{chapter.21}% 360
\BOOKMARK [2][-]{subsection.21.4.1}{\376\377\000R\000e\000s\000i\000d\000u\000o\000s\000\040\000d\000e\000\040\000D\000e\000v\000i\000a\000n\000c\000e}{section.21.4}% 361
\BOOKMARK [2][-]{subsection.21.4.2}{\376\377\000R\000e\000s\000i\000d\000u\000o\000s\000\040\000d\000e\000\040\000M\000a\000r\000t\000i\000n\000g\000a\000l\000a}{section.21.4}% 362
\BOOKMARK [1][-]{section.21.5}{\376\377\000E\000j\000e\000m\000p\000l\000o\000\040\000d\000e\000\040\000D\000i\000a\000g\000n\000\363\000s\000t\000i\000c\000o}{chapter.21}% 363
\BOOKMARK [1][-]{section.21.6}{\376\377\000C\000o\000n\000c\000l\000u\000s\000i\000\363\000n}{chapter.21}% 364
\BOOKMARK [0][-]{chapter.22}{\376\377\000M\000o\000d\000e\000l\000o\000s\000\040\000A\000c\000e\000l\000e\000r\000a\000d\000o\000s\000\040\000d\000e\000\040\000F\000a\000l\000l\000o\000s}{part.3}% 365
\BOOKMARK [1][-]{section.22.1}{\376\377\000I\000n\000t\000r\000o\000d\000u\000c\000c\000i\000\363\000n}{chapter.22}% 366
\BOOKMARK [1][-]{section.22.2}{\376\377\000D\000e\000f\000i\000n\000i\000c\000i\000\363\000n\000\040\000d\000e\000l\000\040\000M\000o\000d\000e\000l\000o\000\040\000A\000F\000T}{chapter.22}% 367
\BOOKMARK [2][-]{subsection.22.2.1}{\376\377\000T\000r\000a\000n\000s\000f\000o\000r\000m\000a\000c\000i\000\363\000n\000\040\000L\000o\000g\000a\000r\000\355\000t\000m\000i\000c\000a}{section.22.2}% 368
\BOOKMARK [1][-]{section.22.3}{\376\377\000E\000s\000t\000i\000m\000a\000c\000i\000\363\000n\000\040\000d\000e\000\040\000l\000o\000s\000\040\000P\000a\000r\000\341\000m\000e\000t\000r\000o\000s}{chapter.22}% 369
\BOOKMARK [2][-]{subsection.22.3.1}{\376\377\000F\000u\000n\000c\000i\000\363\000n\000\040\000d\000e\000\040\000L\000o\000g\000-\000V\000e\000r\000o\000s\000i\000m\000i\000l\000i\000t\000u\000d}{section.22.3}% 370
\BOOKMARK [2][-]{subsection.22.3.2}{\376\377\000M\000a\000x\000i\000m\000i\000z\000a\000c\000i\000\363\000n\000\040\000d\000e\000\040\000l\000a\000\040\000V\000e\000r\000o\000s\000i\000m\000i\000l\000i\000t\000u\000d}{section.22.3}% 371
\BOOKMARK [1][-]{section.22.4}{\376\377\000D\000i\000s\000t\000r\000i\000b\000u\000c\000i\000o\000n\000e\000s\000\040\000C\000o\000m\000u\000n\000e\000s\000\040\000e\000n\000\040\000M\000o\000d\000e\000l\000o\000s\000\040\000A\000F\000T}{chapter.22}% 372
\BOOKMARK [2][-]{subsection.22.4.1}{\376\377\000M\000o\000d\000e\000l\000o\000\040\000E\000x\000p\000o\000n\000e\000n\000c\000i\000a\000l\000\040\000A\000F\000T}{section.22.4}% 373
\BOOKMARK [2][-]{subsection.22.4.2}{\376\377\000M\000o\000d\000e\000l\000o\000\040\000W\000e\000i\000b\000u\000l\000l\000\040\000A\000F\000T}{section.22.4}% 374
\BOOKMARK [1][-]{section.22.5}{\376\377\000I\000n\000t\000e\000r\000p\000r\000e\000t\000a\000c\000i\000\363\000n\000\040\000d\000e\000\040\000l\000o\000s\000\040\000C\000o\000e\000f\000i\000c\000i\000e\000n\000t\000e\000s}{chapter.22}% 375
\BOOKMARK [1][-]{section.22.6}{\376\377\000E\000j\000e\000m\000p\000l\000o\000\040\000d\000e\000\040\000A\000p\000l\000i\000c\000a\000c\000i\000\363\000n\000\040\000d\000e\000l\000\040\000M\000o\000d\000e\000l\000o\000\040\000A\000F\000T}{chapter.22}% 376
\BOOKMARK [1][-]{section.22.7}{\376\377\000C\000o\000n\000c\000l\000u\000s\000i\000\363\000n}{chapter.22}% 377
\BOOKMARK [0][-]{chapter.23}{\376\377\000A\000n\000\341\000l\000i\000s\000i\000s\000\040\000M\000u\000l\000t\000i\000v\000a\000r\000i\000a\000d\000o\000\040\000d\000e\000\040\000S\000u\000p\000e\000r\000v\000i\000v\000e\000n\000c\000i\000a}{part.3}% 378
\BOOKMARK [1][-]{section.23.1}{\376\377\000I\000n\000t\000r\000o\000d\000u\000c\000c\000i\000\363\000n}{chapter.23}% 379
\BOOKMARK [1][-]{section.23.2}{\376\377\000M\000o\000d\000e\000l\000o\000\040\000d\000e\000\040\000C\000o\000x\000\040\000M\000u\000l\000t\000i\000v\000a\000r\000i\000a\000d\000o}{chapter.23}% 380
\BOOKMARK [2][-]{subsection.23.2.1}{\376\377\000E\000s\000t\000i\000m\000a\000c\000i\000\363\000n\000\040\000d\000e\000\040\000l\000o\000s\000\040\000P\000a\000r\000\341\000m\000e\000t\000r\000o\000s}{section.23.2}% 381
\BOOKMARK [1][-]{section.23.3}{\376\377\000M\000o\000d\000e\000l\000o\000\040\000A\000F\000T\000\040\000M\000u\000l\000t\000i\000v\000a\000r\000i\000a\000d\000o}{chapter.23}% 382
\BOOKMARK [2][-]{subsection.23.3.1}{\376\377\000E\000s\000t\000i\000m\000a\000c\000i\000\363\000n\000\040\000d\000e\000\040\000l\000o\000s\000\040\000P\000a\000r\000\341\000m\000e\000t\000r\000o\000s}{section.23.3}% 383
\BOOKMARK [1][-]{section.23.4}{\376\377\000I\000n\000t\000e\000r\000a\000c\000c\000i\000\363\000n\000\040\000y\000\040\000E\000f\000e\000c\000t\000o\000s\000\040\000N\000o\000\040\000L\000i\000n\000e\000a\000l\000e\000s}{chapter.23}% 384
\BOOKMARK [2][-]{subsection.23.4.1}{\376\377\000I\000n\000t\000e\000r\000a\000c\000c\000i\000o\000n\000e\000s}{section.23.4}% 385
\BOOKMARK [2][-]{subsection.23.4.2}{\376\377\000E\000f\000e\000c\000t\000o\000s\000\040\000N\000o\000\040\000L\000i\000n\000e\000a\000l\000e\000s}{section.23.4}% 386
\BOOKMARK [1][-]{section.23.5}{\376\377\000S\000e\000l\000e\000c\000c\000i\000\363\000n\000\040\000d\000e\000\040\000V\000a\000r\000i\000a\000b\000l\000e\000s}{chapter.23}% 387
\BOOKMARK [2][-]{subsection.23.5.1}{\376\377\000R\000e\000g\000r\000e\000s\000i\000\363\000n\000\040\000H\000a\000c\000i\000a\000\040\000A\000t\000r\000\341\000s}{section.23.5}% 388
\BOOKMARK [2][-]{subsection.23.5.2}{\376\377\000R\000e\000g\000r\000e\000s\000i\000\363\000n\000\040\000H\000a\000c\000i\000a\000\040\000A\000d\000e\000l\000a\000n\000t\000e}{section.23.5}% 389
\BOOKMARK [2][-]{subsection.23.5.3}{\376\377\000C\000r\000i\000t\000e\000r\000i\000o\000s\000\040\000d\000e\000\040\000I\000n\000f\000o\000r\000m\000a\000c\000i\000\363\000n}{section.23.5}% 390
\BOOKMARK [1][-]{section.23.6}{\376\377\000E\000j\000e\000m\000p\000l\000o\000\040\000d\000e\000\040\000A\000n\000\341\000l\000i\000s\000i\000s\000\040\000M\000u\000l\000t\000i\000v\000a\000r\000i\000a\000d\000o}{chapter.23}% 391
\BOOKMARK [1][-]{section.23.7}{\376\377\000C\000o\000n\000c\000l\000u\000s\000i\000\363\000n}{chapter.23}% 392
\BOOKMARK [0][-]{chapter.24}{\376\377\000S\000u\000p\000e\000r\000v\000i\000v\000e\000n\000c\000i\000a\000\040\000e\000n\000\040\000D\000a\000t\000o\000s\000\040\000C\000o\000m\000p\000l\000i\000c\000a\000d\000o\000s}{part.3}% 393
\BOOKMARK [1][-]{section.24.1}{\376\377\000I\000n\000t\000r\000o\000d\000u\000c\000c\000i\000\363\000n}{chapter.24}% 394
\BOOKMARK [1][-]{section.24.2}{\376\377\000C\000e\000n\000s\000u\000r\000a\000\040\000p\000o\000r\000\040\000I\000n\000t\000e\000r\000v\000a\000l\000o}{chapter.24}% 395
\BOOKMARK [2][-]{subsection.24.2.1}{\376\377\000M\000o\000d\000e\000l\000o\000\040\000p\000a\000r\000a\000\040\000D\000a\000t\000o\000s\000\040\000C\000e\000n\000s\000u\000r\000a\000d\000o\000s\000\040\000p\000o\000r\000\040\000I\000n\000t\000e\000r\000v\000a\000l\000o}{section.24.2}% 396
\BOOKMARK [1][-]{section.24.3}{\376\377\000D\000a\000t\000o\000s\000\040\000T\000r\000u\000n\000c\000a\000d\000o\000s}{chapter.24}% 397
\BOOKMARK [2][-]{subsection.24.3.1}{\376\377\000M\000o\000d\000e\000l\000o\000\040\000p\000a\000r\000a\000\040\000D\000a\000t\000o\000s\000\040\000T\000r\000u\000n\000c\000a\000d\000o\000s}{section.24.3}% 398
\BOOKMARK [1][-]{section.24.4}{\376\377\000A\000n\000\341\000l\000i\000s\000i\000s\000\040\000d\000e\000\040\000C\000o\000m\000p\000e\000t\000i\000n\000g\000\040\000R\000i\000s\000k\000s}{chapter.24}% 399
\BOOKMARK [2][-]{subsection.24.4.1}{\376\377\000M\000o\000d\000e\000l\000o\000\040\000d\000e\000\040\000C\000o\000m\000p\000e\000t\000i\000n\000g\000\040\000R\000i\000s\000k\000s}{section.24.4}% 400
\BOOKMARK [1][-]{section.24.5}{\376\377\000M\000\351\000t\000o\000d\000o\000s\000\040\000d\000e\000\040\000I\000m\000p\000u\000t\000a\000c\000i\000\363\000n}{chapter.24}% 401
\BOOKMARK [2][-]{subsection.24.5.1}{\376\377\000I\000m\000p\000u\000t\000a\000c\000i\000\363\000n\000\040\000M\000\372\000l\000t\000i\000p\000l\000e}{section.24.5}% 402
\BOOKMARK [1][-]{section.24.6}{\376\377\000E\000j\000e\000m\000p\000l\000o\000\040\000d\000e\000\040\000A\000n\000\341\000l\000i\000s\000i\000s\000\040\000c\000o\000n\000\040\000D\000a\000t\000o\000s\000\040\000C\000o\000m\000p\000l\000i\000c\000a\000d\000o\000s}{chapter.24}% 403
\BOOKMARK [1][-]{section.24.7}{\376\377\000C\000o\000n\000c\000l\000u\000s\000i\000\363\000n}{chapter.24}% 404
\BOOKMARK [0][-]{chapter.25}{\376\377\000P\000r\000o\000y\000e\000c\000t\000o\000\040\000F\000i\000n\000a\000l\000\040\000y\000\040\000R\000e\000v\000i\000s\000i\000\363\000n}{part.3}% 405
\BOOKMARK [1][-]{section.25.1}{\376\377\000I\000n\000t\000r\000o\000d\000u\000c\000c\000i\000\363\000n}{chapter.25}% 406
\BOOKMARK [1][-]{section.25.2}{\376\377\000D\000e\000s\000a\000r\000r\000o\000l\000l\000o\000\040\000d\000e\000l\000\040\000P\000r\000o\000y\000e\000c\000t\000o}{chapter.25}% 407
\BOOKMARK [1][-]{section.25.3}{\376\377\000R\000e\000v\000i\000s\000i\000\363\000n\000\040\000d\000e\000\040\000C\000o\000n\000c\000e\000p\000t\000o\000s\000\040\000C\000l\000a\000v\000e}{chapter.25}% 408
\BOOKMARK [1][-]{section.25.4}{\376\377\000E\000j\000e\000m\000p\000l\000o\000\040\000d\000e\000\040\000P\000r\000o\000y\000e\000c\000t\000o\000\040\000F\000i\000n\000a\000l}{chapter.25}% 409
\BOOKMARK [2][-]{subsection.25.4.1}{\376\377\000D\000e\000f\000i\000n\000i\000c\000i\000\363\000n\000\040\000d\000e\000l\000\040\000P\000r\000o\000b\000l\000e\000m\000a}{section.25.4}% 410
\BOOKMARK [2][-]{subsection.25.4.2}{\376\377\000D\000e\000s\000c\000r\000i\000p\000c\000i\000\363\000n\000\040\000d\000e\000\040\000l\000o\000s\000\040\000D\000a\000t\000o\000s}{section.25.4}% 411
\BOOKMARK [2][-]{subsection.25.4.3}{\376\377\000A\000n\000\341\000l\000i\000s\000i\000s\000\040\000E\000x\000p\000l\000o\000r\000a\000t\000o\000r\000i\000o}{section.25.4}% 412
\BOOKMARK [2][-]{subsection.25.4.4}{\376\377\000A\000j\000u\000s\000t\000e\000\040\000d\000e\000l\000\040\000M\000o\000d\000e\000l\000o}{section.25.4}% 413
\BOOKMARK [2][-]{subsection.25.4.5}{\376\377\000D\000i\000a\000g\000n\000\363\000s\000t\000i\000c\000o\000\040\000d\000e\000l\000\040\000M\000o\000d\000e\000l\000o}{section.25.4}% 414
\BOOKMARK [2][-]{subsection.25.4.6}{\376\377\000I\000n\000t\000e\000r\000p\000r\000e\000t\000a\000c\000i\000\363\000n\000\040\000d\000e\000\040\000R\000e\000s\000u\000l\000t\000a\000d\000o\000s}{section.25.4}% 415
\BOOKMARK [2][-]{subsection.25.4.7}{\376\377\000C\000o\000n\000c\000l\000u\000s\000i\000o\000n\000e\000s}{section.25.4}% 416
\BOOKMARK [1][-]{section.25.5}{\376\377\000C\000o\000n\000c\000l\000u\000s\000i\000\363\000n}{chapter.25}% 417
\BOOKMARK [-1][-]{part.4}{\376\377\000I\000V\000\040\000T\000E\000R\000C\000E\000R\000A\000\040\000P\000A\000R\000T\000E\000:\000\040\000T\000E\000M\000A\000S\000\040\000S\000E\000L\000E\000C\000T\000O\000S}{}% 418
\BOOKMARK [0][-]{chapter.26}{\376\377\000P\000r\000o\000b\000a\000b\000i\000l\000i\000d\000a\000d\000\040\000A\000v\000a\000n\000z\000a\000d\000a}{part.4}% 419
\BOOKMARK [0][-]{chapter.27}{\376\377\000P\000o\000l\000l\000i\000n\000g\000\040\000S\000y\000s\000t\000e\000m\000s}{part.4}% 420
\BOOKMARK [1][-]{section.27.1}{\376\377\000F\000u\000n\000c\000i\000\363\000n\000\040\000G\000e\000n\000e\000r\000a\000d\000o\000r\000a\000\040\000d\000e\000\040\000P\000r\000o\000b\000a\000b\000i\000l\000i\000d\000a\000d\000e\000s}{chapter.27}% 421
\BOOKMARK [1][-]{section.27.2}{\376\377\000E\000c\000u\000a\000c\000i\000o\000n\000e\000s\000\040\000C\000e\000n\000t\000r\000a\000l\000e\000s}{chapter.27}% 422
\BOOKMARK [1][-]{section.27.3}{\376\377\000R\000e\000d\000e\000s\000\040\000d\000e\000\040\000J\000a\000c\000k\000s\000o\000n}{chapter.27}% 423
\BOOKMARK [0][-]{chapter.28}{\376\377\000C\000a\000d\000e\000n\000a\000s\000\040\000d\000e\000\040\000M\000a\000r\000k\000o\000v}{part.4}% 424
\BOOKMARK [0][-]{chapter.29}{\376\377\000P\000r\000o\000c\000e\000s\000o\000s\000\040\000E\000s\000t\000o\000c\000a\000s\000t\000i\000c\000o\000s}{part.4}% 425
\BOOKMARK [1][-]{section.29.1}{\376\377\000P\000r\000o\000c\000e\000s\000o\000s\000\040\000E\000s\000t\000o\000c\000\341\000s\000t\000i\000c\000o\000s\000:\000\040\000I\000n\000t\000r\000o\000d\000u\000c\000c\000i\000\363\000n}{chapter.29}% 426
\BOOKMARK [1][-]{section.29.2}{\376\377\000C\000l\000a\000s\000i\000f\000i\000c\000a\000c\000i\000\363\000n\000\040\000d\000e\000\040\000E\000s\000t\000a\000d\000o\000s}{chapter.29}% 427
\BOOKMARK [1][-]{section.29.3}{\376\377\000P\000r\000o\000c\000e\000s\000o\000s\000\040\000R\000e\000g\000e\000n\000e\000r\000a\000t\000i\000v\000o\000s\000\040\000E\000s\000t\000a\000c\000i\000o\000n\000a\000r\000i\000o\000s\000:\000\040\000V\000i\000s\000i\000\363\000n\000\040\000c\000l\000\341\000s\000i\000c\000a}{chapter.29}% 428
\BOOKMARK [2][-]{subsection.29.3.1}{\376\377\000T\000e\000o\000r\000e\000m\000a\000\040\000P\000r\000i\000n\000c\000i\000p\000a\000l\000\040\000d\000e\000\040\000R\000e\000n\000o\000v\000a\000c\000i\000\363\000n}{section.29.3}% 429
\BOOKMARK [2][-]{subsection.29.3.2}{\376\377\000P\000r\000o\000p\000i\000e\000d\000a\000d\000e\000s\000\040\000d\000e\000\040\000l\000o\000s\000\040\000P\000r\000o\000c\000e\000s\000o\000s\000\040\000d\000e\000\040\000R\000e\000n\000o\000v\000a\000c\000i\000\363\000n}{section.29.3}% 430
\BOOKMARK [2][-]{subsection.29.3.3}{\376\377\000F\000u\000n\000c\000i\000\363\000n\000\040\000d\000e\000\040\000R\000e\000n\000o\000v\000a\000c\000i\000\363\000n}{section.29.3}% 431
\BOOKMARK [2][-]{subsection.29.3.4}{\376\377\000P\000r\000o\000c\000e\000s\000o\000s\000\040\000d\000e\000\040\000R\000e\000n\000o\000v\000a\000c\000i\000\363\000n}{section.29.3}% 432
\BOOKMARK [2][-]{subsection.29.3.5}{\376\377\000R\000e\000n\000e\000w\000a\000l\000\040\000a\000n\000d\000\040\000R\000e\000g\000e\000n\000e\000r\000a\000t\000i\000v\000e\000\040\000P\000r\000o\000c\000e\000s\000s\000e\000s\000:\000\040\000S\000e\000r\000f\000o\000z\000o\000S\000e\000r\000f\000o\000z\000o}{section.29.3}% 433
\BOOKMARK [2][-]{subsection.29.3.6}{\376\377\000P\000r\000o\000c\000e\000s\000o\000s\000\040\000R\000e\000g\000e\000n\000e\000r\000a\000t\000i\000v\000o\000s\000\040\000S\000i\000g\000m\000a\000n\000,\000\040\000T\000h\000o\000r\000i\000s\000s\000o\000n\000\040\000y\000\040\000W\000o\000l\000f\000f\000\040\000S\000i\000g\000m\000a\000n\0002}{section.29.3}% 434
\BOOKMARK [2][-]{subsection.29.3.7}{\376\377\000P\000r\000o\000c\000e\000s\000o\000s\000\040\000R\000e\000g\000e\000n\000e\000r\000a\000t\000i\000v\000o\000s}{section.29.3}% 435
\BOOKMARK [2][-]{subsection.29.3.8}{\376\377\000P\000r\000o\000c\000e\000s\000o\000s\000\040\000R\000e\000g\000e\000n\000e\000r\000a\000t\000i\000v\000o\000s\000\040\000E\000s\000t\000a\000c\000i\000o\000n\000a\000r\000i\000o\000s\000\040\000-\000\040\000S\000t\000i\000d\000h\000a\000m\000\040\000S\000t\000i\000d\000h\000a\000m}{section.29.3}% 436
\BOOKMARK [2][-]{subsection.29.3.9}{\376\377\000P\000r\000o\000c\000e\000s\000o\000s\000\040\000R\000e\000g\000e\000n\000e\000r\000a\000t\000i\000v\000o\000s}{section.29.3}% 437
\BOOKMARK [1][-]{section.29.4}{\376\377\000P\000r\000o\000c\000e\000s\000o\000s\000\040\000R\000e\000g\000e\000n\000e\000r\000a\000t\000i\000v\000o\000s\000:\000\040\000T\000h\000o\000r\000i\000s\000s\000o\000n}{chapter.29}% 438
\BOOKMARK [1][-]{section.29.5}{\376\377\000D\000e\000f\000i\000n\000i\000c\000i\000o\000n\000e\000s\000\040\000B\000\341\000s\000i\000c\000a\000s}{chapter.29}% 439
\BOOKMARK [2][-]{subsection.29.5.1}{\376\377\000E\000s\000t\000a\000b\000i\000l\000i\000d\000a\000d}{section.29.5}% 440
\BOOKMARK [0][-]{chapter.30}{\376\377\000P\000r\000o\000c\000e\000s\000o\000s\000\040\000R\000e\000g\000e\000n\000e\000r\000a\000t\000i\000v\000o\000s}{part.4}% 441
\BOOKMARK [1][-]{section.30.1}{\376\377\000P\000r\000o\000c\000e\000s\000o\000s\000\040\000R\000e\000g\000e\000n\000e\000r\000a\000t\000i\000v\000o\000s}{chapter.30}% 442
\BOOKMARK [2][-]{subsection.30.1.1}{\376\377\000P\000r\000o\000c\000e\000s\000o\000s\000\040\000R\000e\000g\000e\000n\000e\000r\000a\000t\000i\000v\000o\000s\000\040\000E\000s\000t\000a\000c\000i\000o\000n\000a\000r\000i\000o\000s\000\040\000-\000\040\000S\000t\000i\000d\000h\000a\000m\000\040\000S\000t\000i\000d\000h\000a\000m}{section.30.1}% 443
\BOOKMARK [2][-]{subsection.30.1.2}{\376\377\000P\000r\000o\000c\000e\000s\000o\000s\000\040\000d\000e\000\040\000R\000e\000n\000o\000v\000a\000c\000i\000\363\000n}{section.30.1}% 444
\BOOKMARK [2][-]{subsection.30.1.3}{\376\377\000T\000e\000o\000r\000e\000m\000a\000\040\000P\000r\000i\000n\000c\000i\000p\000a\000l\000\040\000d\000e\000\040\000R\000e\000n\000o\000v\000a\000c\000i\000\363\000n}{section.30.1}% 445
\BOOKMARK [2][-]{subsection.30.1.4}{\376\377\000P\000r\000o\000p\000i\000e\000d\000a\000d\000e\000s\000\040\000d\000e\000\040\000l\000o\000s\000\040\000P\000r\000o\000c\000e\000s\000o\000s\000\040\000d\000e\000\040\000R\000e\000n\000o\000v\000a\000c\000i\000\363\000n}{section.30.1}% 446
\BOOKMARK [2][-]{subsection.30.1.5}{\376\377\000P\000r\000o\000p\000i\000e\000d\000a\000d\000e\000s\000\040\000d\000e\000\040\000l\000o\000s\000\040\000P\000r\000o\000c\000e\000s\000o\000s\000\040\000d\000e\000\040\000R\000e\000n\000o\000v\000a\000c\000i\000\363\000n}{section.30.1}% 447
\BOOKMARK [2][-]{subsection.30.1.6}{\376\377\000P\000r\000o\000p\000i\000e\000d\000a\000d\000e\000s\000\040\000d\000e\000\040\000l\000o\000s\000\040\000P\000r\000o\000c\000e\000s\000o\000s\000\040\000d\000e\000\040\000R\000e\000n\000o\000v\000a\000c\000i\000\363\000n}{section.30.1}% 448
\BOOKMARK [2][-]{subsection.30.1.7}{\376\377\000P\000r\000o\000p\000i\000e\000d\000a\000d\000e\000s\000\040\000d\000e\000\040\000l\000o\000s\000\040\000P\000r\000o\000c\000e\000s\000o\000s\000\040\000d\000e\000\040\000R\000e\000n\000o\000v\000a\000c\000i\000\363\000n}{section.30.1}% 449
\BOOKMARK [2][-]{subsection.30.1.8}{\376\377\000P\000r\000o\000p\000i\000e\000d\000a\000d\000e\000s\000\040\000d\000e\000\040\000l\000o\000s\000\040\000P\000r\000o\000c\000e\000s\000o\000s\000\040\000d\000e\000\040\000R\000e\000n\000o\000v\000a\000c\000i\000\363\000n}{section.30.1}% 450
\BOOKMARK [2][-]{subsection.30.1.9}{\376\377\000F\000u\000n\000c\000i\000\363\000n\000\040\000d\000e\000\040\000R\000e\000n\000o\000v\000a\000c\000i\000\363\000n}{section.30.1}% 451
\BOOKMARK [2][-]{subsection.30.1.10}{\376\377\000F\000u\000n\000c\000i\000\363\000n\000\040\000d\000e\000\040\000R\000e\000n\000o\000v\000a\000c\000i\000\363\000n}{section.30.1}% 452
\BOOKMARK [2][-]{subsection.30.1.11}{\376\377\000P\000r\000o\000c\000e\000s\000o\000s\000\040\000d\000e\000\040\000R\000e\000n\000o\000v\000a\000c\000i\000\363\000n}{section.30.1}% 453
\BOOKMARK [2][-]{subsection.30.1.12}{\376\377\000R\000e\000n\000e\000w\000a\000l\000\040\000a\000n\000d\000\040\000R\000e\000g\000e\000n\000e\000r\000a\000t\000i\000v\000e\000\040\000P\000r\000o\000c\000e\000s\000s\000e\000s\000:\000\040\000S\000e\000r\000f\000o\000z\000o\000S\000e\000r\000f\000o\000z\000o}{section.30.1}% 454
\BOOKMARK [2][-]{subsection.30.1.13}{\376\377\000P\000r\000o\000c\000e\000s\000o\000s\000\040\000R\000e\000g\000e\000n\000e\000r\000a\000t\000i\000v\000o\000s}{section.30.1}% 455
\BOOKMARK [2][-]{subsection.30.1.14}{\376\377\000P\000r\000o\000c\000e\000s\000o\000s\000\040\000R\000e\000g\000e\000n\000e\000r\000a\000t\000i\000v\000o\000s}{section.30.1}% 456
\BOOKMARK [2][-]{subsection.30.1.15}{\376\377\000P\000r\000o\000c\000e\000s\000o\000s\000\040\000R\000e\000g\000e\000n\000e\000r\000a\000t\000i\000v\000o\000s\000\040\000E\000s\000t\000a\000c\000i\000o\000n\000a\000r\000i\000o\000s\000\040\000-\000\040\000S\000t\000i\000d\000h\000a\000m\000\040\000S\000t\000i\000d\000h\000a\000m}{section.30.1}% 457
\BOOKMARK [2][-]{subsection.30.1.16}{\376\377\000P\000r\000o\000c\000e\000s\000o\000s\000\040\000R\000e\000g\000e\000n\000e\000r\000a\000t\000i\000v\000o\000s\000\040\000E\000s\000t\000a\000c\000i\000o\000n\000a\000r\000i\000o\000s\000\040\000-\000\040\000S\000t\000i\000d\000h\000a\000m\000\040\000S\000t\000i\000d\000h\000a\000m}{section.30.1}% 458
\BOOKMARK [2][-]{subsection.30.1.17}{\376\377\000R\000e\000n\000e\000w\000a\000l\000\040\000a\000n\000d\000\040\000R\000e\000g\000e\000n\000e\000r\000a\000t\000i\000v\000e\000\040\000P\000r\000o\000c\000e\000s\000s\000e\000s\000:\000\040\000S\000e\000r\000f\000o\000z\000o\000S\000e\000r\000f\000o\000z\000o}{section.30.1}% 459
\BOOKMARK [2][-]{subsection.30.1.18}{\376\377\000P\000r\000o\000c\000e\000s\000o\000s\000\040\000R\000e\000g\000e\000n\000e\000r\000a\000t\000i\000v\000o\000s}{section.30.1}% 460
\BOOKMARK [2][-]{subsection.30.1.19}{\376\377\000P\000r\000o\000c\000e\000s\000o\000s\000\040\000R\000e\000g\000e\000n\000e\000r\000a\000t\000i\000v\000o\000s}{section.30.1}% 461
\BOOKMARK [2][-]{subsection.30.1.20}{\376\377\000P\000r\000o\000c\000e\000s\000o\000s\000\040\000R\000e\000g\000e\000n\000e\000r\000a\000t\000i\000v\000o\000s\000\040\000E\000s\000t\000a\000c\000i\000o\000n\000a\000r\000i\000o\000s\000\040\000-\000\040\000S\000t\000i\000d\000h\000a\000m\000\040\000S\000t\000i\000d\000h\000a\000m}{section.30.1}% 462
\BOOKMARK [2][-]{subsection.30.1.21}{\376\377\000P\000r\000o\000c\000e\000s\000o\000s\000\040\000R\000e\000g\000e\000n\000e\000r\000a\000t\000i\000v\000o\000s\000\040\000E\000s\000t\000a\000c\000i\000o\000n\000a\000r\000i\000o\000s\000\040\000-\000\040\000S\000t\000i\000d\000h\000a\000m\000\040\000S\000t\000i\000d\000h\000a\000m}{section.30.1}% 463
\BOOKMARK [2][-]{subsection.30.1.22}{\376\377\000P\000r\000o\000p\000i\000e\000d\000a\000d\000e\000s\000\040\000d\000e\000\040\000l\000o\000s\000\040\000P\000r\000o\000c\000e\000s\000o\000s\000\040\000d\000e\000\040\000R\000e\000n\000o\000v\000a\000c\000i\000\363\000n}{section.30.1}% 464
\BOOKMARK [2][-]{subsection.30.1.23}{\376\377\000P\000r\000o\000p\000i\000e\000d\000a\000d\000e\000s\000\040\000d\000e\000\040\000l\000o\000s\000\040\000P\000r\000o\000c\000e\000s\000o\000s\000\040\000d\000e\000\040\000R\000e\000n\000o\000v\000a\000c\000i\000\363\000n}{section.30.1}% 465
\BOOKMARK [2][-]{subsection.30.1.24}{\376\377\000P\000r\000o\000p\000i\000e\000d\000a\000d\000e\000s\000\040\000d\000e\000\040\000l\000o\000s\000\040\000P\000r\000o\000c\000e\000s\000o\000s\000\040\000d\000e\000\040\000R\000e\000n\000o\000v\000a\000c\000i\000\363\000n}{section.30.1}% 466
\BOOKMARK [2][-]{subsection.30.1.25}{\376\377\000P\000r\000o\000p\000i\000e\000d\000a\000d\000e\000s\000\040\000d\000e\000\040\000l\000o\000s\000\040\000P\000r\000o\000c\000e\000s\000o\000s\000\040\000d\000e\000\040\000R\000e\000n\000o\000v\000a\000c\000i\000\363\000n}{section.30.1}% 467
\BOOKMARK [2][-]{subsection.30.1.26}{\376\377\000P\000r\000o\000c\000e\000s\000o\000s\000\040\000R\000e\000g\000e\000n\000e\000r\000a\000t\000i\000v\000o\000s\000\040\000E\000s\000t\000a\000c\000i\000o\000n\000a\000r\000i\000o\000s\000\040\000-\000\040\000S\000t\000i\000d\000h\000a\000m\000\040\000S\000t\000i\000d\000h\000a\000m}{section.30.1}% 468
\BOOKMARK [2][-]{subsection.30.1.27}{\376\377\000P\000r\000o\000c\000e\000s\000o\000s\000\040\000d\000e\000\040\000R\000e\000n\000o\000v\000a\000c\000i\000\363\000n}{section.30.1}% 469
\BOOKMARK [2][-]{subsection.30.1.28}{\376\377\000T\000e\000o\000r\000e\000m\000a\000\040\000P\000r\000i\000n\000c\000i\000p\000a\000l\000\040\000d\000e\000\040\000R\000e\000n\000o\000v\000a\000c\000i\000\363\000n}{section.30.1}% 470
\BOOKMARK [2][-]{subsection.30.1.29}{\376\377\000F\000u\000n\000c\000i\000\363\000n\000\040\000d\000e\000\040\000R\000e\000n\000o\000v\000a\000c\000i\000\363\000n}{section.30.1}% 471
\BOOKMARK [2][-]{subsection.30.1.30}{\376\377\000P\000r\000o\000p\000i\000e\000d\000a\000d\000e\000s\000\040\000d\000e\000\040\000l\000o\000s\000\040\000P\000r\000o\000c\000e\000s\000o\000s\000\040\000d\000e\000\040\000R\000e\000n\000o\000v\000a\000c\000i\000\363\000n}{section.30.1}% 472
\BOOKMARK [2][-]{subsection.30.1.31}{\376\377\000F\000u\000n\000c\000i\000\363\000n\000\040\000d\000e\000\040\000R\000e\000n\000o\000v\000a\000c\000i\000\363\000n}{section.30.1}% 473
\BOOKMARK [2][-]{subsection.30.1.32}{\376\377\000P\000r\000o\000c\000e\000s\000o\000s\000\040\000d\000e\000\040\000R\000e\000n\000o\000v\000a\000c\000i\000\363\000n}{section.30.1}% 474
\BOOKMARK [2][-]{subsection.30.1.33}{\376\377\000P\000u\000n\000t\000o\000s\000\040\000d\000e\000\040\000R\000e\000n\000o\000v\000a\000c\000i\000\363\000n}{section.30.1}% 475
\BOOKMARK [2][-]{subsection.30.1.34}{\376\377\000P\000r\000o\000c\000e\000s\000o\000s\000\040\000R\000e\000g\000e\000n\000e\000r\000a\000t\000i\000v\000o\000s}{section.30.1}% 476
\BOOKMARK [2][-]{subsection.30.1.35}{\376\377\000R\000e\000n\000e\000w\000a\000l\000\040\000a\000n\000d\000\040\000R\000e\000g\000e\000n\000e\000r\000a\000t\000i\000v\000e\000\040\000P\000r\000o\000c\000e\000s\000s\000e\000s\000:\000\040\000S\000e\000r\000f\000o\000z\000o\000S\000e\000r\000f\000o\000z\000o}{section.30.1}% 477
\BOOKMARK [2][-]{subsection.30.1.36}{\376\377\000P\000r\000o\000c\000e\000s\000o\000s\000\040\000R\000e\000g\000e\000n\000e\000r\000a\000t\000i\000v\000o\000s}{section.30.1}% 478
\BOOKMARK [2][-]{subsection.30.1.37}{\376\377\000P\000r\000o\000c\000e\000s\000o\000s\000\040\000R\000e\000g\000e\000n\000e\000r\000a\000t\000i\000v\000o\000s}{section.30.1}% 479
\BOOKMARK [2][-]{subsection.30.1.38}{\376\377\000P\000r\000o\000c\000e\000s\000o\000s\000\040\000R\000e\000g\000e\000n\000e\000r\000a\000t\000i\000v\000o\000s\000\040\000E\000s\000t\000a\000c\000i\000o\000n\000a\000r\000i\000o\000s\000\040\000-\000\040\000S\000t\000i\000d\000h\000a\000m\000\040\000S\000t\000i\000d\000h\000a\000m}{section.30.1}% 480
\BOOKMARK [2][-]{subsection.30.1.39}{\376\377\000P\000r\000o\000c\000e\000s\000o\000s\000\040\000R\000e\000g\000e\000n\000e\000r\000a\000t\000i\000v\000o\000s\000\040\000E\000s\000t\000a\000c\000i\000o\000n\000a\000r\000i\000o\000s\000\040\000-\000\040\000S\000t\000i\000d\000h\000a\000m\000\040\000S\000t\000i\000d\000h\000a\000m}{section.30.1}% 481
\BOOKMARK [2][-]{subsection.30.1.40}{\376\377\000P\000r\000o\000p\000i\000e\000d\000a\000d\000e\000s\000\040\000d\000e\000\040\000l\000o\000s\000\040\000P\000r\000o\000c\000e\000s\000o\000s\000\040\000d\000e\000\040\000R\000e\000n\000o\000v\000a\000c\000i\000\363\000n}{section.30.1}% 482
\BOOKMARK [2][-]{subsection.30.1.41}{\376\377\000P\000r\000o\000p\000i\000e\000d\000a\000d\000e\000s\000\040\000d\000e\000\040\000l\000o\000s\000\040\000P\000r\000o\000c\000e\000s\000o\000s\000\040\000d\000e\000\040\000R\000e\000n\000o\000v\000a\000c\000i\000\363\000n}{section.30.1}% 483
\BOOKMARK [2][-]{subsection.30.1.42}{\376\377\000P\000r\000o\000c\000e\000s\000o\000s\000\040\000R\000e\000g\000e\000n\000e\000r\000a\000t\000i\000v\000o\000s\000\040\000E\000s\000t\000a\000c\000i\000o\000n\000a\000r\000i\000o\000s\000\040\000-\000\040\000S\000t\000i\000d\000h\000a\000m\000\040\000S\000t\000i\000d\000h\000a\000m}{section.30.1}% 484
\BOOKMARK [2][-]{subsection.30.1.43}{\376\377\000P\000r\000o\000c\000e\000s\000o\000s\000\040\000d\000e\000\040\000R\000e\000n\000o\000v\000a\000c\000i\000\363\000n}{section.30.1}% 485
\BOOKMARK [2][-]{subsection.30.1.44}{\376\377\000T\000e\000o\000r\000e\000m\000a\000\040\000P\000r\000i\000n\000c\000i\000p\000a\000l\000\040\000d\000e\000\040\000R\000e\000n\000o\000v\000a\000c\000i\000\363\000n}{section.30.1}% 486
\BOOKMARK [2][-]{subsection.30.1.45}{\376\377\000F\000u\000n\000c\000i\000\363\000n\000\040\000d\000e\000\040\000R\000e\000n\000o\000v\000a\000c\000i\000\363\000n}{section.30.1}% 487
\BOOKMARK [2][-]{subsection.30.1.46}{\376\377\000P\000r\000o\000p\000i\000e\000d\000a\000d\000e\000s\000\040\000d\000e\000\040\000l\000o\000s\000\040\000P\000r\000o\000c\000e\000s\000o\000s\000\040\000d\000e\000\040\000R\000e\000n\000o\000v\000a\000c\000i\000\363\000n}{section.30.1}% 488
\BOOKMARK [2][-]{subsection.30.1.47}{\376\377\000F\000u\000n\000c\000i\000\363\000n\000\040\000d\000e\000\040\000R\000e\000n\000o\000v\000a\000c\000i\000\363\000n}{section.30.1}% 489
\BOOKMARK [2][-]{subsection.30.1.48}{\376\377\000P\000r\000o\000c\000e\000s\000o\000s\000\040\000d\000e\000\040\000R\000e\000n\000o\000v\000a\000c\000i\000\363\000n}{section.30.1}% 490
\BOOKMARK [2][-]{subsection.30.1.49}{\376\377\000P\000u\000n\000t\000o\000s\000\040\000d\000e\000\040\000R\000e\000n\000o\000v\000a\000c\000i\000\363\000n}{section.30.1}% 491
\BOOKMARK [2][-]{subsection.30.1.50}{\376\377\000Y\000a\000\040\000r\000e\000v\000i\000s\000a\000d\000o}{section.30.1}% 492
\BOOKMARK [2][-]{subsection.30.1.51}{\376\377\000P\000r\000o\000c\000e\000s\000o\000s\000\040\000d\000e\000\040\000R\000e\000n\000o\000v\000a\000c\000i\000\363\000n\000\040\000y\000\040\000R\000e\000g\000e\000n\000e\000r\000a\000t\000i\000v\000o\000s}{section.30.1}% 493
\BOOKMARK [2][-]{subsection.30.1.52}{\376\377\000T\000i\000e\000m\000p\000o\000\040\000d\000e\000\040\000C\000i\000c\000l\000o\000\040\000P\000r\000o\000m\000e\000d\000i\000o}{section.30.1}% 494
\BOOKMARK [2][-]{subsection.30.1.53}{\376\377\000T\000i\000e\000m\000p\000o\000s\000\040\000d\000e\000\040\000C\000i\000c\000l\000o\000\040\000e\000\040\000I\000n\000t\000e\000r\000v\000i\000s\000i\000t\000a}{section.30.1}% 495
\BOOKMARK [2][-]{subsection.30.1.54}{\376\377\000L\000o\000n\000g\000i\000t\000u\000d\000e\000s\000\040\000d\000e\000\040\000l\000a\000\040\000C\000o\000l\000a\000\040\000e\000n\000\040\000c\000u\000a\000l\000q\000u\000i\000e\000r\000\040\000t\000i\000e\000m\000p\000o}{section.30.1}% 496
\BOOKMARK [2][-]{subsection.30.1.55}{\376\377\000P\000o\000r\000\040\000r\000e\000s\000o\000l\000v\000e\000r}{section.30.1}% 497
\BOOKMARK [2][-]{subsection.30.1.56}{\376\377\000T\000i\000e\000m\000p\000o\000s\000\040\000d\000e\000\040\000C\000i\000c\000l\000o\000\040\000e\000\040\000I\000n\000t\000e\000r\000v\000i\000s\000i\000t\000a}{section.30.1}% 498
\BOOKMARK [2][-]{subsection.30.1.57}{\376\377\000L\000o\000n\000g\000i\000t\000u\000d\000e\000s\000\040\000d\000e\000\040\000l\000a\000\040\000C\000o\000l\000a\000\040\000e\000n\000\040\000c\000u\000a\000l\000q\000u\000i\000e\000r\000\040\000t\000i\000e\000m\000p\000o}{section.30.1}% 499
\BOOKMARK [2][-]{subsection.30.1.58}{\376\377\000M\000a\000t\000e\000r\000i\000a\000l\000\040\000p\000o\000r\000\040\000a\000g\000r\000e\000g\000a\000r}{section.30.1}% 500
\BOOKMARK [2][-]{subsection.30.1.59}{\376\377\000P\000r\000o\000c\000e\000s\000o\000s\000\040\000R\000e\000g\000e\000n\000e\000r\000a\000t\000i\000v\000o\000s\000\040\000S\000i\000g\000m\000a\000n\000,\000\040\000T\000h\000o\000r\000i\000s\000s\000o\000n\000\040\000y\000\040\000W\000o\000l\000f\000f\000\040\000S\000i\000g\000m\000a\000n\0001}{section.30.1}% 501
\BOOKMARK [2][-]{subsection.30.1.60}{\376\377\000R\000e\000n\000e\000w\000a\000l\000\040\000a\000n\000d\000\040\000R\000e\000g\000e\000n\000e\000r\000a\000t\000i\000v\000e\000\040\000P\000r\000o\000c\000e\000s\000s\000e\000s\000:\000\040\000S\000e\000r\000f\000o\000z\000o\000S\000e\000r\000f\000o\000z\000o}{section.30.1}% 502
\BOOKMARK [2][-]{subsection.30.1.61}{\376\377\000P\000r\000o\000c\000e\000s\000o\000s\000\040\000d\000e\000\040\000R\000e\000n\000o\000v\000a\000c\000i\000\363\000n}{section.30.1}% 503
\BOOKMARK [2][-]{subsection.30.1.62}{\376\377\000P\000r\000o\000c\000e\000s\000o\000s\000\040\000d\000e\000\040\000R\000e\000n\000o\000v\000a\000c\000i\000\363\000n}{section.30.1}% 504
\BOOKMARK [2][-]{subsection.30.1.63}{\376\377\000P\000r\000o\000c\000e\000s\000o\000s\000\040\000d\000e\000\040\000R\000e\000n\000o\000v\000a\000c\000i\000\363\000n}{section.30.1}% 505
\BOOKMARK [2][-]{subsection.30.1.64}{\376\377\000P\000r\000o\000c\000e\000s\000o\000s\000\040\000d\000e\000\040\000R\000e\000n\000o\000v\000a\000c\000i\000\363\000n}{section.30.1}% 506
\BOOKMARK [2][-]{subsection.30.1.65}{\376\377\000P\000r\000o\000c\000e\000s\000o\000s\000\040\000d\000e\000\040\000R\000e\000n\000o\000v\000a\000c\000i\000\363\000n}{section.30.1}% 507
\BOOKMARK [2][-]{subsection.30.1.66}{\376\377\000P\000r\000o\000c\000e\000s\000o\000s\000\040\000R\000e\000g\000e\000n\000e\000r\000a\000t\000i\000v\000o\000s\000\040\000E\000s\000t\000a\000c\000i\000o\000n\000a\000r\000i\000o\000s\000:\000\040\000V\000i\000s\000i\000\363\000n\000\040\000c\000l\000\341\000s\000i\000c\000a}{section.30.1}% 508
\BOOKMARK [2][-]{subsection.30.1.67}{\376\377\000T\000e\000o\000r\000e\000m\000a\000\040\000P\000r\000i\000n\000c\000i\000p\000a\000l\000\040\000d\000e\000\040\000R\000e\000n\000o\000v\000a\000c\000i\000\363\000n}{section.30.1}% 509
\BOOKMARK [2][-]{subsection.30.1.68}{\376\377\000P\000r\000o\000p\000i\000e\000d\000a\000d\000e\000s\000\040\000d\000e\000\040\000l\000o\000s\000\040\000P\000r\000o\000c\000e\000s\000o\000s\000\040\000d\000e\000\040\000R\000e\000n\000o\000v\000a\000c\000i\000\363\000n}{section.30.1}% 510
\BOOKMARK [2][-]{subsection.30.1.69}{\376\377\000F\000u\000n\000c\000i\000\363\000n\000\040\000d\000e\000\040\000R\000e\000n\000o\000v\000a\000c\000i\000\363\000n}{section.30.1}% 511
\BOOKMARK [2][-]{subsection.30.1.70}{\376\377\000P\000r\000o\000c\000e\000s\000o\000s\000\040\000d\000e\000\040\000R\000e\000n\000o\000v\000a\000c\000i\000\363\000n}{section.30.1}% 512
\BOOKMARK [2][-]{subsection.30.1.71}{\376\377\000R\000e\000n\000e\000w\000a\000l\000\040\000a\000n\000d\000\040\000R\000e\000g\000e\000n\000e\000r\000a\000t\000i\000v\000e\000\040\000P\000r\000o\000c\000e\000s\000s\000e\000s\000:\000\040\000S\000e\000r\000f\000o\000z\000o\000S\000e\000r\000f\000o\000z\000o}{section.30.1}% 513
\BOOKMARK [2][-]{subsection.30.1.72}{\376\377\000P\000r\000o\000c\000e\000s\000o\000s\000\040\000R\000e\000g\000e\000n\000e\000r\000a\000t\000i\000v\000o\000s\000\040\000S\000i\000g\000m\000a\000n\000,\000\040\000T\000h\000o\000r\000i\000s\000s\000o\000n\000\040\000y\000\040\000W\000o\000l\000f\000f\000\040\000S\000i\000g\000m\000a\000n\0002}{section.30.1}% 514
\BOOKMARK [2][-]{subsection.30.1.73}{\376\377\000P\000r\000o\000c\000e\000s\000o\000s\000\040\000R\000e\000g\000e\000n\000e\000r\000a\000t\000i\000v\000o\000s}{section.30.1}% 515
\BOOKMARK [2][-]{subsection.30.1.74}{\376\377\000P\000r\000o\000c\000e\000s\000o\000s\000\040\000R\000e\000g\000e\000n\000e\000r\000a\000t\000i\000v\000o\000s\000\040\000E\000s\000t\000a\000c\000i\000o\000n\000a\000r\000i\000o\000s\000\040\000-\000\040\000S\000t\000i\000d\000h\000a\000m\000\040\000S\000t\000i\000d\000h\000a\000m}{section.30.1}% 516
\BOOKMARK [2][-]{subsection.30.1.75}{\376\377\000P\000r\000o\000c\000e\000s\000o\000s\000\040\000R\000e\000g\000e\000n\000e\000r\000a\000t\000i\000v\000o\000s}{section.30.1}% 517
\BOOKMARK [2][-]{subsection.30.1.76}{\376\377\000P\000r\000o\000c\000e\000s\000o\000s\000\040\000R\000e\000g\000e\000n\000e\000r\000a\000t\000i\000v\000o\000s\000\040\000E\000s\000t\000a\000c\000i\000o\000n\000a\000r\000i\000o\000s\000:\000\040\000V\000i\000s\000i\000\363\000n\000\040\000c\000l\000\341\000s\000i\000c\000a}{section.30.1}% 518
\BOOKMARK [2][-]{subsection.30.1.77}{\376\377\000T\000e\000o\000r\000e\000m\000a\000\040\000P\000r\000i\000n\000c\000i\000p\000a\000l\000\040\000d\000e\000\040\000R\000e\000n\000o\000v\000a\000c\000i\000\363\000n}{section.30.1}% 519
\BOOKMARK [2][-]{subsection.30.1.78}{\376\377\000P\000r\000o\000p\000i\000e\000d\000a\000d\000e\000s\000\040\000d\000e\000\040\000l\000o\000s\000\040\000P\000r\000o\000c\000e\000s\000o\000s\000\040\000d\000e\000\040\000R\000e\000n\000o\000v\000a\000c\000i\000\363\000n}{section.30.1}% 520
\BOOKMARK [2][-]{subsection.30.1.79}{\376\377\000F\000u\000n\000c\000i\000\363\000n\000\040\000d\000e\000\040\000R\000e\000n\000o\000v\000a\000c\000i\000\363\000n}{section.30.1}% 521
\BOOKMARK [2][-]{subsection.30.1.80}{\376\377\000P\000r\000o\000c\000e\000s\000o\000s\000\040\000d\000e\000\040\000R\000e\000n\000o\000v\000a\000c\000i\000\363\000n}{section.30.1}% 522
\BOOKMARK [2][-]{subsection.30.1.81}{\376\377\000R\000e\000n\000e\000w\000a\000l\000\040\000a\000n\000d\000\040\000R\000e\000g\000e\000n\000e\000r\000a\000t\000i\000v\000e\000\040\000P\000r\000o\000c\000e\000s\000s\000e\000s\000:\000\040\000S\000e\000r\000f\000o\000z\000o\000S\000e\000r\000f\000o\000z\000o}{section.30.1}% 523
\BOOKMARK [2][-]{subsection.30.1.82}{\376\377\000P\000r\000o\000c\000e\000s\000o\000s\000\040\000R\000e\000g\000e\000n\000e\000r\000a\000t\000i\000v\000o\000s\000\040\000S\000i\000g\000m\000a\000n\000,\000\040\000T\000h\000o\000r\000i\000s\000s\000o\000n\000\040\000y\000\040\000W\000o\000l\000f\000f\000\040\000S\000i\000g\000m\000a\000n\0002}{section.30.1}% 524
\BOOKMARK [2][-]{subsection.30.1.83}{\376\377\000P\000r\000o\000c\000e\000s\000o\000s\000\040\000R\000e\000g\000e\000n\000e\000r\000a\000t\000i\000v\000o\000s}{section.30.1}% 525
\BOOKMARK [2][-]{subsection.30.1.84}{\376\377\000P\000r\000o\000c\000e\000s\000o\000s\000\040\000R\000e\000g\000e\000n\000e\000r\000a\000t\000i\000v\000o\000s\000\040\000E\000s\000t\000a\000c\000i\000o\000n\000a\000r\000i\000o\000s\000\040\000-\000\040\000S\000t\000i\000d\000h\000a\000m\000\040\000S\000t\000i\000d\000h\000a\000m}{section.30.1}% 526
\BOOKMARK [2][-]{subsection.30.1.85}{\376\377\000P\000r\000o\000c\000e\000s\000o\000s\000\040\000R\000e\000g\000e\000n\000e\000r\000a\000t\000i\000v\000o\000s}{section.30.1}% 527
\BOOKMARK [2][-]{subsection.30.1.86}{\376\377\000P\000r\000o\000c\000e\000s\000o\000s\000\040\000R\000e\000g\000e\000n\000e\000r\000a\000t\000i\000v\000o\000s\000\040\000S\000i\000g\000m\000a\000n\000,\000\040\000T\000h\000o\000r\000i\000s\000s\000o\000n\000\040\000y\000\040\000W\000o\000l\000f\000f\000\040\000S\000i\000g\000m\000a\000n\0002}{section.30.1}% 528
\BOOKMARK [2][-]{subsection.30.1.87}{\376\377\000P\000r\000o\000c\000e\000s\000o\000s\000\040\000R\000e\000g\000e\000n\000e\000r\000a\000t\000i\000v\000o\000s\000\040\000E\000s\000t\000a\000c\000i\000o\000n\000a\000r\000i\000o\000s\000\040\000-\000\040\000S\000t\000i\000d\000h\000a\000m\000\040\000S\000t\000i\000d\000h\000a\000m}{section.30.1}% 529
\BOOKMARK [2][-]{subsection.30.1.88}{\376\377\000P\000r\000o\000c\000e\000s\000o\000s\000\040\000d\000e\000\040\000R\000e\000n\000o\000v\000a\000c\000i\000\363\000n}{section.30.1}% 530
\BOOKMARK [2][-]{subsection.30.1.89}{\376\377\000T\000e\000o\000r\000e\000m\000a\000\040\000P\000r\000i\000n\000c\000i\000p\000a\000l\000\040\000d\000e\000\040\000R\000e\000n\000o\000v\000a\000c\000i\000\363\000n}{section.30.1}% 531
\BOOKMARK [2][-]{subsection.30.1.90}{\376\377\000P\000r\000o\000p\000i\000e\000d\000a\000d\000e\000s\000\040\000d\000e\000\040\000l\000o\000s\000\040\000P\000r\000o\000c\000e\000s\000o\000s\000\040\000d\000e\000\040\000R\000e\000n\000o\000v\000a\000c\000i\000\363\000n}{section.30.1}% 532
\BOOKMARK [2][-]{subsection.30.1.91}{\376\377\000F\000u\000n\000c\000i\000\363\000n\000\040\000d\000e\000\040\000R\000e\000n\000o\000v\000a\000c\000i\000\363\000n}{section.30.1}% 533
\BOOKMARK [2][-]{subsection.30.1.92}{\376\377\000R\000e\000n\000e\000w\000a\000l\000\040\000a\000n\000d\000\040\000R\000e\000g\000e\000n\000e\000r\000a\000t\000i\000v\000e\000\040\000P\000r\000o\000c\000e\000s\000s\000e\000s\000:\000\040\000S\000e\000r\000f\000o\000z\000o\000S\000e\000r\000f\000o\000z\000o}{section.30.1}% 534
\BOOKMARK [2][-]{subsection.30.1.93}{\376\377\000P\000r\000o\000c\000e\000s\000o\000s\000\040\000R\000e\000g\000e\000n\000e\000r\000a\000t\000i\000v\000o\000s}{section.30.1}% 535
\BOOKMARK [2][-]{subsection.30.1.94}{\376\377\000P\000u\000n\000t\000o\000s\000\040\000d\000e\000\040\000R\000e\000n\000o\000v\000a\000c\000i\000\363\000n}{section.30.1}% 536
\BOOKMARK [2][-]{subsection.30.1.95}{\376\377\000P\000r\000o\000c\000e\000s\000o\000s\000\040\000R\000e\000g\000e\000n\000e\000r\000a\000t\000i\000v\000o\000s}{section.30.1}% 537
\BOOKMARK [2][-]{subsection.30.1.96}{\376\377\000R\000e\000n\000e\000w\000a\000l\000\040\000a\000n\000d\000\040\000R\000e\000g\000e\000n\000e\000r\000a\000t\000i\000v\000e\000\040\000P\000r\000o\000c\000e\000s\000s\000e\000s\000:\000\040\000S\000e\000r\000f\000o\000z\000o\000S\000e\000r\000f\000o\000z\000o}{section.30.1}% 538
\BOOKMARK [2][-]{subsection.30.1.97}{\376\377\000P\000r\000o\000c\000e\000s\000o\000s\000\040\000R\000e\000g\000e\000n\000e\000r\000a\000t\000i\000v\000o\000s}{section.30.1}% 539
\BOOKMARK [2][-]{subsection.30.1.98}{\376\377\000P\000r\000o\000c\000e\000s\000o\000s\000\040\000R\000e\000g\000e\000n\000e\000r\000a\000t\000i\000v\000o\000s}{section.30.1}% 540
\BOOKMARK [2][-]{subsection.30.1.99}{\376\377\000P\000r\000o\000c\000e\000s\000o\000s\000\040\000R\000e\000g\000e\000n\000e\000r\000a\000t\000i\000v\000o\000s\000\040\000E\000s\000t\000a\000c\000i\000o\000n\000a\000r\000i\000o\000s\000\040\000-\000\040\000S\000t\000i\000d\000h\000a\000m\000\040\000S\000t\000i\000d\000h\000a\000m}{section.30.1}% 541
\BOOKMARK [2][-]{subsection.30.1.100}{\376\377\000P\000r\000o\000c\000e\000s\000o\000s\000\040\000R\000e\000g\000e\000n\000e\000r\000a\000t\000i\000v\000o\000s\000\040\000E\000s\000t\000a\000c\000i\000o\000n\000a\000r\000i\000o\000s\000\040\000-\000\040\000S\000t\000i\000d\000h\000a\000m\000\040\000S\000t\000i\000d\000h\000a\000m}{section.30.1}% 542
\BOOKMARK [2][-]{subsection.30.1.101}{\376\377\000P\000r\000o\000p\000i\000e\000d\000a\000d\000e\000s\000\040\000d\000e\000\040\000l\000o\000s\000\040\000P\000r\000o\000c\000e\000s\000o\000s\000\040\000d\000e\000\040\000R\000e\000n\000o\000v\000a\000c\000i\000\363\000n}{section.30.1}% 543
\BOOKMARK [2][-]{subsection.30.1.102}{\376\377\000P\000r\000o\000p\000i\000e\000d\000a\000d\000e\000s\000\040\000d\000e\000\040\000l\000o\000s\000\040\000P\000r\000o\000c\000e\000s\000o\000s\000\040\000d\000e\000\040\000R\000e\000n\000o\000v\000a\000c\000i\000\363\000n}{section.30.1}% 544
\BOOKMARK [2][-]{subsection.30.1.103}{\376\377\000P\000r\000o\000p\000i\000e\000d\000a\000d\000e\000s\000\040\000d\000e\000\040\000l\000o\000s\000\040\000P\000r\000o\000c\000e\000s\000o\000s\000\040\000d\000e\000\040\000R\000e\000n\000o\000v\000a\000c\000i\000\363\000n}{section.30.1}% 545
\BOOKMARK [2][-]{subsection.30.1.104}{\376\377\000P\000r\000o\000p\000i\000e\000d\000a\000d\000e\000s\000\040\000d\000e\000\040\000l\000o\000s\000\040\000P\000r\000o\000c\000e\000s\000o\000s\000\040\000d\000e\000\040\000R\000e\000n\000o\000v\000a\000c\000i\000\363\000n}{section.30.1}% 546
\BOOKMARK [2][-]{subsection.30.1.105}{\376\377\000P\000r\000o\000c\000e\000s\000o\000s\000\040\000R\000e\000g\000e\000n\000e\000r\000a\000t\000i\000v\000o\000s\000\040\000E\000s\000t\000a\000c\000i\000o\000n\000a\000r\000i\000o\000s\000\040\000-\000\040\000S\000t\000i\000d\000h\000a\000m\000\040\000S\000t\000i\000d\000h\000a\000m}{section.30.1}% 547
\BOOKMARK [2][-]{subsection.30.1.106}{\376\377\000P\000r\000o\000c\000e\000s\000o\000s\000\040\000d\000e\000\040\000R\000e\000n\000o\000v\000a\000c\000i\000\363\000n}{section.30.1}% 548
\BOOKMARK [2][-]{subsection.30.1.107}{\376\377\000T\000e\000o\000r\000e\000m\000a\000\040\000P\000r\000i\000n\000c\000i\000p\000a\000l\000\040\000d\000e\000\040\000R\000e\000n\000o\000v\000a\000c\000i\000\363\000n}{section.30.1}% 549
\BOOKMARK [2][-]{subsection.30.1.108}{\376\377\000F\000u\000n\000c\000i\000\363\000n\000\040\000d\000e\000\040\000R\000e\000n\000o\000v\000a\000c\000i\000\363\000n}{section.30.1}% 550
\BOOKMARK [2][-]{subsection.30.1.109}{\376\377\000P\000r\000o\000p\000i\000e\000d\000a\000d\000e\000s\000\040\000d\000e\000\040\000l\000o\000s\000\040\000P\000r\000o\000c\000e\000s\000o\000s\000\040\000d\000e\000\040\000R\000e\000n\000o\000v\000a\000c\000i\000\363\000n}{section.30.1}% 551
\BOOKMARK [2][-]{subsection.30.1.110}{\376\377\000F\000u\000n\000c\000i\000\363\000n\000\040\000d\000e\000\040\000R\000e\000n\000o\000v\000a\000c\000i\000\363\000n}{section.30.1}% 552
\BOOKMARK [2][-]{subsection.30.1.111}{\376\377\000P\000r\000o\000c\000e\000s\000o\000s\000\040\000d\000e\000\040\000R\000e\000n\000o\000v\000a\000c\000i\000\363\000n}{section.30.1}% 553
\BOOKMARK [2][-]{subsection.30.1.112}{\376\377\000P\000u\000n\000t\000o\000s\000\040\000d\000e\000\040\000R\000e\000n\000o\000v\000a\000c\000i\000\363\000n}{section.30.1}% 554
\BOOKMARK [2][-]{subsection.30.1.113}{\376\377\000P\000r\000o\000c\000e\000s\000o\000s\000\040\000R\000e\000g\000e\000n\000e\000r\000a\000t\000i\000v\000o\000s}{section.30.1}% 555
\BOOKMARK [2][-]{subsection.30.1.114}{\376\377\000R\000e\000n\000e\000w\000a\000l\000\040\000a\000n\000d\000\040\000R\000e\000g\000e\000n\000e\000r\000a\000t\000i\000v\000e\000\040\000P\000r\000o\000c\000e\000s\000s\000e\000s\000:\000\040\000S\000e\000r\000f\000o\000z\000o\000S\000e\000r\000f\000o\000z\000o}{section.30.1}% 556
\BOOKMARK [2][-]{subsection.30.1.115}{\376\377\000P\000r\000o\000c\000e\000s\000o\000s\000\040\000R\000e\000g\000e\000n\000e\000r\000a\000t\000i\000v\000o\000s}{section.30.1}% 557
\BOOKMARK [2][-]{subsection.30.1.116}{\376\377\000P\000r\000o\000c\000e\000s\000o\000s\000\040\000R\000e\000g\000e\000n\000e\000r\000a\000t\000i\000v\000o\000s}{section.30.1}% 558
\BOOKMARK [2][-]{subsection.30.1.117}{\376\377\000P\000r\000o\000c\000e\000s\000o\000s\000\040\000R\000e\000g\000e\000n\000e\000r\000a\000t\000i\000v\000o\000s\000\040\000E\000s\000t\000a\000c\000i\000o\000n\000a\000r\000i\000o\000s\000\040\000-\000\040\000S\000t\000i\000d\000h\000a\000m\000\040\000S\000t\000i\000d\000h\000a\000m}{section.30.1}% 559
\BOOKMARK [2][-]{subsection.30.1.118}{\376\377\000P\000r\000o\000c\000e\000s\000o\000s\000\040\000R\000e\000g\000e\000n\000e\000r\000a\000t\000i\000v\000o\000s\000\040\000E\000s\000t\000a\000c\000i\000o\000n\000a\000r\000i\000o\000s\000\040\000-\000\040\000S\000t\000i\000d\000h\000a\000m\000\040\000S\000t\000i\000d\000h\000a\000m}{section.30.1}% 560
\BOOKMARK [2][-]{subsection.30.1.119}{\376\377\000P\000r\000o\000p\000i\000e\000d\000a\000d\000e\000s\000\040\000d\000e\000\040\000l\000o\000s\000\040\000P\000r\000o\000c\000e\000s\000o\000s\000\040\000d\000e\000\040\000R\000e\000n\000o\000v\000a\000c\000i\000\363\000n}{section.30.1}% 561
\BOOKMARK [2][-]{subsection.30.1.120}{\376\377\000P\000r\000o\000p\000i\000e\000d\000a\000d\000e\000s\000\040\000d\000e\000\040\000l\000o\000s\000\040\000P\000r\000o\000c\000e\000s\000o\000s\000\040\000d\000e\000\040\000R\000e\000n\000o\000v\000a\000c\000i\000\363\000n}{section.30.1}% 562
\BOOKMARK [2][-]{subsection.30.1.121}{\376\377\000P\000r\000o\000c\000e\000s\000o\000s\000\040\000R\000e\000g\000e\000n\000e\000r\000a\000t\000i\000v\000o\000s\000\040\000E\000s\000t\000a\000c\000i\000o\000n\000a\000r\000i\000o\000s\000\040\000-\000\040\000S\000t\000i\000d\000h\000a\000m\000\040\000S\000t\000i\000d\000h\000a\000m}{section.30.1}% 563
\BOOKMARK [2][-]{subsection.30.1.122}{\376\377\000P\000r\000o\000c\000e\000s\000o\000s\000\040\000d\000e\000\040\000R\000e\000n\000o\000v\000a\000c\000i\000\363\000n}{section.30.1}% 564
\BOOKMARK [2][-]{subsection.30.1.123}{\376\377\000T\000e\000o\000r\000e\000m\000a\000\040\000P\000r\000i\000n\000c\000i\000p\000a\000l\000\040\000d\000e\000\040\000R\000e\000n\000o\000v\000a\000c\000i\000\363\000n}{section.30.1}% 565
\BOOKMARK [2][-]{subsection.30.1.124}{\376\377\000F\000u\000n\000c\000i\000\363\000n\000\040\000d\000e\000\040\000R\000e\000n\000o\000v\000a\000c\000i\000\363\000n}{section.30.1}% 566
\BOOKMARK [2][-]{subsection.30.1.125}{\376\377\000P\000r\000o\000p\000i\000e\000d\000a\000d\000e\000s\000\040\000d\000e\000\040\000l\000o\000s\000\040\000P\000r\000o\000c\000e\000s\000o\000s\000\040\000d\000e\000\040\000R\000e\000n\000o\000v\000a\000c\000i\000\363\000n}{section.30.1}% 567
\BOOKMARK [2][-]{subsection.30.1.126}{\376\377\000F\000u\000n\000c\000i\000\363\000n\000\040\000d\000e\000\040\000R\000e\000n\000o\000v\000a\000c\000i\000\363\000n}{section.30.1}% 568
\BOOKMARK [2][-]{subsection.30.1.127}{\376\377\000P\000r\000o\000c\000e\000s\000o\000s\000\040\000d\000e\000\040\000R\000e\000n\000o\000v\000a\000c\000i\000\363\000n}{section.30.1}% 569
\BOOKMARK [2][-]{subsection.30.1.128}{\376\377\000P\000u\000n\000t\000o\000s\000\040\000d\000e\000\040\000R\000e\000n\000o\000v\000a\000c\000i\000\363\000n}{section.30.1}% 570
\BOOKMARK [2][-]{subsection.30.1.129}{\376\377\000F\000u\000n\000c\000i\000\363\000n\000\040\000d\000e\000\040\000R\000e\000n\000o\000v\000a\000c\000i\000\363\000n}{section.30.1}% 571
\BOOKMARK [2][-]{subsection.30.1.130}{\376\377\000F\000u\000n\000c\000i\000\363\000n\000\040\000d\000e\000\040\000R\000e\000n\000o\000v\000a\000c\000i\000\363\000n}{section.30.1}% 572
\BOOKMARK [2][-]{subsection.30.1.131}{\376\377\000F\000u\000n\000c\000i\000\363\000n\000\040\000d\000e\000\040\000R\000e\000n\000o\000v\000a\000c\000i\000\363\000n}{section.30.1}% 573
\BOOKMARK [2][-]{subsection.30.1.132}{\376\377\000F\000u\000n\000c\000i\000\363\000n\000\040\000d\000e\000\040\000R\000e\000n\000o\000v\000a\000c\000i\000\363\000n}{section.30.1}% 574
\BOOKMARK [2][-]{subsection.30.1.133}{\376\377\000F\000u\000n\000c\000i\000\363\000n\000\040\000d\000e\000\040\000R\000e\000n\000o\000v\000a\000c\000i\000\363\000n}{section.30.1}% 575
\BOOKMARK [2][-]{subsection.30.1.134}{\376\377\000F\000u\000n\000c\000i\000\363\000n\000\040\000d\000e\000\040\000R\000e\000n\000o\000v\000a\000c\000i\000\363\000n}{section.30.1}% 576
\BOOKMARK [2][-]{subsection.30.1.135}{\376\377\000F\000u\000n\000c\000i\000\363\000n\000\040\000d\000e\000\040\000R\000e\000n\000o\000v\000a\000c\000i\000\363\000n}{section.30.1}% 577
\BOOKMARK [2][-]{subsection.30.1.136}{\376\377\000P\000r\000o\000c\000e\000s\000o\000s\000\040\000R\000e\000g\000e\000n\000e\000r\000a\000t\000i\000v\000o\000s}{section.30.1}% 578
\BOOKMARK [2][-]{subsection.30.1.137}{\376\377\000R\000e\000n\000e\000w\000a\000l\000\040\000a\000n\000d\000\040\000R\000e\000g\000e\000n\000e\000r\000a\000t\000i\000v\000e\000\040\000P\000r\000o\000c\000e\000s\000s\000e\000s\000:\000\040\000S\000e\000r\000f\000o\000z\000o\000S\000e\000r\000f\000o\000z\000o}{section.30.1}% 579
\BOOKMARK [0][-]{chapter.31}{\376\377\000P\000r\000o\000c\000e\000s\000o\000s\000\040\000d\000e\000\040\000R\000e\000n\000o\000v\000a\000c\000i\000o\000n}{part.4}% 580
\BOOKMARK [1][-]{section.31.1}{\376\377\000P\000r\000o\000p\000i\000e\000d\000a\000d\000e\000s\000\040\000d\000e\000\040\000l\000o\000s\000\040\000P\000r\000o\000c\000e\000s\000o\000s\000\040\000d\000e\000\040\000R\000e\000n\000o\000v\000a\000c\000i\000\363\000n}{chapter.31}% 581
\BOOKMARK [2][-]{subsection.31.1.1}{\376\377\000P\000r\000o\000p\000i\000e\000d\000a\000d\000e\000s\000\040\000d\000e\000\040\000l\000o\000s\000\040\000P\000r\000o\000c\000e\000s\000o\000s\000\040\000d\000e\000\040\000R\000e\000n\000o\000v\000a\000c\000i\000\363\000n}{section.31.1}% 582
\BOOKMARK [2][-]{subsection.31.1.2}{\376\377\000P\000r\000o\000p\000i\000e\000d\000a\000d\000e\000s\000\040\000d\000e\000\040\000l\000o\000s\000\040\000P\000r\000o\000c\000e\000s\000o\000s\000\040\000d\000e\000\040\000R\000e\000n\000o\000v\000a\000c\000i\000\363\000n}{section.31.1}% 583
\BOOKMARK [2][-]{subsection.31.1.3}{\376\377\000P\000r\000o\000p\000i\000e\000d\000a\000d\000e\000s\000\040\000d\000e\000\040\000l\000o\000s\000\040\000P\000r\000o\000c\000e\000s\000o\000s\000\040\000d\000e\000\040\000R\000e\000n\000o\000v\000a\000c\000i\000\363\000n}{section.31.1}% 584
\BOOKMARK [2][-]{subsection.31.1.4}{\376\377\000P\000r\000o\000p\000i\000e\000d\000a\000d\000e\000s\000\040\000d\000e\000\040\000l\000o\000s\000\040\000P\000r\000o\000c\000e\000s\000o\000s\000\040\000d\000e\000\040\000R\000e\000n\000o\000v\000a\000c\000i\000\363\000n}{section.31.1}% 585
\BOOKMARK [2][-]{subsection.31.1.5}{\376\377\000P\000r\000o\000p\000i\000e\000d\000a\000d\000e\000s\000\040\000d\000e\000\040\000l\000o\000s\000\040\000P\000r\000o\000c\000e\000s\000o\000s\000\040\000d\000e\000\040\000R\000e\000n\000o\000v\000a\000c\000i\000\363\000n}{section.31.1}% 586
\BOOKMARK [2][-]{subsection.31.1.6}{\376\377\000P\000r\000o\000p\000i\000e\000d\000a\000d\000e\000s\000\040\000d\000e\000\040\000l\000o\000s\000\040\000P\000r\000o\000c\000e\000s\000o\000s\000\040\000d\000e\000\040\000R\000e\000n\000o\000v\000a\000c\000i\000\363\000n}{section.31.1}% 587
\BOOKMARK [2][-]{subsection.31.1.7}{\376\377\000P\000r\000o\000p\000i\000e\000d\000a\000d\000e\000s\000\040\000d\000e\000\040\000l\000o\000s\000\040\000P\000r\000o\000c\000e\000s\000o\000s\000\040\000d\000e\000\040\000R\000e\000n\000o\000v\000a\000c\000i\000\363\000n}{section.31.1}% 588
\BOOKMARK [2][-]{subsection.31.1.8}{\376\377\000P\000r\000o\000p\000i\000e\000d\000a\000d\000e\000s\000\040\000d\000e\000\040\000l\000o\000s\000\040\000P\000r\000o\000c\000e\000s\000o\000s\000\040\000d\000e\000\040\000R\000e\000n\000o\000v\000a\000c\000i\000\363\000n}{section.31.1}% 589
\BOOKMARK [2][-]{subsection.31.1.9}{\376\377\000P\000r\000o\000p\000i\000e\000d\000a\000d\000e\000s\000\040\000d\000e\000\040\000l\000o\000s\000\040\000P\000r\000o\000c\000e\000s\000o\000s\000\040\000d\000e\000\040\000R\000e\000n\000o\000v\000a\000c\000i\000\363\000n}{section.31.1}% 590
\BOOKMARK [2][-]{subsection.31.1.10}{\376\377\000P\000r\000o\000p\000i\000e\000d\000a\000d\000e\000s\000\040\000d\000e\000\040\000l\000o\000s\000\040\000P\000r\000o\000c\000e\000s\000o\000s\000\040\000d\000e\000\040\000R\000e\000n\000o\000v\000a\000c\000i\000\363\000n}{section.31.1}% 591
\BOOKMARK [2][-]{subsection.31.1.11}{\376\377\000P\000r\000o\000p\000i\000e\000d\000a\000d\000e\000s\000\040\000d\000e\000\040\000l\000o\000s\000\040\000P\000r\000o\000c\000e\000s\000o\000s\000\040\000d\000e\000\040\000R\000e\000n\000o\000v\000a\000c\000i\000\363\000n}{section.31.1}% 592
\BOOKMARK [2][-]{subsection.31.1.12}{\376\377\000P\000r\000o\000p\000i\000e\000d\000a\000d\000e\000s\000\040\000d\000e\000\040\000l\000o\000s\000\040\000P\000r\000o\000c\000e\000s\000o\000s\000\040\000d\000e\000\040\000R\000e\000n\000o\000v\000a\000c\000i\000\363\000n}{section.31.1}% 593
\BOOKMARK [2][-]{subsection.31.1.13}{\376\377\000P\000r\000o\000p\000i\000e\000d\000a\000d\000e\000s\000\040\000d\000e\000\040\000l\000o\000s\000\040\000P\000r\000o\000c\000e\000s\000o\000s\000\040\000d\000e\000\040\000R\000e\000n\000o\000v\000a\000c\000i\000\363\000n}{section.31.1}% 594
\BOOKMARK [2][-]{subsection.31.1.14}{\376\377\000P\000r\000o\000p\000i\000e\000d\000a\000d\000e\000s\000\040\000d\000e\000\040\000l\000o\000s\000\040\000P\000r\000o\000c\000e\000s\000o\000s\000\040\000d\000e\000\040\000R\000e\000n\000o\000v\000a\000c\000i\000\363\000n}{section.31.1}% 595
\BOOKMARK [2][-]{subsection.31.1.15}{\376\377\000P\000r\000o\000p\000i\000e\000d\000a\000d\000e\000s\000\040\000d\000e\000\040\000l\000o\000s\000\040\000P\000r\000o\000c\000e\000s\000o\000s\000\040\000d\000e\000\040\000R\000e\000n\000o\000v\000a\000c\000i\000\363\000n}{section.31.1}% 596
\BOOKMARK [2][-]{subsection.31.1.16}{\376\377\000P\000r\000o\000p\000i\000e\000d\000a\000d\000e\000s\000\040\000d\000e\000\040\000l\000o\000s\000\040\000P\000r\000o\000c\000e\000s\000o\000s\000\040\000d\000e\000\040\000R\000e\000n\000o\000v\000a\000c\000i\000\363\000n}{section.31.1}% 597
\BOOKMARK [2][-]{subsection.31.1.17}{\376\377\000P\000r\000o\000p\000i\000e\000d\000a\000d\000e\000s\000\040\000d\000e\000\040\000l\000o\000s\000\040\000P\000r\000o\000c\000e\000s\000o\000s\000\040\000d\000e\000\040\000R\000e\000n\000o\000v\000a\000c\000i\000\363\000n}{section.31.1}% 598
\BOOKMARK [2][-]{subsection.31.1.18}{\376\377\000P\000r\000o\000p\000i\000e\000d\000a\000d\000e\000s\000\040\000d\000e\000\040\000l\000o\000s\000\040\000P\000r\000o\000c\000e\000s\000o\000s\000\040\000d\000e\000\040\000R\000e\000n\000o\000v\000a\000c\000i\000\363\000n}{section.31.1}% 599
\BOOKMARK [0][-]{chapter.32}{\376\377\000R\000e\000v\000i\000s\000i\000o\000n\000\040\000P\000r\000o\000c\000e\000s\000o\000s\000\040\000R\000e\000g\000e\000n\000e\000r\000a\000t\000i\000v\000o\000s}{part.4}% 600
\BOOKMARK [1][-]{section.32.1}{\376\377\000P\000r\000o\000c\000e\000s\000o\000s\000\040\000R\000e\000g\000e\000n\000e\000r\000a\000t\000i\000v\000o\000s\000:\000\040\000T\000h\000o\000r\000i\000s\000s\000o\000n}{chapter.32}% 601
\BOOKMARK [2][-]{subsection.32.1.1}{\376\377\000T\000i\000e\000m\000p\000o\000s\000\040\000d\000e\000\040\000R\000e\000g\000e\000n\000e\000r\000a\000c\000i\000\363\000n\000\040\000p\000a\000r\000a\000\040\000R\000e\000d\000e\000s\000\040\000d\000e\000\040\000S\000i\000s\000t\000e\000m\000a\000s\000\040\000d\000e\000\040\000V\000i\000s\000i\000t\000a\000s\000\040\000C\000\355\000c\000l\000i\000c\000a\000s}{section.32.1}% 602
\BOOKMARK [2][-]{subsection.32.1.2}{\376\377\000I\000n\000t\000r\000o\000d\000u\000c\000t\000i\000o\000n\000\040\000t\000o\000\040\000S\000t\000o\000c\000h\000a\000s\000t\000i\000c\000\040\000P\000r\000o\000c\000e\000s\000s\000e\000s}{section.32.1}% 603
\BOOKMARK [2][-]{subsection.32.1.3}{\376\377\000O\000n\000e\000\040\000S\000i\000d\000e\000d\000\040\000P\000r\000o\000c\000e\000s\000s}{section.32.1}% 604
\BOOKMARK [2][-]{subsection.32.1.4}{\376\377\000R\000e\000g\000e\000n\000e\000r\000a\000t\000i\000o\000n\000:\000\040\000S\000h\000i\000f\000t\000-\000M\000e\000a\000s\000u\000r\000a\000b\000i\000l\000i\000t\000y}{section.32.1}% 605
\BOOKMARK [2][-]{subsection.32.1.5}{\376\377\000C\000y\000c\000l\000e\000-\000S\000t\000a\000t\000i\000o\000n\000a\000r\000i\000t\000y}{section.32.1}% 606
\BOOKMARK [2][-]{subsection.32.1.6}{\376\377\000C\000l\000a\000s\000s\000i\000c\000a\000l\000\040\000R\000e\000g\000e\000n\000e\000r\000a\000t\000i\000o\000n}{section.32.1}% 607
\BOOKMARK [2][-]{subsection.32.1.7}{\376\377\000S\000t\000a\000t\000i\000o\000n\000a\000r\000y\000\040\000V\000e\000r\000s\000i\000o\000n}{section.32.1}% 608
\BOOKMARK [2][-]{subsection.32.1.8}{\376\377\000S\000p\000r\000e\000a\000d\000\040\000O\000u\000t}{section.32.1}% 609
\BOOKMARK [2][-]{subsection.32.1.9}{\376\377\000W\000i\000d\000e\000\040\000S\000e\000n\000s\000e\000\040\000R\000e\000g\000e\000n\000e\000r\000a\000t\000i\000o\000n}{section.32.1}% 610
\BOOKMARK [2][-]{subsection.32.1.10}{\376\377\000E\000x\000i\000s\000t\000e\000n\000c\000e\000\040\000o\000f\000\040\000R\000e\000g\000e\000n\000e\000r\000a\000t\000i\000o\000n\000\040\000T\000i\000m\000e\000s}{section.32.1}% 611
\BOOKMARK [1][-]{section.32.2}{\376\377\000P\000r\000o\000c\000e\000s\000o\000s\000\040\000R\000e\000g\000e\000n\000e\000r\000a\000t\000i\000v\000o\000s}{chapter.32}% 612
\BOOKMARK [1][-]{section.32.3}{\376\377\000P\000r\000o\000c\000e\000s\000o\000s\000\040\000R\000e\000g\000e\000n\000e\000r\000a\000t\000i\000v\000o\000s\000\040\000S\000i\000g\000m\000a\000n\000,\000\040\000T\000h\000o\000r\000i\000s\000s\000o\000n\000\040\000y\000\040\000W\000o\000l\000f\000f\000\040\000S\000i\000g\000m\000a\000n\0001}{chapter.32}% 613
\BOOKMARK [1][-]{section.32.4}{\376\377\000P\000r\000o\000c\000e\000s\000o\000s\000\040\000R\000e\000g\000e\000n\000e\000r\000a\000t\000i\000v\000o\000s\000\040\000E\000s\000t\000a\000c\000i\000o\000n\000a\000r\000i\000o\000s\000\040\000-\000\040\000S\000t\000i\000d\000h\000a\000m\000\040\000S\000t\000i\000d\000h\000a\000m}{chapter.32}% 614
\BOOKMARK [1][-]{section.32.5}{\376\377\000T\000e\000o\000r\000e\000m\000a\000\040\000P\000r\000i\000n\000c\000i\000p\000a\000l\000\040\000d\000e\000\040\000R\000e\000n\000o\000v\000a\000c\000i\000\363\000n}{chapter.32}% 615
\BOOKMARK [1][-]{section.32.6}{\376\377\000P\000r\000o\000p\000i\000e\000d\000a\000d\000e\000s\000\040\000d\000e\000\040\000l\000o\000s\000\040\000P\000r\000o\000c\000e\000s\000o\000s\000\040\000d\000e\000\040\000R\000e\000n\000o\000v\000a\000c\000i\000\363\000n}{chapter.32}% 616
\BOOKMARK [1][-]{section.32.7}{\376\377\000F\000u\000n\000c\000i\000\363\000n\000\040\000d\000e\000\040\000R\000e\000n\000o\000v\000a\000c\000i\000\363\000n}{chapter.32}% 617
\BOOKMARK [1][-]{section.32.8}{\376\377\000P\000r\000o\000c\000e\000s\000o\000s\000\040\000d\000e\000\040\000R\000e\000n\000o\000v\000a\000c\000i\000\363\000n}{chapter.32}% 618
\BOOKMARK [1][-]{section.32.9}{\376\377\000R\000e\000n\000e\000w\000a\000l\000\040\000a\000n\000d\000\040\000R\000e\000g\000e\000n\000e\000r\000a\000t\000i\000v\000e\000\040\000P\000r\000o\000c\000e\000s\000s\000e\000s\000:\000\040\000S\000e\000r\000f\000o\000z\000o\000S\000e\000r\000f\000o\000z\000o}{chapter.32}% 619
\BOOKMARK [1][-]{section.32.10}{\376\377\000R\000e\000s\000u\000l\000t\000a\000d\000o\000s\000\040\000p\000a\000r\000a\000\040\000P\000r\000o\000c\000e\000s\000o\000s\000\040\000d\000e\000\040\000S\000a\000l\000i\000d\000a}{chapter.32}% 620
\BOOKMARK [0][-]{chapter.33}{\376\377\000T\000e\000o\000r\000\355\000a\000\040\000d\000e\000\040\000C\000o\000l\000a\000s}{part.4}% 621
\BOOKMARK [0][-]{chapter.34}{\376\377\000M\000o\000d\000e\000l\000o\000s\000\040\000d\000e\000\040\000F\000l\000u\000j\000o}{part.4}% 622
\BOOKMARK [1][-]{section.34.1}{\376\377\000P\000r\000o\000c\000e\000s\000o\000s\000\040\000R\000e\000g\000e\000n\000e\000r\000a\000t\000i\000v\000o\000s}{chapter.34}% 623
\BOOKMARK [2][-]{subsection.34.1.1}{\376\377\000P\000r\000o\000c\000e\000s\000o\000s\000\040\000H\000a\000r\000r\000i\000s\000\040\000R\000e\000c\000u\000r\000r\000e\000n\000t\000e}{section.34.1}% 624
\BOOKMARK [2][-]{subsection.34.1.2}{\376\377\000M\000o\000d\000e\000l\000o\000\040\000d\000e\000\040\000F\000l\000u\000j\000o}{section.34.1}% 625
\BOOKMARK [2][-]{subsection.34.1.3}{\376\377\000P\000r\000o\000c\000e\000s\000o\000s\000\040\000d\000e\000\040\000E\000s\000t\000a\000d\000o\000s\000\040\000d\000e\000\040\000M\000a\000r\000k\000o\000v}{section.34.1}% 626
\BOOKMARK [2][-]{subsection.34.1.4}{\376\377\000T\000e\000o\000r\000\355\000a\000\040\000G\000e\000n\000e\000r\000a\000l\000\040\000d\000e\000\040\000P\000r\000o\000c\000e\000s\000o\000s\000\040\000E\000s\000t\000o\000c\000\341\000s\000t\000i\000c\000o\000s}{section.34.1}% 627
\BOOKMARK [2][-]{subsection.34.1.5}{\376\377\000P\000r\000o\000p\000i\000e\000d\000a\000d\000e\000s\000\040\000d\000e\000\040\000M\000a\000r\000k\000o\000v}{section.34.1}% 628
\BOOKMARK [2][-]{subsection.34.1.6}{\376\377\000P\000r\000i\000m\000e\000r\000\040\000C\000o\000n\000d\000i\000c\000i\000\363\000n\000\040\000d\000e\000\040\000R\000e\000g\000u\000l\000a\000r\000i\000d\000a\000d}{section.34.1}% 629
\BOOKMARK [2][-]{subsection.34.1.7}{\376\377\000C\000o\000n\000s\000t\000r\000u\000c\000c\000i\000\363\000n\000\040\000d\000e\000l\000\040\000M\000o\000d\000e\000l\000o\000\040\000d\000e\000\040\000F\000l\000u\000j\000o}{section.34.1}% 630
\BOOKMARK [2][-]{subsection.34.1.8}{\376\377\000E\000s\000t\000a\000b\000i\000l\000i\000d\000a\000d}{section.34.1}% 631
\BOOKMARK [2][-]{subsection.34.1.9}{\376\377\000P\000r\000o\000p\000i\000e\000d\000a\000d\000e\000s\000\040\000d\000e\000\040\000M\000a\000r\000k\000o\000v}{section.34.1}% 632
\BOOKMARK [2][-]{subsection.34.1.10}{\376\377\000P\000r\000i\000m\000e\000r\000\040\000C\000o\000n\000d\000i\000c\000i\000\363\000n\000\040\000d\000e\000\040\000R\000e\000g\000u\000l\000a\000r\000i\000d\000a\000d}{section.34.1}% 633
\BOOKMARK [2][-]{subsection.34.1.11}{\376\377\000P\000r\000o\000c\000e\000s\000o\000s\000\040\000F\000u\000e\000r\000t\000e\000\040\000d\000e\000\040\000M\000a\000r\000k\000o\000v}{section.34.1}% 634
\BOOKMARK [2][-]{subsection.34.1.12}{\376\377\000P\000r\000o\000c\000e\000s\000o\000s\000\040\000H\000a\000r\000r\000i\000s\000\040\000R\000e\000c\000u\000r\000r\000e\000n\000t\000e\000s\000\040\000P\000o\000s\000i\000t\000i\000v\000o\000s}{section.34.1}% 635
\BOOKMARK [2][-]{subsection.34.1.13}{\376\377\000C\000o\000n\000s\000t\000r\000u\000c\000c\000i\000\363\000n\000\040\000d\000e\000\040\000u\000n\000\040\000M\000o\000d\000e\000l\000o\000\040\000d\000e\000\040\000F\000l\000u\000j\000o\000\040\000L\000\355\000m\000i\000t\000e}{section.34.1}% 636
\BOOKMARK [2][-]{subsection.34.1.14}{\376\377\000M\000o\000d\000e\000l\000o\000\040\000d\000e\000\040\000V\000i\000s\000i\000t\000a\000s\000\040\000C\000\355\000c\000l\000i\000c\000a\000s\000\040\000c\000o\000n\000\040\000u\000n\000\040\000S\000e\000r\000v\000i\000d\000o\000r\000:\000\040\000E\000s\000t\000a\000b\000i\000l\000i\000d\000a\000d}{section.34.1}% 637
\BOOKMARK [2][-]{subsection.34.1.15}{\376\377\000T\000e\000o\000r\000e\000m\000a\000\040\0002\000.\0001}{section.34.1}% 638
\BOOKMARK [2][-]{subsection.34.1.16}{\376\377\000T\000e\000o\000r\000e\000m\000a\000\040\0002\000.\0002}{section.34.1}% 639
\BOOKMARK [2][-]{subsection.34.1.17}{\376\377\000T\000e\000o\000r\000e\000m\000a\000\040\0002\000.\0003}{section.34.1}% 640
\BOOKMARK [2][-]{subsection.34.1.18}{\376\377\000D\000e\000f\000i\000n\000i\000c\000i\000o\000n\000e\000s\000\040\000B\000\341\000s\000i\000c\000a\000s}{section.34.1}% 641
\BOOKMARK [2][-]{subsection.34.1.19}{\376\377\000P\000r\000e\000l\000i\000m\000i\000n\000a\000r\000e\000s}{section.34.1}% 642
\BOOKMARK [2][-]{subsection.34.1.20}{\376\377\000P\000r\000o\000c\000e\000s\000o\000s\000\040\000H\000a\000r\000r\000i\000s\000\040\000R\000e\000c\000u\000r\000r\000e\000n\000t\000e}{section.34.1}% 643
\BOOKMARK [2][-]{subsection.34.1.21}{\376\377\000M\000o\000d\000e\000l\000o\000\040\000d\000e\000\040\000F\000l\000u\000j\000o}{section.34.1}% 644
\BOOKMARK [2][-]{subsection.34.1.22}{\376\377\000P\000r\000o\000c\000e\000s\000o\000s\000\040\000d\000e\000\040\000E\000s\000t\000a\000d\000o\000s\000\040\000d\000e\000\040\000M\000a\000r\000k\000o\000v}{section.34.1}% 645
\BOOKMARK [2][-]{subsection.34.1.23}{\376\377\000T\000e\000o\000r\000\355\000a\000\040\000G\000e\000n\000e\000r\000a\000l\000\040\000d\000e\000\040\000P\000r\000o\000c\000e\000s\000o\000s\000\040\000E\000s\000t\000o\000c\000\341\000s\000t\000i\000c\000o\000s}{section.34.1}% 646
\BOOKMARK [2][-]{subsection.34.1.24}{\376\377\000P\000r\000o\000p\000i\000e\000d\000a\000d\000e\000s\000\040\000d\000e\000\040\000M\000a\000r\000k\000o\000v}{section.34.1}% 647
\BOOKMARK [2][-]{subsection.34.1.25}{\376\377\000P\000r\000i\000m\000e\000r\000\040\000C\000o\000n\000d\000i\000c\000i\000\363\000n\000\040\000d\000e\000\040\000R\000e\000g\000u\000l\000a\000r\000i\000d\000a\000d}{section.34.1}% 648
\BOOKMARK [2][-]{subsection.34.1.26}{\376\377\000C\000o\000n\000s\000t\000r\000u\000c\000c\000i\000\363\000n\000\040\000d\000e\000l\000\040\000M\000o\000d\000e\000l\000o\000\040\000d\000e\000\040\000F\000l\000u\000j\000o}{section.34.1}% 649
\BOOKMARK [2][-]{subsection.34.1.27}{\376\377\000E\000s\000t\000a\000b\000i\000l\000i\000d\000a\000d}{section.34.1}% 650
\BOOKMARK [2][-]{subsection.34.1.28}{\376\377\000P\000r\000o\000p\000i\000e\000d\000a\000d\000e\000s\000\040\000d\000e\000\040\000M\000a\000r\000k\000o\000v}{section.34.1}% 651
\BOOKMARK [2][-]{subsection.34.1.29}{\376\377\000P\000r\000i\000m\000e\000r\000\040\000C\000o\000n\000d\000i\000c\000i\000\363\000n\000\040\000d\000e\000\040\000R\000e\000g\000u\000l\000a\000r\000i\000d\000a\000d}{section.34.1}% 652
\BOOKMARK [2][-]{subsection.34.1.30}{\376\377\000P\000r\000o\000c\000e\000s\000o\000s\000\040\000d\000e\000\040\000E\000s\000t\000a\000d\000o\000s\000\040\000M\000a\000r\000k\000o\000v\000i\000a\000n\000o\000\040\000p\000a\000r\000a\000\040\000e\000l\000\040\000S\000i\000s\000t\000e\000m\000a}{section.34.1}% 653
\BOOKMARK [2][-]{subsection.34.1.31}{\376\377\000P\000r\000o\000c\000e\000s\000o\000s\000\040\000F\000u\000e\000r\000t\000e\000\040\000d\000e\000\040\000M\000a\000r\000k\000o\000v}{section.34.1}% 654
\BOOKMARK [2][-]{subsection.34.1.32}{\376\377\000P\000r\000o\000c\000e\000s\000o\000s\000\040\000H\000a\000r\000r\000i\000s\000\040\000R\000e\000c\000u\000r\000r\000e\000n\000t\000e\000s\000\040\000P\000o\000s\000i\000t\000i\000v\000o\000s}{section.34.1}% 655
\BOOKMARK [2][-]{subsection.34.1.33}{\376\377\000C\000o\000n\000s\000t\000r\000u\000c\000c\000i\000\363\000n\000\040\000d\000e\000\040\000u\000n\000\040\000M\000o\000d\000e\000l\000o\000\040\000d\000e\000\040\000F\000l\000u\000j\000o\000\040\000L\000\355\000m\000i\000t\000e}{section.34.1}% 656
\BOOKMARK [2][-]{subsection.34.1.34}{\376\377\000M\000o\000d\000e\000l\000o\000\040\000d\000e\000\040\000V\000i\000s\000i\000t\000a\000s\000\040\000C\000\355\000c\000l\000i\000c\000a\000s\000\040\000c\000o\000n\000\040\000u\000n\000\040\000S\000e\000r\000v\000i\000d\000o\000r\000:\000\040\000E\000s\000t\000a\000b\000i\000l\000i\000d\000a\000d}{section.34.1}% 657
\BOOKMARK [2][-]{subsection.34.1.35}{\376\377\000T\000e\000o\000r\000e\000m\000a\000\040\0002\000.\0001}{section.34.1}% 658
\BOOKMARK [2][-]{subsection.34.1.36}{\376\377\000T\000e\000o\000r\000e\000m\000a\000\040\0002\000.\0002}{section.34.1}% 659
\BOOKMARK [2][-]{subsection.34.1.37}{\376\377\000T\000e\000o\000r\000e\000m\000a\000\040\0002\000.\0003}{section.34.1}% 660
\BOOKMARK [2][-]{subsection.34.1.38}{\376\377\000D\000e\000f\000i\000n\000i\000c\000i\000o\000n\000e\000s\000\040\000B\000\341\000s\000i\000c\000a\000s}{section.34.1}% 661
\BOOKMARK [2][-]{subsection.34.1.39}{\376\377\000P\000r\000o\000c\000e\000s\000o\000\040\000d\000e\000\040\000E\000s\000t\000a\000d\000o\000s\000\040\000M\000a\000r\000k\000o\000v\000i\000a\000n\000o\000\040\000p\000a\000r\000a\000\040\000e\000l\000\040\000S\000i\000s\000t\000e\000m\000a}{section.34.1}% 662
\BOOKMARK [2][-]{subsection.34.1.40}{\376\377\000P\000r\000o\000c\000e\000s\000o\000s\000\040\000F\000u\000e\000r\000t\000e\000\040\000d\000e\000\040\000M\000a\000r\000k\000o\000v}{section.34.1}% 663
\BOOKMARK [2][-]{subsection.34.1.41}{\376\377\000P\000r\000o\000p\000i\000e\000d\000a\000d\000e\000s\000\040\000d\000e\000\040\000M\000a\000r\000k\000o\000v}{section.34.1}% 664
\BOOKMARK [2][-]{subsection.34.1.42}{\376\377\000P\000r\000i\000m\000e\000r\000\040\000C\000o\000n\000d\000i\000c\000i\000\363\000n\000\040\000d\000e\000\040\000R\000e\000g\000u\000l\000a\000r\000i\000d\000a\000d}{section.34.1}% 665
\BOOKMARK [2][-]{subsection.34.1.43}{\376\377\000P\000r\000o\000p\000i\000e\000d\000a\000d\000e\000s\000\040\000d\000e\000\040\000M\000a\000r\000k\000o\000v}{section.34.1}% 666
\BOOKMARK [2][-]{subsection.34.1.44}{\376\377\000P\000r\000i\000m\000e\000r\000\040\000C\000o\000n\000d\000i\000c\000i\000\363\000n\000\040\000d\000e\000\040\000R\000e\000g\000u\000l\000a\000r\000i\000d\000a\000d}{section.34.1}% 667
\BOOKMARK [2][-]{subsection.34.1.45}{\376\377\000S\000u\000p\000u\000e\000s\000t\000o\000s}{section.34.1}% 668
\BOOKMARK [2][-]{subsection.34.1.46}{\376\377\000P\000r\000o\000c\000e\000s\000o\000s\000\040\000H\000a\000r\000r\000i\000s\000\040\000R\000e\000c\000u\000r\000r\000e\000n\000t\000e}{section.34.1}% 669
\BOOKMARK [2][-]{subsection.34.1.47}{\376\377\000M\000o\000d\000e\000l\000o\000\040\000d\000e\000\040\000F\000l\000u\000j\000o}{section.34.1}% 670
\BOOKMARK [2][-]{subsection.34.1.48}{\376\377\000S\000u\000p\000u\000e\000s\000t\000o\000s}{section.34.1}% 671
\BOOKMARK [2][-]{subsection.34.1.49}{\376\377\000P\000r\000o\000c\000e\000s\000o\000s\000\040\000H\000a\000r\000r\000i\000s\000\040\000R\000e\000c\000u\000r\000r\000e\000n\000t\000e}{section.34.1}% 672
\BOOKMARK [2][-]{subsection.34.1.50}{\376\377\000M\000o\000d\000e\000l\000o\000\040\000d\000e\000\040\000F\000l\000u\000j\000o}{section.34.1}% 673
\BOOKMARK [2][-]{subsection.34.1.51}{\376\377\000M\000o\000d\000e\000l\000o\000\040\000d\000e\000\040\000F\000l\000u\000j\000o}{section.34.1}% 674
\BOOKMARK [2][-]{subsection.34.1.52}{\376\377\000E\000s\000t\000a\000b\000i\000l\000i\000d\000a\000d\000\040\000d\000e\000\040\000l\000o\000s\000\040\000S\000i\000s\000t\000e\000m\000a\000s\000\040\000d\000e\000\040\000V\000i\000s\000i\000t\000a\000s\000\040\000C\000\355\000c\000l\000i\000c\000a\000s}{section.34.1}% 675
\BOOKMARK [2][-]{subsection.34.1.53}{\376\377\000R\000e\000s\000u\000l\000t\000a\000d\000o\000s\000\040\000p\000r\000i\000n\000c\000i\000p\000a\000l\000e\000s}{section.34.1}% 676
\BOOKMARK [2][-]{subsection.34.1.54}{\376\377\000S\000u\000p\000u\000e\000s\000t\000o\000s}{section.34.1}% 677
\BOOKMARK [2][-]{subsection.34.1.55}{\376\377\000P\000r\000o\000c\000e\000s\000o\000s\000\040\000H\000a\000r\000r\000i\000s\000\040\000R\000e\000c\000u\000r\000r\000e\000n\000t\000e}{section.34.1}% 678
\BOOKMARK [2][-]{subsection.34.1.56}{\376\377\000M\000o\000d\000e\000l\000o\000\040\000d\000e\000\040\000F\000l\000u\000j\000o}{section.34.1}% 679
\BOOKMARK [2][-]{subsection.34.1.57}{\376\377\000S\000u\000p\000u\000e\000s\000t\000o\000s}{section.34.1}% 680
\BOOKMARK [2][-]{subsection.34.1.58}{\376\377\000P\000r\000o\000c\000e\000s\000o\000s\000\040\000H\000a\000r\000r\000i\000s\000\040\000R\000e\000c\000u\000r\000r\000e\000n\000t\000e}{section.34.1}% 681
\BOOKMARK [2][-]{subsection.34.1.59}{\376\377\000M\000o\000d\000e\000l\000o\000\040\000d\000e\000\040\000F\000l\000u\000j\000o}{section.34.1}% 682
\BOOKMARK [2][-]{subsection.34.1.60}{\376\377\000P\000r\000o\000c\000e\000s\000o\000s\000\040\000H\000a\000r\000r\000i\000s\000\040\000R\000e\000c\000u\000r\000r\000e\000n\000t\000e}{section.34.1}% 683
\BOOKMARK [2][-]{subsection.34.1.61}{\376\377\000M\000o\000d\000e\000l\000o\000\040\000d\000e\000\040\000F\000l\000u\000j\000o}{section.34.1}% 684
\BOOKMARK [2][-]{subsection.34.1.62}{\376\377\000S\000u\000p\000u\000e\000s\000t\000o\000s}{section.34.1}% 685
\BOOKMARK [2][-]{subsection.34.1.63}{\376\377\000P\000r\000o\000c\000e\000s\000o\000s\000\040\000H\000a\000r\000r\000i\000s\000\040\000R\000e\000c\000u\000r\000r\000e\000n\000t\000e}{section.34.1}% 686
\BOOKMARK [2][-]{subsection.34.1.64}{\376\377\000M\000o\000d\000e\000l\000o\000\040\000d\000e\000\040\000F\000l\000u\000j\000o}{section.34.1}% 687
\BOOKMARK [0][-]{chapter.35}{\376\377\000S\000i\000s\000t\000e\000m\000a\000s\000\040\000d\000e\000\040\000V\000i\000s\000i\000t\000a}{part.4}% 688
\BOOKMARK [1][-]{section.35.1}{\376\377\000S\000i\000s\000t\000e\000m\000a\000s\000\040\000d\000e\000\040\000V\000i\000s\000i\000t\000a\000s}{chapter.35}% 689
\BOOKMARK [1][-]{section.35.2}{\376\377\000F\000u\000n\000c\000i\000\363\000n\000\040\000G\000e\000n\000e\000r\000a\000d\000o\000r\000a\000\040\000d\000e\000\040\000P\000r\000o\000b\000a\000b\000i\000l\000i\000d\000a\000d\000e\000s}{chapter.35}% 690
\BOOKMARK [1][-]{section.35.3}{\376\377\000E\000l\000\040\000p\000r\000o\000b\000l\000e\000m\000a\000\040\000d\000e\000\040\000l\000a\000\040\000r\000u\000i\000n\000a\000\040\000d\000e\000l\000\040\000j\000u\000g\000a\000d\000o\000r}{chapter.35}% 691
\BOOKMARK [1][-]{section.35.4}{\376\377\000E\000c\000u\000a\000c\000i\000o\000n\000e\000s\000\040\000C\000e\000n\000t\000r\000a\000l\000e\000s}{chapter.35}% 692
\BOOKMARK [1][-]{section.35.5}{\376\377\000R\000e\000d\000e\000s\000\040\000d\000e\000\040\000J\000a\000c\000k\000s\000o\000n}{chapter.35}% 693
\BOOKMARK [0][-]{chapter.36}{\376\377\000T\000e\000o\000r\000e\000m\000a\000\040\000d\000e\000\040\000D\000o\000w\000n}{part.4}% 694
\BOOKMARK [1][-]{section.36.1}{\376\377\000T\000e\000o\000r\000e\000m\000a\000\040\000d\000e\000\040\000D\000o\000w\000n}{chapter.36}% 695
\BOOKMARK [1][-]{section.36.2}{\376\377\000P\000r\000e\000l\000i\000m\000i\000n\000a\000r\000i\000e\000s\000:\000\040}{chapter.36}% 696
\BOOKMARK [1][-]{section.36.3}{\376\377\000M\000a\000i\000n\000\040\000R\000e\000s\000u\000l\000t\000\040\000a\000n\000d\000\040\000A\000n\000\040\000E\000x\000a\000m\000p\000l\000e}{chapter.36}% 697
\BOOKMARK [1][-]{section.36.4}{\376\377\000C\000o\000n\000c\000l\000u\000d\000i\000n\000g\000\040\000R\000e\000m\000a\000r\000k\000s}{chapter.36}% 698
\BOOKMARK [1][-]{section.36.5}{\376\377\000G\000e\000n\000e\000r\000a\000l\000\040\000C\000a\000s\000e\000\040\000C\000a\000l\000c\000u\000l\000a\000t\000i\000o\000n\000s\000\040\000E\000x\000h\000a\000u\000s\000t\000i\000v\000e\000\040\000P\000o\000l\000i\000c\000y}{chapter.36}% 699
\BOOKMARK [1][-]{section.36.6}{\376\377\000D\000e\000s\000c\000r\000i\000p\000c\000i\000\363\000n}{chapter.36}% 700
\BOOKMARK [1][-]{section.36.7}{\376\377\000D\000e\000s\000c\000r\000i\000p\000c\000i\000\363\000n\000\040\000d\000e\000\040\000u\000n\000a\000\040\000R\000e\000d\000\040\000d\000e\000\040\000S\000i\000s\000t\000e\000m\000a\000s\000\040\000d\000e\000\040\000V\000i\000s\000i\000t\000a\000s\000\040\000C\000\355\000c\000l\000i\000c\000a\000s}{chapter.36}% 701
\BOOKMARK [2][-]{subsection.36.7.1}{\376\377\000F\000u\000n\000c\000i\000o\000n\000e\000s\000\040\000G\000e\000n\000e\000r\000a\000d\000o\000r\000a\000s\000\040\000d\000e\000\040\000P\000r\000o\000b\000a\000b\000i\000l\000i\000d\000a\000d\000e\000s}{section.36.7}% 702
\BOOKMARK [2][-]{subsection.36.7.2}{\376\377\000E\000l\000\040\000p\000r\000o\000b\000l\000e\000m\000a\000\040\000d\000e\000\040\000l\000a\000\040\000r\000u\000i\000n\000a\000\040\000d\000e\000l\000\040\000j\000u\000g\000a\000d\000o\000r}{section.36.7}% 703
\BOOKMARK [1][-]{section.36.8}{\376\377\000P\000r\000o\000c\000e\000s\000o\000s\000\040\000d\000e\000\040\000L\000l\000e\000g\000a\000d\000a\000s\000\040\000a\000\040\000l\000a\000s\000\040\000c\000o\000l\000a\000s\000\040\000e\000n\000\040\000l\000a\000\040\000R\000S\000V\000C}{chapter.36}% 704
\BOOKMARK [1][-]{section.36.9}{\376\377\000E\000c\000u\000a\000c\000i\000o\000n\000e\000s\000\040\000R\000e\000c\000u\000r\000s\000i\000v\000a\000s\000\040\000p\000a\000r\000a\000\040\000l\000a\000\040\000R\000S\000V\000C}{chapter.36}% 705
\BOOKMARK [2][-]{subsection.36.9.1}{\376\377\000T\000i\000e\000m\000p\000o\000s\000\040\000d\000e\000\040\000T\000r\000a\000s\000l\000a\000d\000o\000\040\000d\000e\000l\000\040\000S\000e\000r\000v\000i\000d\000o\000r}{section.36.9}% 706
\BOOKMARK [2][-]{subsection.36.9.2}{\376\377\000L\000o\000n\000g\000i\000t\000u\000d\000e\000s\000\040\000d\000e\000\040\000l\000a\000\040\000C\000o\000l\000a\000\040\000e\000n\000\040\000t\000i\000e\000m\000p\000o\000s\000\040\000d\000e\000l\000\040\000s\000e\000r\000v\000i\000d\000o\000r\000\040\000d\000e\000l\000\040\000o\000t\000r\000o\000\040\000s\000i\000s\000t\000e\000m\000a}{section.36.9}% 707
\BOOKMARK [2][-]{subsection.36.9.3}{\376\377\000U\000s\000u\000a\000r\000i\000o\000s\000\040\000p\000r\000e\000s\000e\000n\000t\000e\000s\000\040\000e\000n\000\040\000l\000a\000\040\000c\000o\000l\000a\000\040\000e\000n\000\040\000t\000i\000e\000m\000p\000o\000s\000\040\000d\000e\000l\000\040\000s\000e\000r\000v\000i\000d\000o\000r\000\040\000d\000e\000\040\000s\000u\000s\000\040\000s\000i\000s\000t\000e\000m\000a}{section.36.9}% 708
\BOOKMARK [2][-]{subsection.36.9.4}{\376\377\000U\000s\000u\000a\000r\000i\000o\000s\000\040\000p\000r\000e\000s\000e\000n\000t\000e\000s\000\040\000e\000n\000\040\000l\000a\000\040\000R\000S\000V\000C}{section.36.9}% 709
\BOOKMARK [2][-]{subsection.36.9.5}{\376\377\000E\000c\000u\000a\000c\000i\000o\000n\000e\000s\000\040\000R\000e\000c\000u\000r\000s\000i\000v\000a\000s}{section.36.9}% 710
\BOOKMARK [2][-]{subsection.36.9.6}{\376\377\000S\000o\000l\000u\000c\000i\000\363\000n\000\040\000d\000e\000l\000\040\000S\000i\000s\000t\000e\000m\000a\000\040\000d\000e\000\040\000E\000c\000u\000a\000c\000i\000o\000n\000e\000s\000\040\000L\000i\000n\000e\000a\000l\000e\000s}{section.36.9}% 711
\BOOKMARK [1][-]{section.36.10}{\376\377\000R\000e\000s\000u\000l\000t\000a\000d\000o\000\040\000P\000r\000i\000n\000c\000i\000p\000a\000l}{chapter.36}% 712
\BOOKMARK [1][-]{section.36.11}{\376\377\000D\000e\000r\000i\000v\000a\000d\000a\000s\000\040\000d\000e\000\040\000O\000r\000d\000e\000n\000\040\000S\000u\000p\000e\000r\000i\000o\000r}{chapter.36}% 713
\BOOKMARK [2][-]{subsection.36.11.1}{\376\377\000D\000e\000r\000i\000v\000a\000d\000a\000s\000\040\000d\000e\000\040\000S\000e\000g\000u\000n\000d\000o\000\040\000O\000r\000d\000e\000n\000:\000\040\000T\000i\000e\000m\000p\000o\000s\000\040\000d\000e\000\040\000T\000r\000a\000s\000l\000a\000d\000o\000\040\000d\000e\000l\000\040\000S\000e\000r\000v\000i\000d\000o\000r}{section.36.11}% 714
\BOOKMARK [2][-]{subsection.36.11.2}{\376\377\000D\000e\000r\000i\000v\000a\000d\000a\000s\000\040\000d\000e\000\040\000S\000e\000g\000u\000n\000d\000o\000\040\000O\000r\000d\000e\000n\000:\000\040\000L\000o\000n\000g\000i\000t\000u\000d\000e\000s\000\040\000d\000e\000\040\000l\000a\000s\000\040\000C\000o\000l\000a\000s}{section.36.11}% 715
\BOOKMARK [1][-]{section.36.12}{\376\377\000A\000p\000l\000i\000c\000a\000c\000i\000o\000n\000e\000s}{chapter.36}% 716
\BOOKMARK [2][-]{subsection.36.12.1}{\376\377\000E\000j\000e\000m\000p\000l\000o\000\040\0001\000:\000\040\000A\000u\000t\000o\000m\000a\000t\000i\000z\000a\000c\000i\000\363\000n\000\040\000e\000n\000\040\000d\000o\000s\000\040\000l\000\355\000n\000e\000a\000s\000\040\000d\000e\000\040\000t\000r\000a\000b\000a\000j\000o}{section.36.12}% 717
\BOOKMARK [2][-]{subsection.36.12.2}{\376\377\000E\000j\000e\000m\000p\000l\000o\000\040\0002\000:\000\040\000S\000i\000s\000t\000e\000m\000a\000\040\000d\000e\000\040\000S\000a\000l\000u\000d\000\040\000P\000\372\000b\000l\000i\000c\000a}{section.36.12}% 718
\BOOKMARK [2][-]{subsection.36.12.3}{\376\377\000E\000j\000e\000m\000p\000l\000o\000\040\0003\000:\000\040\000R\000S\000V\000C\000\040\000c\000o\000n\000\040\000d\000o\000s\000\040\000c\000o\000n\000e\000x\000i\000o\000n\000e\000s}{section.36.12}% 719
\BOOKMARK [1][-]{section.36.13}{\376\377\000D\000e\000s\000c\000r\000i\000p\000c\000i\000\363\000n\000\040\000d\000e\000\040\000u\000n\000a\000\040\000R\000e\000d\000\040\000d\000e\000\040\000S\000i\000s\000t\000e\000m\000a\000s\000\040\000d\000e\000\040\000V\000i\000s\000i\000t\000a\000s\000\040\000C\000\355\000c\000l\000i\000c\000a\000s}{chapter.36}% 720
\BOOKMARK [2][-]{subsection.36.13.1}{\376\377\000F\000u\000n\000c\000i\000o\000n\000e\000s\000\040\000G\000e\000n\000e\000r\000a\000d\000o\000r\000a\000s\000\040\000d\000e\000\040\000P\000r\000o\000b\000a\000b\000i\000l\000i\000d\000a\000d\000e\000s}{section.36.13}% 721
\BOOKMARK [2][-]{subsection.36.13.2}{\376\377\000E\000l\000\040\000p\000r\000o\000b\000l\000e\000m\000a\000\040\000d\000e\000\040\000l\000a\000\040\000r\000u\000i\000n\000a\000\040\000d\000e\000l\000\040\000j\000u\000g\000a\000d\000o\000r}{section.36.13}% 722
\BOOKMARK [1][-]{section.36.14}{\376\377\000P\000r\000o\000c\000e\000s\000o\000s\000\040\000d\000e\000\040\000L\000l\000e\000g\000a\000d\000a\000s\000\040\000a\000\040\000l\000a\000s\000\040\000c\000o\000l\000a\000s\000\040\000e\000n\000\040\000l\000a\000\040\000R\000S\000V\000C}{chapter.36}% 723
\BOOKMARK [1][-]{section.36.15}{\376\377\000E\000c\000u\000a\000c\000i\000o\000n\000e\000s\000\040\000R\000e\000c\000u\000r\000s\000i\000v\000a\000s\000\040\000p\000a\000r\000a\000\040\000l\000a\000\040\000R\000S\000V\000C}{chapter.36}% 724
\BOOKMARK [2][-]{subsection.36.15.1}{\376\377\000T\000i\000e\000m\000p\000o\000s\000\040\000d\000e\000\040\000T\000r\000a\000s\000l\000a\000d\000o\000\040\000d\000e\000l\000\040\000S\000e\000r\000v\000i\000d\000o\000r}{section.36.15}% 725
\BOOKMARK [2][-]{subsection.36.15.2}{\376\377\000L\000o\000n\000g\000i\000t\000u\000d\000e\000s\000\040\000d\000e\000\040\000l\000a\000\040\000C\000o\000l\000a\000\040\000e\000n\000\040\000t\000i\000e\000m\000p\000o\000s\000\040\000d\000e\000l\000\040\000s\000e\000r\000v\000i\000d\000o\000r\000\040\000d\000e\000l\000\040\000o\000t\000r\000o\000\040\000s\000i\000s\000t\000e\000m\000a}{section.36.15}% 726
\BOOKMARK [2][-]{subsection.36.15.3}{\376\377\000U\000s\000u\000a\000r\000i\000o\000s\000\040\000p\000r\000e\000s\000e\000n\000t\000e\000s\000\040\000e\000n\000\040\000l\000a\000\040\000c\000o\000l\000a\000\040\000e\000n\000\040\000t\000i\000e\000m\000p\000o\000s\000\040\000d\000e\000l\000\040\000s\000e\000r\000v\000i\000d\000o\000r\000\040\000d\000e\000\040\000s\000u\000s\000\040\000s\000i\000s\000t\000e\000m\000a}{section.36.15}% 727
\BOOKMARK [2][-]{subsection.36.15.4}{\376\377\000U\000s\000u\000a\000r\000i\000o\000s\000\040\000p\000r\000e\000s\000e\000n\000t\000e\000s\000\040\000e\000n\000\040\000l\000a\000\040\000R\000S\000V\000C}{section.36.15}% 728
\BOOKMARK [2][-]{subsection.36.15.5}{\376\377\000E\000c\000u\000a\000c\000i\000o\000n\000e\000s\000\040\000R\000e\000c\000u\000r\000s\000i\000v\000a\000s}{section.36.15}% 729
\BOOKMARK [2][-]{subsection.36.15.6}{\376\377\000S\000o\000l\000u\000c\000i\000\363\000n\000\040\000d\000e\000l\000\040\000S\000i\000s\000t\000e\000m\000a\000\040\000d\000e\000\040\000E\000c\000u\000a\000c\000i\000o\000n\000e\000s\000\040\000L\000i\000n\000e\000a\000l\000e\000s}{section.36.15}% 730
\BOOKMARK [1][-]{section.36.16}{\376\377\000R\000e\000s\000u\000l\000t\000a\000d\000o\000\040\000P\000r\000i\000n\000c\000i\000p\000a\000l}{chapter.36}% 731
\BOOKMARK [1][-]{section.36.17}{\376\377\000D\000e\000r\000i\000v\000a\000d\000a\000s\000\040\000d\000e\000\040\000O\000r\000d\000e\000n\000\040\000S\000u\000p\000e\000r\000i\000o\000r}{chapter.36}% 732
\BOOKMARK [2][-]{subsection.36.17.1}{\376\377\000D\000e\000r\000i\000v\000a\000d\000a\000s\000\040\000d\000e\000\040\000S\000e\000g\000u\000n\000d\000o\000\040\000O\000r\000d\000e\000n\000:\000\040\000T\000i\000e\000m\000p\000o\000s\000\040\000d\000e\000\040\000T\000r\000a\000s\000l\000a\000d\000o\000\040\000d\000e\000l\000\040\000S\000e\000r\000v\000i\000d\000o\000r}{section.36.17}% 733
\BOOKMARK [2][-]{subsection.36.17.2}{\376\377\000D\000e\000r\000i\000v\000a\000d\000a\000s\000\040\000d\000e\000\040\000S\000e\000g\000u\000n\000d\000o\000\040\000O\000r\000d\000e\000n\000:\000\040\000L\000o\000n\000g\000i\000t\000u\000d\000e\000s\000\040\000d\000e\000\040\000l\000a\000s\000\040\000C\000o\000l\000a\000s}{section.36.17}% 734
\BOOKMARK [1][-]{section.36.18}{\376\377\000A\000p\000l\000i\000c\000a\000c\000i\000o\000n\000e\000s}{chapter.36}% 735
\BOOKMARK [2][-]{subsection.36.18.1}{\376\377\000E\000j\000e\000m\000p\000l\000o\000\040\0001\000:\000\040\000A\000u\000t\000o\000m\000a\000t\000i\000z\000a\000c\000i\000\363\000n\000\040\000e\000n\000\040\000d\000o\000s\000\040\000l\000\355\000n\000e\000a\000s\000\040\000d\000e\000\040\000t\000r\000a\000b\000a\000j\000o}{section.36.18}% 736
\BOOKMARK [2][-]{subsection.36.18.2}{\376\377\000E\000j\000e\000m\000p\000l\000o\000\040\0002\000:\000\040\000S\000i\000s\000t\000e\000m\000a\000\040\000d\000e\000\040\000S\000a\000l\000u\000d\000\040\000P\000\372\000b\000l\000i\000c\000a}{section.36.18}% 737
\BOOKMARK [2][-]{subsection.36.18.3}{\376\377\000E\000j\000e\000m\000p\000l\000o\000\040\0003\000:\000\040\000R\000S\000V\000C\000\040\000c\000o\000n\000\040\000d\000o\000s\000\040\000c\000o\000n\000e\000x\000i\000o\000n\000e\000s}{section.36.18}% 738
\BOOKMARK [2][-]{subsection.36.18.4}{\376\377\000G\000e\000n\000e\000r\000a\000l\000\040\000S\000e\000c\000o\000n\000d\000\040\000O\000r\000d\000e\000r\000\040\000D\000e\000r\000i\000v\000a\000t\000i\000v\000e\000s}{section.36.18}% 739
\BOOKMARK [2][-]{subsection.36.18.5}{\376\377\000S\000e\000c\000o\000n\000d\000\040\000G\000r\000a\000d\000e\000\040\000D\000e\000r\000i\000v\000a\000t\000i\000v\000e\000\040\000R\000e\000c\000u\000r\000s\000i\000v\000e\000\040\000E\000q\000u\000a\000t\000i\000o\000n\000s}{section.36.18}% 740
\BOOKMARK [1][-]{section.36.19}{\376\377\000G\000e\000n\000e\000r\000a\000l\000i\000z\000a\000c\000i\000o\000n\000e\000s}{chapter.36}% 741
\BOOKMARK [2][-]{subsection.36.19.1}{\376\377\000R\000S\000V\000C\000\040\000c\000o\000n\000\040\000d\000o\000s\000\040\000c\000o\000n\000e\000x\000i\000o\000n\000e\000s}{section.36.19}% 742
\BOOKMARK [2][-]{subsection.36.19.2}{\376\377\000F\000i\000r\000s\000t\000\040\000M\000o\000m\000e\000n\000t\000s\000\040\000o\000f\000\040\000t\000h\000e\000\040\000Q\000u\000e\000u\000e\000\040\000L\000e\000n\000g\000t\000h\000s}{section.36.19}% 743
\BOOKMARK [2][-]{subsection.36.19.3}{\376\377\000G\000e\000n\000e\000r\000a\000l\000\040\000S\000e\000c\000o\000n\000d\000\040\000O\000r\000d\000e\000r\000\040\000D\000e\000r\000i\000v\000a\000t\000i\000v\000e\000s}{section.36.19}% 744
\BOOKMARK [2][-]{subsection.36.19.4}{\376\377\000S\000e\000c\000o\000n\000d\000\040\000G\000r\000a\000d\000e\000\040\000D\000e\000r\000i\000v\000a\000t\000i\000v\000e\000\040\000R\000e\000c\000u\000r\000s\000i\000v\000e\000\040\000E\000q\000u\000a\000t\000i\000o\000n\000s}{section.36.19}% 745
\BOOKMARK [1][-]{section.36.20}{\376\377\000G\000e\000n\000e\000r\000a\000l\000i\000z\000a\000c\000i\000o\000n\000e\000s}{chapter.36}% 746
\BOOKMARK [2][-]{subsection.36.20.1}{\376\377\000R\000S\000V\000C\000\040\000c\000o\000n\000\040\000d\000o\000s\000\040\000c\000o\000n\000e\000x\000i\000o\000n\000e\000s}{section.36.20}% 747
\BOOKMARK [2][-]{subsection.36.20.2}{\376\377\000F\000i\000r\000s\000t\000\040\000M\000o\000m\000e\000n\000t\000s\000\040\000o\000f\000\040\000t\000h\000e\000\040\000Q\000u\000e\000u\000e\000\040\000L\000e\000n\000g\000t\000h\000s}{section.36.20}% 748
\BOOKMARK [2][-]{subsection.36.20.3}{\376\377\000G\000e\000n\000e\000r\000a\000l\000\040\000S\000e\000c\000o\000n\000d\000\040\000O\000r\000d\000e\000r\000\040\000D\000e\000r\000i\000v\000a\000t\000i\000v\000e\000s}{section.36.20}% 749
\BOOKMARK [1][-]{section.36.21}{\376\377\000G\000e\000n\000e\000r\000a\000l\000i\000z\000a\000c\000i\000o\000n\000e\000s}{chapter.36}% 750
\BOOKMARK [2][-]{subsection.36.21.1}{\376\377\000R\000S\000V\000C\000\040\000c\000o\000n\000\040\000d\000o\000s\000\040\000c\000o\000n\000e\000x\000i\000o\000n\000e\000s}{section.36.21}% 751
\BOOKMARK [2][-]{subsection.36.21.2}{\376\377\000F\000i\000r\000s\000t\000\040\000M\000o\000m\000e\000n\000t\000s\000\040\000o\000f\000\040\000t\000h\000e\000\040\000Q\000u\000e\000u\000e\000\040\000L\000e\000n\000g\000t\000h\000s}{section.36.21}% 752
\BOOKMARK [2][-]{subsection.36.21.3}{\376\377\000G\000e\000n\000e\000r\000a\000l\000\040\000S\000e\000c\000o\000n\000d\000\040\000O\000r\000d\000e\000r\000\040\000D\000e\000r\000i\000v\000a\000t\000i\000v\000e\000s}{section.36.21}% 753
\BOOKMARK [1][-]{section.36.22}{\376\377\000G\000e\000n\000e\000r\000a\000l\000i\000z\000a\000c\000i\000o\000n\000e\000s}{chapter.36}% 754
\BOOKMARK [2][-]{subsection.36.22.1}{\376\377\000R\000S\000V\000C\000\040\000c\000o\000n\000\040\000d\000o\000s\000\040\000c\000o\000n\000e\000x\000i\000o\000n\000e\000s}{section.36.22}% 755
\BOOKMARK [2][-]{subsection.36.22.2}{\376\377\000F\000i\000r\000s\000t\000\040\000M\000o\000m\000e\000n\000t\000s\000\040\000o\000f\000\040\000t\000h\000e\000\040\000Q\000u\000e\000u\000e\000\040\000L\000e\000n\000g\000t\000h\000s}{section.36.22}% 756
\BOOKMARK [2][-]{subsection.36.22.3}{\376\377\000G\000e\000n\000e\000r\000a\000l\000\040\000S\000e\000c\000o\000n\000d\000\040\000O\000r\000d\000e\000r\000\040\000D\000e\000r\000i\000v\000a\000t\000i\000v\000e\000s}{section.36.22}% 757
\BOOKMARK [1][-]{section.36.23}{\376\377\000G\000e\000n\000e\000r\000a\000l\000i\000z\000a\000c\000i\000o\000n\000e\000s}{chapter.36}% 758
\BOOKMARK [2][-]{subsection.36.23.1}{\376\377\000R\000S\000V\000C\000\040\000c\000o\000n\000\040\000d\000o\000s\000\040\000c\000o\000n\000e\000x\000i\000o\000n\000e\000s}{section.36.23}% 759
\BOOKMARK [2][-]{subsection.36.23.2}{\376\377\000F\000i\000r\000s\000t\000\040\000M\000o\000m\000e\000n\000t\000s\000\040\000o\000f\000\040\000t\000h\000e\000\040\000Q\000u\000e\000u\000e\000\040\000L\000e\000n\000g\000t\000h\000s}{section.36.23}% 760
\BOOKMARK [2][-]{subsection.36.23.3}{\376\377\000G\000e\000n\000e\000r\000a\000l\000\040\000S\000e\000c\000o\000n\000d\000\040\000O\000r\000d\000e\000r\000\040\000D\000e\000r\000i\000v\000a\000t\000i\000v\000e\000s}{section.36.23}% 761
\BOOKMARK [1][-]{section.36.24}{\376\377\000G\000e\000n\000e\000r\000a\000l\000i\000z\000a\000c\000i\000o\000n\000e\000s}{chapter.36}% 762
\BOOKMARK [2][-]{subsection.36.24.1}{\376\377\000R\000S\000V\000C\000\040\000c\000o\000n\000\040\000d\000o\000s\000\040\000c\000o\000n\000e\000x\000i\000o\000n\000e\000s}{section.36.24}% 763
\BOOKMARK [2][-]{subsection.36.24.2}{\376\377\000F\000i\000r\000s\000t\000\040\000M\000o\000m\000e\000n\000t\000s\000\040\000o\000f\000\040\000t\000h\000e\000\040\000Q\000u\000e\000u\000e\000\040\000L\000e\000n\000g\000t\000h\000s}{section.36.24}% 764
\BOOKMARK [1][-]{section.36.25}{\376\377\000G\000e\000n\000e\000r\000a\000l\000i\000z\000a\000c\000i\000o\000n\000e\000s}{chapter.36}% 765
\BOOKMARK [2][-]{subsection.36.25.1}{\376\377\000R\000S\000V\000C\000\040\000c\000o\000n\000\040\000d\000o\000s\000\040\000c\000o\000n\000e\000x\000i\000o\000n\000e\000s}{section.36.25}% 766
\BOOKMARK [2][-]{subsection.36.25.2}{\376\377\000F\000i\000r\000s\000t\000\040\000M\000o\000m\000e\000n\000t\000s\000\040\000o\000f\000\040\000t\000h\000e\000\040\000Q\000u\000e\000u\000e\000\040\000L\000e\000n\000g\000t\000h\000s}{section.36.25}% 767
\BOOKMARK [1][-]{section.36.26}{\376\377\000G\000e\000n\000e\000r\000a\000l\000i\000z\000a\000c\000i\000o\000n\000e\000s}{chapter.36}% 768
\BOOKMARK [2][-]{subsection.36.26.1}{\376\377\000R\000S\000V\000C\000\040\000c\000o\000n\000\040\000d\000o\000s\000\040\000c\000o\000n\000e\000x\000i\000o\000n\000e\000s}{section.36.26}% 769
\BOOKMARK [2][-]{subsection.36.26.2}{\376\377\000F\000i\000r\000s\000t\000\040\000M\000o\000m\000e\000n\000t\000s\000\040\000o\000f\000\040\000t\000h\000e\000\040\000Q\000u\000e\000u\000e\000\040\000L\000e\000n\000g\000t\000h\000s}{section.36.26}% 770
\BOOKMARK [2][-]{subsection.36.26.3}{\376\377\000G\000e\000n\000e\000r\000a\000l\000\040\000S\000e\000c\000o\000n\000d\000\040\000O\000r\000d\000e\000r\000\040\000D\000e\000r\000i\000v\000a\000t\000i\000v\000e\000s}{section.36.26}% 771
\BOOKMARK [2][-]{subsection.36.26.4}{\376\377\000S\000e\000c\000o\000n\000d\000\040\000G\000r\000a\000d\000e\000\040\000D\000e\000r\000i\000v\000a\000t\000i\000v\000e\000\040\000R\000e\000c\000u\000r\000s\000i\000v\000e\000\040\000E\000q\000u\000a\000t\000i\000o\000n\000s}{section.36.26}% 772
\BOOKMARK [1][-]{section.36.27}{\376\377\000G\000e\000n\000e\000r\000a\000l\000i\000z\000a\000c\000i\000o\000n\000e\000s}{chapter.36}% 773
\BOOKMARK [2][-]{subsection.36.27.1}{\376\377\000R\000S\000V\000C\000\040\000c\000o\000n\000\040\000d\000o\000s\000\040\000c\000o\000n\000e\000x\000i\000o\000n\000e\000s}{section.36.27}% 774
\BOOKMARK [2][-]{subsection.36.27.2}{\376\377\000F\000i\000r\000s\000t\000\040\000M\000o\000m\000e\000n\000t\000s\000\040\000o\000f\000\040\000t\000h\000e\000\040\000Q\000u\000e\000u\000e\000\040\000L\000e\000n\000g\000t\000h\000s}{section.36.27}% 775
\BOOKMARK [1][-]{section.36.28}{\376\377\000G\000e\000n\000e\000r\000a\000l\000i\000z\000a\000c\000i\000o\000n\000e\000s}{chapter.36}% 776
\BOOKMARK [2][-]{subsection.36.28.1}{\376\377\000R\000S\000V\000C\000\040\000c\000o\000n\000\040\000d\000o\000s\000\040\000c\000o\000n\000e\000x\000i\000o\000n\000e\000s}{section.36.28}% 777
\BOOKMARK [2][-]{subsection.36.28.2}{\376\377\000D\000e\000r\000i\000v\000a\000d\000a\000s\000\040\000d\000e\000\040\000O\000r\000d\000e\000n\000\040\000S\000u\000p\000e\000r\000i\000o\000r}{section.36.28}% 778
\BOOKMARK [1][-]{section.36.29}{\376\377\000T\000e\000o\000r\000\355\000a\000\040\000G\000e\000n\000e\000r\000a\000l}{chapter.36}% 779
\BOOKMARK [2][-]{subsection.36.29.1}{\376\377\000E\000c\000u\000a\000c\000i\000o\000n\000e\000s\000\040\000R\000e\000c\000u\000r\000s\000i\000v\000a\000s\000\040\000p\000a\000r\000a\000\040\000l\000a\000\040\000R\000S\000V\000C}{section.36.29}% 780
\BOOKMARK [2][-]{subsection.36.29.2}{\376\377\000D\000e\000r\000i\000v\000a\000d\000a\000s\000\040\000d\000e\000\040\000O\000r\000d\000e\000n\000\040\000S\000u\000p\000e\000r\000i\000o\000r}{section.36.29}% 781
\BOOKMARK [1][-]{section.36.30}{\376\377\000E\000j\000e\000m\000p\000l\000o\000s\000\040\000P\000a\000r\000t\000i\000c\000u\000l\000a\000r\000e\000s}{chapter.36}% 782
\BOOKMARK [2][-]{subsection.36.30.1}{\376\377\000A\000u\000t\000o\000m\000a\000t\000i\000z\000a\000c\000i\000\363\000n\000\040\000e\000n\000\040\000d\000o\000s\000\040\000l\000\355\000n\000e\000a\000s\000\040\000d\000e\000\040\000t\000r\000a\000b\000a\000j\000o}{section.36.30}% 783
\BOOKMARK [2][-]{subsection.36.30.2}{\376\377\000S\000i\000s\000t\000e\000m\000a\000\040\000d\000e\000\040\000S\000a\000l\000u\000d\000\040\000P\000\372\000b\000l\000i\000c\000a}{section.36.30}% 784
\BOOKMARK [2][-]{subsection.36.30.3}{\376\377\000R\000S\000V\000C\000\040\000c\000o\000n\000\040\000d\000o\000s\000\040\000c\000o\000n\000e\000x\000i\000o\000n\000e\000s}{section.36.30}% 785
\BOOKMARK [1][-]{section.36.31}{\376\377\000P\000r\000e\000l\000i\000m\000i\000n\000a\000r\000i\000e\000s\000:\000\040}{chapter.36}% 786
\BOOKMARK [1][-]{section.36.32}{\376\377\000M\000a\000i\000n\000\040\000R\000e\000s\000u\000l\000t\000\040\000a\000n\000d\000\040\000A\000n\000\040\000E\000x\000a\000m\000p\000l\000e}{chapter.36}% 787
\BOOKMARK [1][-]{section.36.33}{\376\377\000C\000o\000n\000c\000l\000u\000d\000i\000n\000g\000\040\000R\000e\000m\000a\000r\000k\000s}{chapter.36}% 788
\BOOKMARK [1][-]{section.36.34}{\376\377\000A\000p\000p\000e\000n\000d\000i\000x\000\040\000A\000:\000\040\000G\000a\000m\000b\000l\000e\000r\000'\000s\000\040\000r\000u\000i\000n\000\040\000p\000r\000o\000b\000l\000e\000m\000\040\000P\000r\000o\000o\000f}{chapter.36}% 789
\BOOKMARK [1][-]{section.36.35}{\376\377\000A\000p\000p\000e\000n\000d\000i\000x\000\040\000B\000:\000\040\000G\000e\000n\000e\000r\000a\000l\000\040\000C\000a\000s\000e\000\040\000C\000a\000l\000c\000u\000l\000a\000t\000i\000o\000n\000s\000\040\000E\000x\000h\000a\000u\000s\000t\000i\000v\000e\000\040\000P\000o\000l\000i\000c\000y}{chapter.36}% 790
\BOOKMARK [1][-]{section.36.36}{\376\377\000A\000p\000p\000e\000n\000d\000i\000x\000\040\000C\000:\000\040\000G\000e\000n\000e\000r\000a\000l\000\040\000C\000a\000s\000e\000\040\000C\000a\000l\000c\000u\000l\000a\000t\000i\000o\000n\000s\000\040\000G\000a\000t\000e\000d\000\040\000P\000o\000l\000i\000c\000y}{chapter.36}% 791
\BOOKMARK [1][-]{section.36.37}{\376\377\000R\000e\000s\000u\000l\000t\000a\000d\000o\000s\000\040\000N\000e\000c\000e\000s\000a\000r\000i\000o\000s}{chapter.36}% 792
\BOOKMARK [2][-]{subsection.36.37.1}{\376\377\000D\000e\000r\000i\000v\000a\000d\000a\000s\000\040\000d\000e\000\040\000S\000e\000g\000u\000n\000d\000o\000\040\000O\000r\000d\000e\000n\000\040\000p\000a\000r\000a\000\040\000F\0001}{section.36.37}% 793
\BOOKMARK [2][-]{subsection.36.37.2}{\376\377\000D\000e\000r\000i\000v\000a\000d\000a\000s\000\040\000d\000e\000\040\000S\000e\000g\000u\000n\000d\000o\000\040\000O\000r\000d\000e\000n\000\040\000p\000a\000r\000a\000\040\000F\0002}{section.36.37}% 794
\BOOKMARK [2][-]{subsection.36.37.3}{\376\377\000D\000e\000r\000i\000v\000a\000d\000a\000s\000\040\000d\000e\000\040\000S\000e\000g\000u\000n\000d\000o\000\040\000O\000r\000d\000e\000n\000\040\000p\000a\000r\000a\000\040\0001}{section.36.37}% 795
\BOOKMARK [2][-]{subsection.36.37.4}{\376\377\000D\000e\000r\000i\000v\000a\000d\000a\000s\000\040\000d\000e\000\040\000S\000e\000g\000u\000n\000d\000o\000\040\000O\000r\000d\000e\000n\000\040\000p\000a\000r\000a\000\040\0002}{section.36.37}% 796
